year,university,school,degree,Key,employment_rate_overall,employment_rate_ft_perm,basic_monthly_mean,basic_monthly_median,gross_monthly_mean,gross_monthly_median,gross_mthly_25_percentile,gross_mthly_75_percentile,gross_monthly_mean.1,gross_monthly_median.1,gross_mthly_25_percentile.1,gross_mthly_75_percentile.1
2013,Nanyang Technological University,College of Business (Nanyang Business School),Accountancy and Business,1,97.4,96.1,3701,3200,3727,3350,2900,4000,3727,3350,2900,4000
2013,Nanyang Technological University,College of Business (Nanyang Business School),Accountancy (3-yr direct Honours Programme),2,97.1,95.7,2850,2700,2938,2700,2700,2900,2938,2700,2700,2900
2013,Nanyang Technological University,College of Business (Nanyang Business School),Business (3-yr direct Honours Programme),3,90.9,85.7,3053,3000,3214,3000,2700,3500,3214,3000,2700,3500
2013,Nanyang Technological University,College of Business (Nanyang Business School),Business and Computing,4,87.5,87.5,3557,3400,3615,3400,3000,4100,3615,3400,3000,4100
2013,Nanyang Technological University,College of Engineering,Aerospace Engineering,5,95.3,95.3,3494,3500,3536,3500,3100,3816,3536,3500,3100,3816
2013,Nanyang Technological University,College of Engineering,Bioengineering,6,81.3,68.8,2952,2900,3166,3125,2893,3365,3166,3125,2893,3365
2013,Nanyang Technological University,College of Engineering,Chemical and Biomolecular Engineering,7,87.3,85.1,3235,3000,3377,3200,3000,3800,3377,3200,3000,3800
2013,Nanyang Technological University,College of Engineering,Computer Engineering,8,90.3,88.2,3326,3100,3374,3175,3000,3600,3374,3175,3000,3600
2013,Nanyang Technological University,College of Engineering,Civil Engineering,9,94.8,93.8,3091,3000,3182,3100,3000,3380,3182,3100,3000,3380
2013,Nanyang Technological University,College of Engineering,Computer Science,10,92.1,88.5,3249,3000,3306,3125,3000,3600,3306,3125,3000,3600
2013,Nanyang Technological University,College of Engineering,Electrical and Electronic Engineering,11,91,88.7,3133,3000,3187,3100,3000,3440,3187,3100,3000,3440
2013,Nanyang Technological University,College of Engineering,Environmental Engineering,12,84,81.5,3091,3000,3140,3000,3000,3300,3140,3000,3000,3300
2013,Nanyang Technological University,College of Engineering,Information Engineering and Media,13,85.7,79.6,3160,3150,3203,3200,2950,3400,3203,3200,2950,3400
2013,Nanyang Technological University,College of Engineering,Materials Engineering,14,82.5,78.9,2989,3000,3096,3000,2800,3300,3096,3000,2800,3300
2013,Nanyang Technological University,College of Engineering,Mechanical Engineering,15,91.6,89.5,3125,3000,3226,3100,3000,3500,3226,3100,3000,3500
2013,Nanyang Technological University,College of Engineering,Maritime Studies,16,95.6,93.3,3050,3000,3111,3000,2850,3200,3111,3000,2850,3200
2013,Nanyang Technological University,"College of Humanities, Arts & Social Sciences","Art, Design & Media",17,81.6,61.4,2639,2500,2638,2500,2300,2900,2638,2500,2300,2900
2013,Nanyang Technological University,"College of Humanities, Arts & Social Sciences",Chinese,18,85.1,80.5,2818,2800,2924,3000,2600,3300,2924,3000,2600,3300
2013,Nanyang Technological University,"College of Humanities, Arts & Social Sciences",Communication Studies,19,89.4,79.6,2893,2930,2956,3000,2700,3250,2956,3000,2700,3250
2013,Nanyang Technological University,"College of Humanities, Arts & Social Sciences",Economics,20,89.9,83.5,3085,3000,3148,3000,2800,3545,3148,3000,2800,3545
2013,Nanyang Technological University,"College of Humanities, Arts & Social Sciences",English,21,82.7,67.3,3087,3000,3179,3100,2800,3400,3179,3100,2800,3400
2013,Nanyang Technological University,"College of Humanities, Arts & Social Sciences",Linguistics and Multilingual Studies,22,90.6,81.3,2691,2600,2725,2625,2475,3018,2725,2625,2475,3018
2013,Nanyang Technological University,"College of Humanities, Arts & Social Sciences",Psychology,23,82.4,71.8,3007,3000,3061,3000,2750,3255,3061,3000,2750,3255
2013,Nanyang Technological University,"College of Humanities, Arts & Social Sciences",Sociology,24,74.4,55.8,2980,3000,3082,3100,2800,3310,3082,3100,2800,3310
2013,Nanyang Technological University,College of Sciences,Biomedical Sciences **,25,na,na,na,na,na,na,na,na,na,na,na,na
2013,Nanyang Technological University,College of Sciences,Biomedical Sciences (Traditional Chinese Medicine) #,26,90.7,88.4,2840,2800,2883,2807,2700,3000,2883,2807,2700,3000
2013,Nanyang Technological University,College of Sciences,Biological Sciences,27,78.6,68.1,2881,2900,3002,3000,2700,3250,3002,3000,2700,3250
2013,Nanyang Technological University,College of Sciences,Chemistry & Biological Chemistry,28,79.8,68.9,2993,3000,3083,3100,2800,3400,3083,3100,2800,3400
2013,Nanyang Technological University,College of Sciences,Mathematics & Economics **,29,na,na,na,na,na,na,na,na,na,na,na,na
2013,Nanyang Technological University,College of Sciences,Mathematical Science,30,86,83.7,3169,3000,3262,3000,2750,3500,3262,3000,2750,3500
2013,Nanyang Technological University,College of Sciences,Physics / Applied Physics,31,80.8,69.2,3164,3000,3208,3300,2900,3400,3208,3300,2900,3400
2013,Nanyang Technological University,College of Sciences,Sports Science and Management,32,68.2,59.1,2968,3000,2985,3000,2700,3400,2985,3000,2700,3400
2013,Nanyang Technological University,National Institute of Education (NIE),Science (with Education),33,100,100,3377,3400,3478,3498,3300,3800,3478,3498,3300,3800
2013,Nanyang Technological University,National Institute of Education (NIE),Arts (with Education),34,100,100,3413,3426,3506,3498,3400,3575,3506,3498,3400,3575
2013,National University of Singapore,Faculty of Arts & Social Sciences,Bachelor of Arts,35,84.8,70.1,2741,2730,2888,2800,2500,3080,2888,2800,2500,3080
2013,National University of Singapore,Faculty of Arts & Social Sciences,Bachelor of Arts (Hons),36,86.6,74.6,3057,3200,3154,3200,2800,3500,3154,3200,2800,3500
2013,National University of Singapore,Faculty of Arts & Social Sciences,Bachelor of Social Sciences,37,88.1,76.8,3098,3100,3210,3200,2800,3500,3210,3200,2800,3500
2013,National University of Singapore,NUS Business School,Bachelor of Business Administration,38,88.7,81.7,2960,2868,3062,3000,2700,3370,3062,3000,2700,3370
2013,National University of Singapore,NUS Business School,Bachelor of Business Administration (Hons),39,94.6,90.3,3404,3050,3512,3200,2800,3800,3512,3200,2800,3800
2013,National University of Singapore,NUS Business School,Bachelor of Business Administration (Accountancy),40,93.3,88.9,2740,2700,2922,2700,2700,3018,2922,2700,2700,3018
2013,National University of Singapore,NUS Business School,Bachelor of Business Administration (Accountancy) (Hons),41,97.2,94.4,3065,2800,3143,2800,2700,3200,3143,2800,2700,3200
2013,National University of Singapore,School of Computing,Bachelor of Computing (Communications and Media),42,88.9,77.8,3350,3000,3377,3050,2825,3425,3377,3050,2825,3425
2013,National University of Singapore,School of Computing,Bachelor of Computing (Computational Biology) **,43,na,na,na,na,na,na,na,na,na,na,na,na
2013,National University of Singapore,School of Computing,Bachelor of Computing (Computer Engineering) **,44,na,na,na,na,na,na,na,na,na,na,na,na
2013,National University of Singapore,School of Computing,Bachelor of Computing (Computer Science),45,92.4,83.3,3933,3400,3953,3425,3000,4000,3953,3425,3000,4000
2013,National University of Singapore,School of Computing,Bachelor of Computing (Electronic Commerce),46,88.9,83.3,3277,3050,3320,3080,2800,3553,3320,3080,2800,3553
2014,Nanyang Technological University,College of Engineering,Aerospace Engineering,47,84.6,82.7,3715,3700,3911,3770,3300,4070,3911,3770,3300,4070
2013,National University of Singapore,School of Computing,Bachelor of Computing (Information Systems),48,89.2,83.9,3266,3000,3322,3005,3000,3800,3322,3005,3000,3800
2013,National University of Singapore,Faculty of Dentistry,Bachelor of Dental Surgery,49,100,100,4106,4000,4106,4000,4000,4400,4106,4000,4000,4400
2013,National University of Singapore,School of Design & Environment,Bachelor of Arts (Architecture) ** #,50,na,na,na,na,na,na,na,na,na,na,na,na
2013,National University of Singapore,School of Design & Environment,Bachelor of Arts (Industrial Design),51,82.1,53.6,3007,2650,3023,2650,2400,3000,3023,2650,2400,3000
2013,National University of Singapore,School of Design & Environment,Bachelor of Science (Project and Facilities Management),52,96.8,96.8,2961,2980,3025,3000,2800,3200,3025,3000,2800,3200
2013,National University of Singapore,School of Design & Environment,Bachelor of Science (Real Estate),53,89.2,89.2,2839,2800,2988,2900,2600,3179,2988,2900,2600,3179
2013,National University of Singapore,Faculty of Engineering,Bachelor of Engineering (Bioengineering),54,74,60,2823,3000,3068,3000,2720,3250,3068,3000,2720,3250
2013,National University of Singapore,Faculty of Engineering,Bachelor of Engineering (Chemical Engineering),55,93.2,90,3245,3000,3359,3175,3000,3644,3359,3175,3000,3644
2013,National University of Singapore,Faculty of Engineering,Bachelor of Engineering (Civil Engineering),56,96.1,94.1,3140,3000,3154,3050,3000,3300,3154,3050,3000,3300
2013,National University of Singapore,Faculty of Engineering,Bachelor of Engineering (Computer Engineering),57,88.9,85.6,3592,3200,3653,3200,3000,3970,3653,3200,3000,3970
2013,National University of Singapore,Faculty of Engineering,Bachelor of Engineering (Electrical Engineering),58,88.5,88,3286,3100,3334,3200,3000,3600,3334,3200,3000,3600
2013,National University of Singapore,Faculty of Engineering,Bachelor of Engineering (Engineering Science),59,86.2,75.9,2940,3000,2960,3000,2800,3150,2960,3000,2800,3150
2013,National University of Singapore,Faculty of Engineering,Bachelor of Engineering (Environmental Engineering),60,93.8,87.5,3153,3100,3208,3110,3000,3500,3208,3110,3000,3500
2013,National University of Singapore,Faculty of Engineering,Bachelor of Engineering (Industrial and Systems Engineering),61,93.9,92.4,3330,3200,3397,3200,3000,3800,3397,3200,3000,3800
2013,National University of Singapore,Faculty of Engineering,Bachelor of Engineering (Materials Science and Engineering),62,90.9,87.9,3036,3000,3169,3000,3000,3260,3169,3000,3000,3260
2013,National University of Singapore,Faculty of Engineering,Bachelor of Engineering (Mechanical Engineering),63,89.1,87.2,3155,3000,3319,3225,3000,3500,3319,3225,3000,3500
2013,National University of Singapore,Faculty of Law,Bachelor of Laws (LLB) (Hons) #,64,98.8,98.2,4922,4800,5099,5000,4500,5800,5099,5000,4500,5800
2013,National University of Singapore,YLL School of Medicine,Bachelor of Medicine and Bachelor of Surgery (MBBS) #,65,100,100,4406,4500,4741,4500,4500,5200,4741,4500,4500,5200
2013,National University of Singapore,YLL School of Medicine,Bachelor of Science (Nursing),66,97.5,97.5,2687,2750,2886,2950,2700,3050,2886,2950,2700,3050
2013,National University of Singapore,YLL School of Medicine,Bachelor of Science (Nursing) (Hons),67,100,100,2896,3000,3042,3025,3000,3200,3042,3025,3000,3200
2013,National University of Singapore,Yong Siew Toh Conservatory of Music,Bachelor of Music **,68,na,na,na,na,na,na,na,na,na,na,na,na
2013,National University of Singapore,Faculty of Science,Bachelor of Applied Science **,69,na,na,na,na,na,na,na,na,na,na,na,na
2013,National University of Singapore,Faculty of Science,Bachelor of Applied Science (Hons),70,97.3,97.3,2850,2750,2925,2900,2600,3255,2925,2900,2600,3255
2013,National University of Singapore,Faculty of Science,Bachelor of Science,71,80.9,65.1,2726,2700,2804,2800,2600,3000,2804,2800,2600,3000
2013,National University of Singapore,Faculty of Science,Bachelor of Science (Hons),72,83.6,74,3101,3000,3217,3100,2868,3500,3217,3100,2868,3500
2013,National University of Singapore,Faculty of Science,Bachelor of Science (Computational Biology) **,73,na,na,na,na,na,na,na,na,na,na,na,na
2013,National University of Singapore,Faculty of Science,Bachelor of Science (Pharmacy) (Hons) #,74,96.4,96.4,3473,3500,3540,3500,3350,3750,3540,3500,3350,3750
2013,Singapore Management University,School of Accountancy (4-year programme) *,Accountancy (4-years programme),75,94.2,93.2,3231,2800,3342,2825,2700,3430,3342,2825,2700,3430
2013,Singapore Management University,School of Accountancy (4-year programme) *,Accountancy (4-years programme) Cum Laude and above,76,95.2,95.2,3580,2900,3634,3000,2700,3750,3634,3000,2700,3750
2013,Singapore Management University,School of Business (4-year programme) *,Business Management (4-years programme),77,93.2,87.3,3344,3000,3520,3200,2800,3750,3520,3200,2800,3750
2013,Singapore Management University,School of Business (4-year programme) *,Business Management (4-years programme) Cum Laude and above,78,95.9,93.8,3825,3500,3975,3580,3000,4100,3975,3580,3000,4100
2013,Singapore Management University,School of Economics (4-year programme) *,Economics (4-years programme),79,90.6,88.6,3389,3200,3513,3339,3000,3800,3513,3339,3000,3800
2013,Singapore Management University,School of Economics (4-year programme) *,Economics (4-years programme) Cum Laude and above,80,94,94,3731,3500,3820,3600,3250,4000,3820,3600,3250,4000
2013,Singapore Management University,School of Information Systems (4-year programme) *,Information Systems Management (4-years programme),81,93.6,89.5,3389,3300,3468,3300,3000,3800,3468,3300,3000,3800
2013,Singapore Management University,School of Information Systems (4-year programme) *,Information Systems Management (4-years programme) Cum Laude and above,82,100,90.9,3786,3725,3862,3800,3500,4000,3862,3800,3500,4000
2013,Singapore Management University,School of Social Sciences (4-year programme) *,Social Sciences (4-years programme),83,86.5,79.8,3122,3000,3150,3000,2600,3320,3150,3000,2600,3320
2013,Singapore Management University,School of Social Sciences (4-year programme) *,Social Sciences (4-years programme) Cum Laude and above,84,87.5,83.3,3251,3200,3267,3200,2800,3781,3267,3200,2800,3781
2013,Singapore Management University,School of Law (4-year programme) *,Law (4-years programme) #,85,100,100,5023,4800,5246,5000,4500,6000,5246,5000,4500,6000
2013,Singapore Management University,School of Law (4-year programme) *,Law (4-years programme) Cum Laude and above #,86,100,100,5329,5000,5617,5547,4750,6400,5617,5547,4750,6400
2014,Nanyang Technological University,College of Business (Nanyang Business School),Accountancy and Business,87,98.2,95.6,3539,3300,3597,3300,2900,4000,3597,3300,2900,4000
2014,Nanyang Technological University,College of Business (Nanyang Business School),Accountancy (3-yr direct Honours Programme),88,96.6,96.1,2981,2800,3003,2840,2700,3000,3003,2840,2700,3000
2014,Nanyang Technological University,College of Business (Nanyang Business School),Business (3-yr direct Honours Programme),89,89.6,80.2,3231,3000,3318,3100,2800,3600,3318,3100,2800,3600
2014,Nanyang Technological University,College of Business (Nanyang Business School),Business and Computing,90,92.9,89.3,3398,3400,3431,3450,3232,4000,3431,3450,3232,4000
2014,Nanyang Technological University,College of Engineering,Bioengineering,91,79.8,69.7,2998,3000,3188,3000,2825,3400,3188,3000,2825,3400
2014,Nanyang Technological University,College of Engineering,Chemical and Biomolecular Engineering,92,83.8,76.1,3296,3250,3415,3400,3200,3575,3415,3400,3200,3575
2014,Nanyang Technological University,College of Engineering,Computer Engineering,93,91.4,88.8,3423,3300,3512,3400,3200,3800,3512,3400,3200,3800
2014,Nanyang Technological University,College of Engineering,Civil Engineering,94,93.8,92.9,3122,3000,3152,3100,3000,3300,3152,3100,3000,3300
2014,Nanyang Technological University,College of Engineering,Computer Science,95,94.5,93.7,3269,3200,3304,3200,3000,3700,3304,3200,3000,3700
2014,Nanyang Technological University,College of Engineering,Electrical and Electronic Engineering,96,90.7,88.4,3241,3175,3336,3200,3000,3500,3336,3200,3000,3500
2014,Nanyang Technological University,College of Engineering,Environmental Engineering,97,88.9,82.2,3121,3000,3111,3000,3000,3500,3111,3000,3000,3500
2014,Nanyang Technological University,College of Engineering,Information Engineering and Media,98,85.7,73.2,3185,3000,3318,3200,3000,3600,3318,3200,3000,3600
2014,Nanyang Technological University,College of Engineering,Materials Engineering,99,82.5,77.7,3145,3000,3261,3150,3000,3410,3261,3150,3000,3410
2014,Nanyang Technological University,College of Engineering,Mechanical Engineering,100,90.2,87.8,3161,3000,3289,3100,3000,3500,3289,3100,3000,3500
2014,Nanyang Technological University,College of Engineering,Maritime Studies,101,92.5,92.5,3163,3050,3206,3050,3000,3500,3206,3050,3000,3500
2014,Nanyang Technological University,"College of Humanities, Arts & Social Sciences","Art, Design & Media",102,80,68,2761,2600,2791,2700,2300,3000,2791,2700,2300,3000
2014,Nanyang Technological University,"College of Humanities, Arts & Social Sciences",Chinese,103,86.8,75.8,2927,3000,3006,3000,2700,3300,3006,3000,2700,3300
2014,Nanyang Technological University,"College of Humanities, Arts & Social Sciences",Communication Studies,104,86.7,77.9,2891,2800,2976,3000,2600,3294,2976,3000,2600,3294
2014,Nanyang Technological University,"College of Humanities, Arts & Social Sciences",Economics,105,88.7,78.4,3183,3075,3222,3200,3000,3500,3222,3200,3000,3500
2014,Nanyang Technological University,"College of Humanities, Arts & Social Sciences",English,106,87,63,3137,3000,3432,3100,2800,3990,3432,3100,2800,3990
2014,Nanyang Technological University,"College of Humanities, Arts & Social Sciences",Linguistics and Multilingual Studies,107,85.7,66.7,3066,3000,3148,3230,2800,3500,3148,3230,2800,3500
2014,Nanyang Technological University,"College of Humanities, Arts & Social Sciences",Psychology,108,66.7,54.9,3197,3100,3228,3100,2800,3500,3228,3100,2800,3500
2014,Nanyang Technological University,"College of Humanities, Arts & Social Sciences",Sociology,109,73.2,67.9,3002,3000,3143,3100,2800,3260,3143,3100,2800,3260
2014,Nanyang Technological University,College of Sciences,Biomedical Science **,110,na,na,na,na,na,na,na,na,na,na,na,na
2014,Nanyang Technological University,College of Sciences,Biomedical Science (Traditional Chinese Medicine) #,111,100,100,2974,2900,3018,2900,2786,3400,3018,2900,2786,3400
2014,Nanyang Technological University,College of Sciences,Biological Sciences,112,75.1,60.8,3083,3000,3174,3000,2800,3400,3174,3000,2800,3400
2014,Nanyang Technological University,College of Sciences,Chemistry & Biological Chemistry,113,80.5,68.3,3006,3000,3321,3100,2800,3400,3321,3100,2800,3400
2014,Nanyang Technological University,College of Sciences,Mathematics & Economics,114,88.4,87,3155,3200,3142,3200,2800,3500,3142,3200,2800,3500
2014,Nanyang Technological University,College of Sciences,Mathematical Science,115,91.3,79.7,3022,3000,3078,3200,2800,3300,3078,3200,2800,3300
2014,Nanyang Technological University,College of Sciences,Physics / Applied Physics,116,73.7,63.2,3034,3000,3241,3100,2800,3560,3241,3100,2800,3560
2014,Nanyang Technological University,College of Sciences,Sports Science and Management,117,87.9,69.7,3076,2800,3229,3000,2700,3590,3229,3000,2700,3590
2014,Nanyang Technological University,National Institute of Education (NIE),Science (with Education),118,100,100,3358,3400,3475,3475,3400,3750,3475,3475,3400,3750
2014,Nanyang Technological University,National Institute of Education (NIE),Arts (with Education),119,100,100,3388,3400,3536,3475,3400,3700,3536,3475,3400,3700
2014,National University of Singapore,Faculty of Arts & Social Sciences,Bachelor of Arts,120,81.9,65.3,2719,2750,2883,2800,2500,3010,2883,2800,2500,3010
2014,National University of Singapore,Faculty of Arts & Social Sciences,Bachelor of Arts (Hons),121,83.1,76.6,3141,3210,3277,3300,3000,3600,3277,3300,3000,3600
2014,National University of Singapore,Faculty of Arts & Social Sciences,Bachelor of Social Sciences,122,88.7,80.1,3192,3200,3304,3250,3000,3600,3304,3250,3000,3600
2014,National University of Singapore,NUS Business School,Bachelor of Business Administration,123,87.9,83.6,3234,3000,3367,3000,2800,3300,3367,3000,2800,3300
2014,National University of Singapore,NUS Business School,Bachelor of Business Administration (Hons),124,94.4,90.6,3979,3500,4090,3520,3200,4300,4090,3520,3200,4300
2014,National University of Singapore,NUS Business School,Bachelor of Business Administration (Accountancy),125,93.9,89.8,2836,2800,2989,2838,2700,3000,2989,2838,2700,3000
2014,National University of Singapore,NUS Business School,Bachelor of Business Administration (Accountancy) (Hons),126,100,96.3,3350,2850,3407,2912,2800,3614,3407,2912,2800,3614
2014,National University of Singapore,School of Computing,Bachelor of Computing (Communications and Media),127,82.1,82.1,3107,3000,3129,3088,2900,3300,3129,3088,2900,3300
2014,National University of Singapore,School of Computing,Bachelor of Computing (Computational Biology) **,128,na,na,na,na,na,na,na,na,na,na,na,na
2014,National University of Singapore,School of Computing,Bachelor of Computing (Computer Engineering) **,129,na,na,na,na,na,na,na,na,na,na,na,na
2014,National University of Singapore,School of Computing,Bachelor of Computing (Computer Science),130,90.6,85.9,3729,3500,3712,3500,3300,4000,3712,3500,3300,4000
2014,National University of Singapore,School of Computing,Bachelor of Computing (Electronic Commerce),131,85.7,85.7,3183,3000,3386,3200,3000,3500,3386,3200,3000,3500
2014,National University of Singapore,School of Computing,Bachelor of Computing (Information Systems),132,95.5,92,3684,3352,3789,3500,3100,4039,3789,3500,3100,4039
2014,National University of Singapore,Faculty of Dentistry,Bachelor of Dental Surgery,133,100,100,4054,4000,4054,4000,4000,4020,4054,4000,4000,4020
2014,National University of Singapore,School of Design & Environment,Bachelor of Arts (Architecture) #,134,98.4,95.2,4290,4200,4400,4275,4000,4750,4400,4275,4000,4750
2014,National University of Singapore,School of Design & Environment,Bachelor of Arts (Industrial Design),135,77.3,59.1,2600,2550,2603,2565,2200,3000,2603,2565,2200,3000
2014,National University of Singapore,School of Design & Environment,Bachelor of Science (Project and Facilities Management),136,95.3,94.1,3089,3000,3181,3000,2900,3360,3181,3000,2900,3360
2014,National University of Singapore,School of Design & Environment,Bachelor of Science (Real Estate),137,93.1,89.2,2931,2950,3108,3000,2750,3300,3108,3000,2750,3300
2014,National University of Singapore,Faculty of Engineering,Bachelor of Engineering (Biomedical Engineering) ^^,138,87.5,77.1,2966,3000,3058,3000,2700,3300,3058,3000,2700,3300
2014,National University of Singapore,Faculty of Engineering,Bachelor of Engineering (Chemical Engineering),139,83.9,76.4,3277,3200,3434,3300,3000,3650,3434,3300,3000,3650
2014,National University of Singapore,Faculty of Engineering,Bachelor of Engineering (Civil Engineering),140,97.1,97.1,3212,3200,3281,3208,3000,3500,3281,3208,3000,3500
2014,National University of Singapore,Faculty of Engineering,Bachelor of Engineering (Computer Engineering),141,95.2,92.4,3674,3500,3762,3500,3200,4080,3762,3500,3200,4080
2014,National University of Singapore,Faculty of Engineering,Bachelor of Engineering (Electrical Engineering),142,90.6,88.1,3306,3200,3571,3300,3000,3800,3571,3300,3000,3800
2014,National University of Singapore,Faculty of Engineering,Bachelor of Engineering (Engineering Science),143,81.3,62.5,3375,3300,3465,3400,3275,3790,3465,3400,3275,3790
2014,National University of Singapore,Faculty of Engineering,Bachelor of Engineering (Environmental Engineering),144,95.2,92.9,3250,3200,3215,3230,3000,3422,3215,3230,3000,3422
2014,National University of Singapore,Faculty of Engineering,Bachelor of Engineering (Industrial and Systems Engineering),145,96.5,96.5,3591,3350,3719,3600,3200,4000,3719,3600,3200,4000
2014,National University of Singapore,Faculty of Engineering,Bachelor of Engineering (Materials Science and Engineering),146,78.6,73.8,3054,3100,3350,3300,3000,3600,3350,3300,3000,3600
2014,National University of Singapore,Faculty of Engineering,Bachelor of Engineering (Mechanical Engineering),147,90,88.5,3160,3100,3323,3200,3000,3500,3323,3200,3000,3500
2014,National University of Singapore,Faculty of Law,Bachelor of Laws (LLB) (Hons) #,148,98.2,97.6,5027,5000,5247,5150,4800,5800,5247,5150,4800,5800
2014,National University of Singapore,YLL School of Medicine,Bachelor of Medicine and Bachelor of Surgery #,149,100,100,4404,4500,4886,5000,4500,5200,4886,5000,4500,5200
2014,National University of Singapore,YLL School of Medicine,Bachelor of Science (Nursing),150,100,95.6,2976,3000,3188,3200,3050,3386,3188,3200,3050,3386
2014,National University of Singapore,YLL School of Medicine,Bachelor of Science (Nursing) (Hons),151,100,100,3123,3270,3353,3500,3270,3600,3353,3500,3270,3600
2014,National University of Singapore,Yong Siew Toh Conservatory of Music,Bachelor of Music **,152,na,na,na,na,na,na,na,na,na,na,na,na
2014,National University of Singapore,Faculty of Science,Bachelor of Applied Science **,153,na,na,na,na,na,na,na,na,na,na,na,na
2014,National University of Singapore,Faculty of Science,Bachelor of Applied Science (Hons),154,95.5,81.8,2760,2750,2831,2800,2600,3000,2831,2800,2600,3000
2014,National University of Singapore,Faculty of Science,Bachelor of Science,155,76.8,61.4,2804,2800,2973,3000,2700,3200,2973,3000,2700,3200
2014,National University of Singapore,Faculty of Science,Bachelor of Science (Hons),156,86.6,75.8,3224,3200,3328,3210,2950,3600,3328,3210,2950,3600
2014,National University of Singapore,Faculty of Science,Bachelor of Science (Computational Biology) **,157,na,na,na,na,na,na,na,na,na,na,na,na
2014,National University of Singapore,Faculty of Science,Bachelor of Science (Pharmacy) (Hons) #,158,98.9,96.7,3467,3500,3670,3630,3470,4000,3670,3630,3470,4000
2014,Singapore Management University,School of Accountancy (4-year programme) *,Accountancy (4-year programme),159,93.6,91.4,3375,2850,3420,2875,2722,3614,3420,2875,2722,3614
2014,Singapore Management University,School of Accountancy (4-year programme) *,Accountancy (4-year programme) Cum Laude and above,160,97.4,96.1,3871,3450,3903,3500,2875,4300,3903,3500,2875,4300
2014,Singapore Management University,School of Business (4-year programme) *,Business Management (4-year programme),161,90.9,86.4,3630,3250,3752,3333,3000,4000,3752,3333,3000,4000
2014,Singapore Management University,School of Business (4-year programme) *,Business Management (4-year programme) Cum Laude and above,162,94.5,94,4019,3500,4116,3600,3200,4500,4116,3600,3200,4500
2014,Singapore Management University,School of Economics (4-year programme) *,Economics (4-year programme),163,90.2,83.9,3525,3500,3645,3500,3175,4000,3645,3500,3175,4000
2014,Singapore Management University,School of Economics (4-year programme) *,Economics (4-year programme) Cum Laude and above,164,90.6,89.1,3815,3800,3824,3800,3300,4350,3824,3800,3300,4350
2014,Singapore Management University,School of Information Systems (4-year programme) *,Information Systems Management (4-year programme),165,92.9,80.6,3431,3225,3530,3350,3000,4000,3530,3350,3000,4000
2014,Singapore Management University,School of Information Systems (4-year programme) *,Information Systems Management (4-year programme) Cum Laude and above,166,97.4,84.2,4057,4000,4151,4050,3500,4540,4151,4050,3500,4540
2014,Singapore Management University,School of Social Sciences (4-year programme) *,Social Sciences (4-year programme),167,90.9,84.1,2981,3000,3166,3000,2800,3580,3166,3000,2800,3580
2014,Singapore Management University,School of Social Sciences (4-year programme) *,Social Sciences (4-year programme) Cum Laude and above,168,87.5,81.3,3331,3215,3545,3590,3000,3955,3545,3590,3000,3955
2014,Singapore Management University,School of Law (4-year programme) *,Law (4-year programme) #,169,97.8,95.6,4932,4800,5332,5025,4600,5950,5332,5025,4600,5950
2014,Singapore Management University,School of Law (4-year programme) *,Law (4-year programme) Cum Laude and above #,170,97.7,97.7,5089,4900,5571,5800,4800,6000,5571,5800,4800,6000
2014,Singapore Institute of Technology,DigiPen Institute of Technology,Bachelor of Arts in Game Design,171,100,86.7,2490,2700,2490,2700,2575,2800,2490,2700,2575,2800
2014,Singapore Institute of Technology,DigiPen Institute of Technology,Bachelor of Fine Arts in Digital Arts & Animation,172,90.6,84.4,2586,2600,2603,2600,2300,2885,2603,2600,2300,2885
2014,Singapore Institute of Technology,DigiPen Institute of Technology,Bachelor of Science in Computer Science & Game Design,173,100,100,2932,2875,2955,2975,2800,3075,2955,2975,2800,3075
2014,Singapore Institute of Technology,DigiPen Institute of Technology,Bachelor of Science in Computer Science in Real-Time Interactive Simulation,174,100,100,2859,3000,2910,3000,2700,3300,2910,3000,2700,3300
2014,Singapore Institute of Technology,The Glasgow School of Art,Bachelor of Arts with Honours in Communication Design,175,89.1,78.3,2547,2500,2595,2500,2400,2800,2595,2500,2400,2800
2014,Singapore Institute of Technology,The Glasgow School of Art,Bachelor of Arts with Honours in Interior Design,176,93.9,90.9,2553,2500,2583,2500,2373,2800,2583,2500,2373,2800
2014,Singapore Institute of Technology,Newcastle University,Bachelor of Engineering with Honours in Chemical Engineering,177,90.1,84.5,3041,3000,3325,3300,3000,3650,3325,3300,3000,3650
2014,Singapore Institute of Technology,Newcastle University,Bachelor of Engineering with Honours in Marine Engineering,178,92.6,88.9,3208,3100,3334,3260,3003,3594,3334,3260,3003,3594
2014,Singapore Institute of Technology,Newcastle University,Bachelor of Engineering with Honours in Mechanical Design & Manufacturing Engineering,179,97.1,85.7,3196,3000,3273,3100,3000,3338,3273,3100,3000,3338
2014,Singapore Institute of Technology,Newcastle University,Bachelor of Engineering with Honours in Naval Architecture,180,100,94.1,3293,3355,3467,3500,3233,3675,3467,3500,3233,3675
2014,Singapore Institute of Technology,Newcastle University,Bachelor of Engineering with Honours in Offshore Engineering,181,91.3,91.3,3311,3200,3467,3300,3075,3625,3467,3300,3075,3625
2014,Singapore Institute of Technology,Newcastle University,Bachelor of Science with Honours in Food & Human Nutrition,182,75,61.4,2806,2750,2854,2800,2500,3170,2854,2800,2500,3170
2014,Singapore Institute of Technology,Technische Universität München,Bachelor of Science in Chemical Engineering,183,86.7,86.7,2954,2900,3285,3200,2950,3755,3285,3200,2950,3755
2014,Singapore Institute of Technology,Technische Universität München,Bachelor of Science in Electrical Engineering & Information Technology,184,85.7,82.1,3072,2900,3141,3000,2800,3480,3141,3000,2800,3480
2014,Singapore Institute of Technology,The Culinary Institute of America,Bachelor of Professional Studies in Culinary Arts Management,185,89.3,89.3,2430,2400,2503,2500,2200,2600,2503,2500,2200,2600
2014,Singapore Institute of Technology,Trinity College Dublin,Bachelor in Science (Occupational Therapy),186,100,100,3127,3100,3151,3100,3000,3338,3151,3100,3000,3338
2014,Singapore Institute of Technology,Trinity College Dublin,Bachelor in Science (Physiotherapy),187,100,100,3204,3200,3229,3200,3000,3500,3229,3200,3000,3500
2014,Singapore Institute of Technology,University of Glasgow,Bachelor of Engineering with Honours in Aeronautical Engineering,188,88,88,3396,3000,3415,3000,2849,4194,3415,3000,2849,4194
2014,Singapore Institute of Technology,University of Glasgow,Bachelor of Engineering with Honours in Aerospace Systems,189,85.7,75,3217,3100,3333,3150,2900,3500,3333,3150,2900,3500
2014,Singapore Institute of Technology,University of Glasgow,Bachelor of Engineering with Honours in Mechanical Design Engineering,190,92.3,92.3,3229,3000,3424,3250,2950,3556,3424,3250,2950,3556
2014,Singapore Institute of Technology,University of Glasgow,Bachelor of Engineering with Honours in Mechatronics,191,93,87.3,3067,3050,3209,3100,2964,3443,3209,3100,2964,3443
2014,Singapore Institute of Technology,University of Manchester,Bachelor of Science with Honours in Nursing Practice,192,97.2,94.4,3230,3260,3464,3511,3115,3860,3464,3511,3115,3860
2014,Singapore Institute of Technology,"University of Nevada, Las Vegas",Bachelor of Science (Major in Hospitality Management),193,88.8,78,2445,2500,2634,2500,2300,2900,2634,2500,2300,2900
2014,Singapore Institute of Technology,Wheelock College,Bachelor of Science in Early Childhood Education,194,97.1,97.1,2509,2600,2553,2600,2475,2613,2553,2600,2475,2613
2015,Nanyang Technological University,College of Business (Nanyang Business School),Accountancy and Business,195,98.6,97.3,4225,3500,4438,3770,3000,4850,4438,3770,3000,4850
2015,Nanyang Technological University,College of Business (Nanyang Business School),Accountancy (3-yr direct Honours Programme),196,97.3,96.5,3182,2850,3240,2875,2850,3125,3240,2875,2850,3125
2015,Nanyang Technological University,College of Business (Nanyang Business School),Business (3-yr direct Honours Programme),197,92.2,87.6,3343,3100,3502,3200,2900,3700,3502,3200,2900,3700
2015,Nanyang Technological University,College of Business (Nanyang Business School),Business and Computing,198,100,100,4036,4184,4395,4583,3800,4876,4395,4583,3800,4876
2015,Nanyang Technological University,College of Engineering,Aerospace Engineering,199,86,86,3699,3650,3724,3700,3450,4000,3724,3700,3450,4000
2015,Nanyang Technological University,College of Engineering,Aerospace Engineering and Economics **,200,na,na,na,na,na,na,na,na,na,na,na,na
2015,Nanyang Technological University,College of Engineering,Bioengineering,201,92.6,76.5,3079,3000,3197,3113,2900,3450,3197,3113,2900,3450
2015,Nanyang Technological University,College of Engineering,Business and Computer Engineering **,202,na,na,na,na,na,na,na,na,na,na,na,na
2015,Nanyang Technological University,College of Engineering,Chemical And Biomolecular Engineering,203,86.8,80.9,3156,3100,3373,3300,3000,3600,3373,3300,3000,3600
2015,Nanyang Technological University,College of Engineering,Chemical And Biomolecular Engineering and Economics **,204,na,na,na,na,na,na,na,na,na,na,na,na
2015,Nanyang Technological University,College of Engineering,Computer Engineering,205,85.1,83,3489,3350,3577,3500,3200,4000,3577,3500,3200,4000
2015,Nanyang Technological University,College of Engineering,Civil Engineering,206,95.3,93,3125,3100,3206,3200,3000,3300,3206,3200,3000,3300
2015,Nanyang Technological University,College of Engineering,Computer Science,207,92.4,91.4,3489,3300,3535,3300,3150,3800,3535,3300,3150,3800
2015,Nanyang Technological University,College of Engineering,Electrical And Electronic Engineering,208,88.6,86.2,3345,3200,3446,3300,3000,3690,3446,3300,3000,3690
2015,Nanyang Technological University,College of Engineering,Environmental Engineering,209,89.7,82.1,3472,3200,3673,3300,3000,3835,3673,3300,3000,3835
2015,Nanyang Technological University,College of Engineering,Environmental Engineering and Economics **,210,na,na,na,na,na,na,na,na,na,na,na,na
2015,Nanyang Technological University,College of Engineering,Information Engineering And Media,211,87.3,80,3271,3200,3375,3275,3000,3500,3375,3275,3000,3500
2015,Nanyang Technological University,College of Engineering,Information Engineering And Media and Economics **,212,na,na,na,na,na,na,na,na,na,na,na,na
2015,Nanyang Technological University,College of Engineering,Materials Engineering,213,82.9,76.8,3213,3100,3397,3200,3000,3600,3397,3200,3000,3600
2015,Nanyang Technological University,College of Engineering,Mechanical Engineering,214,88,80.7,3248,3200,3388,3250,3000,3600,3388,3250,3000,3600
2015,Nanyang Technological University,College of Engineering,Mechanical Engineering and Economics **,215,na,na,na,na,na,na,na,na,na,na,na,na
2015,Nanyang Technological University,College of Engineering,Maritime Studies,216,95,95,3249,3200,3271,3200,3000,3300,3271,3200,3000,3300
2015,Nanyang Technological University,"College of Humanities, Arts & Social Sciences","Art, Design & Media",217,79.3,56.9,3284,2800,3457,2800,2200,3000,3457,2800,2200,3000
2015,Nanyang Technological University,"College of Humanities, Arts & Social Sciences",Chinese,218,81.8,76.6,2978,3000,3045,3200,2800,3500,3045,3200,2800,3500
2015,Nanyang Technological University,"College of Humanities, Arts & Social Sciences",Communication Studies,219,85.1,74.4,2921,2900,3008,3000,2600,3330,3008,3000,2600,3330
2015,Nanyang Technological University,"College of Humanities, Arts & Social Sciences",Economics,220,87.4,75.9,3322,3200,3496,3300,3000,3800,3496,3300,3000,3800
2015,Nanyang Technological University,"College of Humanities, Arts & Social Sciences",English,221,88,74,3238,3000,3322,3314,2604,3743,3322,3314,2604,3743
2015,Nanyang Technological University,"College of Humanities, Arts & Social Sciences",Linguistics And Multilingual Studies,222,88.4,55.8,3475,3000,3753,3000,2800,3600,3753,3000,2800,3600
2015,Nanyang Technological University,"College of Humanities, Arts & Social Sciences",Psychology,223,73.3,52,3099,3121,3264,3200,2800,3562,3264,3200,2800,3562
2015,Nanyang Technological University,"College of Humanities, Arts & Social Sciences",Sociology,224,85.7,79.4,3260,3000,3402,3125,2700,3600,3402,3125,2700,3600
2015,Nanyang Technological University,College of Sciences,Biomedical Science (Traditional Chinese Medicine) #,225,100,100,2832,2800,2882,2800,2500,3105,2882,2800,2500,3105
2015,Nanyang Technological University,College of Sciences,Biological Sciences,226,74.6,65.3,3117,3000,3229,3190,2875,3600,3229,3190,2875,3600
2015,Nanyang Technological University,College of Sciences,Chemistry & Biological Chemistry,227,83.9,72.3,2960,2900,3139,3000,2800,3500,3139,3000,2800,3500
2015,Nanyang Technological University,College of Sciences,Mathematics & Economics,228,95.3,84.4,3291,3000,3440,3205,2925,3500,3440,3205,2925,3500
2015,Nanyang Technological University,College of Sciences,Mathematical Science,229,81.8,72.7,3254,3125,3402,3240,2950,3500,3402,3240,2950,3500
2015,Nanyang Technological University,College of Sciences,Physics / Applied Physics,230,82.1,69.6,3098,3000,3186,3200,2900,3400,3186,3200,2900,3400
2015,Nanyang Technological University,College of Sciences,Sports Science and Management,231,90.7,72.1,3232,3000,3307,3295,2900,3600,3307,3295,2900,3600
2015,Nanyang Technological University,National Institute of Education (NIE),Science (with Education),232,100,100,3496,3500,3604,3504,3500,3855,3604,3504,3500,3855
2015,Nanyang Technological University,National Institute of Education (NIE),Arts (with Education),233,100,100,3551,3500,3622,3500,3500,3605,3622,3500,3500,3605
2015,National University of Singapore,Faculty of Arts & Social Sciences,Bachelor of Arts,234,88.4,74.6,2839,2880,2999,3000,2700,3215,2999,3000,2700,3215
2015,National University of Singapore,Faculty of Arts & Social Sciences,Bachelor of Arts (Hons),235,83,70.5,3266,3310,3310,3310,3000,3625,3310,3310,3000,3625
2015,National University of Singapore,Faculty of Arts & Social Sciences,Bachelor of Social Sciences,236,88.6,79.8,3317,3300,3442,3310,3000,3686,3442,3310,3000,3686
2015,National University of Singapore,NUS Business School,Bachelor of Business Administration,237,88.2,80.3,3164,3000,3341,3000,2800,3700,3341,3000,2800,3700
2015,National University of Singapore,NUS Business School,Bachelor of Business Administration (Hons),238,96,93.1,4173,3750,4326,3800,3300,4600,4326,3800,3300,4600
2015,National University of Singapore,NUS Business School,Bachelor of Business Administration (Accountancy),239,97.6,97.6,2817,2850,2983,2850,2700,2960,2983,2850,2700,2960
2015,National University of Singapore,NUS Business School,Bachelor of Business Administration (Accountancy) (Hons),240,98.6,98.6,3547,3000,3587,3000,2850,3634,3587,3000,2850,3634
2015,National University of Singapore,School of Computing,Bachelor of Computing (Communications and Media),241,92.6,85.2,3230,3500,3291,3500,2800,3800,3291,3500,2800,3800
2015,National University of Singapore,School of Computing,Bachelor of Computing (Computational Biology) **,242,na,na,na,na,na,na,na,na,na,na,na,na
2015,National University of Singapore,School of Computing,Bachelor of Computing (Computer Engineering) **,243,na,na,na,na,na,na,na,na,na,na,na,na
2015,National University of Singapore,School of Computing,Bachelor of Computing (Computer Science),244,97,95,3847,3700,3890,3700,3300,4400,3890,3700,3300,4400
2015,National University of Singapore,School of Computing,Bachelor of Computing (Electronic Commerce),245,90.3,87.1,3255,3300,3301,3300,3000,3500,3301,3300,3000,3500
2015,National University of Singapore,School of Computing,Bachelor of Computing (Information Systems),246,97.2,97.2,3597,3500,3699,3550,3200,4100,3699,3550,3200,4100
2015,National University of Singapore,Faculty of Dentistry,Bachelor of Dental Surgery,247,100,100,4053,4000,4083,4000,4000,4400,4083,4000,4000,4400
2015,National University of Singapore,School of Design & Environment,Bachelor of Arts (Architecture) #,248,97.6,96.4,4054,4114,4099,4127,3700,4500,4099,4127,3700,4500
2015,National University of Singapore,School of Design & Environment,Bachelor of Arts (Industrial Design),249,72,60,2907,3000,2908,3000,2700,3200,2908,3000,2700,3200
2015,National University of Singapore,School of Design & Environment,Bachelor of Science (Project and Facilities Management),250,94.3,90.8,2989,3000,3067,3000,2800,3215,3067,3000,2800,3215
2015,National University of Singapore,School of Design & Environment,Bachelor of Science (Real Estate),251,93.9,89.6,3146,3000,3325,3100,2810,3500,3325,3100,2810,3500
2015,National University of Singapore,Faculty of Engineering,Bachelor of Engineering (Biomedical Engineering),252,86.2,75.9,3256,3200,3357,3300,3000,3500,3357,3300,3000,3500
2015,National University of Singapore,Faculty of Engineering,Bachelor of Engineering (Chemical Engineering),253,86,82.9,3400,3300,3529,3500,3000,4000,3529,3500,3000,4000
2015,National University of Singapore,Faculty of Engineering,Bachelor of Engineering (Civil Engineering),254,96.5,95.3,3300,3300,3366,3350,3200,3500,3366,3350,3200,3500
2015,National University of Singapore,Faculty of Engineering,Bachelor of Engineering (Computer Engineering),255,91.8,90.6,4119,4000,4252,4000,3325,4583,4252,4000,3325,4583
2015,National University of Singapore,Faculty of Engineering,Bachelor of Engineering (Electrical Engineering),256,92.1,90.4,3452,3200,3589,3300,3000,3700,3589,3300,3000,3700
2015,National University of Singapore,Faculty of Engineering,Bachelor of Engineering (Engineering Science),257,82.6,73.9,3768,3735,3812,3800,3500,4420,3812,3800,3500,4420
2015,National University of Singapore,Faculty of Engineering,Bachelor of Engineering (Environmental Engineering),258,88.1,85.7,3318,3430,3337,3450,3000,3670,3337,3450,3000,3670
2015,National University of Singapore,Faculty of Engineering,Bachelor of Engineering (Industrial and Systems Engineering),259,96.1,94.7,3624,3475,3724,3500,3300,4030,3724,3500,3300,4030
2015,National University of Singapore,Faculty of Engineering,Bachelor of Engineering (Materials Science and Engineering),260,100,95,3121,3200,3391,3350,3050,3790,3391,3350,3050,3790
2015,National University of Singapore,Faculty of Engineering,Bachelor of Engineering (Mechanical Engineering),261,83.3,80,3279,3200,3422,3300,3000,3600,3422,3300,3000,3600
2015,National University of Singapore,Faculty of Law,Bachelor of Laws (L.L.B) (Hons) #,262,96.9,96.9,4866,4600,4910,4700,4200,5800,4910,4700,4200,5800
2015,National University of Singapore,YLL School of Medicine,Bachelor of Medicine and Bachelor of Surgery #,263,100,100,4352,4500,4729,4900,4500,5000,4729,4900,4500,5000
2015,National University of Singapore,YLL School of Medicine,Bachelor of Science (Nursing),264,97.3,97.3,3175,3200,3356,3400,3200,3445,3356,3400,3200,3445
2015,National University of Singapore,YLL School of Medicine,Bachelor of Science (Nursing) (Hons),265,100,100,3219,3200,3466,3435,3300,3700,3466,3435,3300,3700
2015,National University of Singapore,Yong Siew Toh Conservatory of Music,Bachelor of Music,266,82.4,41.2,3244,3200,3344,3300,3000,3600,3344,3300,3000,3600
2015,National University of Singapore,Faculty of Science,Bachelor of Applied Science **,267,na,na,na,na,na,na,na,na,na,na,na,na
2015,National University of Singapore,Faculty of Science,Bachelor of Applied Science (Hons),268,85.2,77.8,3203,3000,3355,3100,3000,4000,3355,3100,3000,4000
2015,National University of Singapore,Faculty of Science,Bachelor of Science,269,84.3,64.2,2859,2900,3052,3000,2620,3200,3052,3000,2620,3200
2015,National University of Singapore,Faculty of Science,Bachelor of Science (Hons),270,83.9,76.2,3245,3200,3321,3300,3000,3600,3321,3300,3000,3600
2015,National University of Singapore,Faculty of Science,Bachelor of Science (Computational Biology) **,271,na,na,na,na,na,na,na,na,na,na,na,na
2015,National University of Singapore,Faculty of Science,Bachelor of Science (Pharmacy) (Hons) #,272,99,97.9,3431,3500,3717,3500,3400,3929,3717,3500,3400,3929
2015,National University of Singapore,Multi-Disciplinary Programme,Bachelor of Environmental Studies,273,71.9,59.4,3400,3462,3433,3500,3238,3550,3433,3500,3238,3550
2015,Singapore Management University,School of Accountancy (4-year programme) *,Accountancy,274,97.3,93,3287,2900,3427,3000,2850,3500,3427,3000,2850,3500
2015,Singapore Management University,School of Accountancy (4-year programme) *,Accountancy Cum Laude and above,275,97.7,97.7,3597,3100,3701,3200,2850,4110,3701,3200,2850,4110
2015,Singapore Management University,School of Business (4-year programme) *,Business Management,276,93.9,88.2,3513,3200,3611,3300,3000,4000,3611,3300,3000,4000
2015,Singapore Management University,School of Business (4-year programme) *,Business Management Cum Laude and above,277,98.3,93.3,4050,3800,4130,3868,3200,4600,4130,3868,3200,4600
2015,Singapore Management University,School of Economics (4-year programme) *,Economics,278,90.3,85.8,3798,3500,3946,3500,3200,4100,3946,3500,3200,4100
2015,Singapore Management University,School of Economics (4-year programme) *,Economics Cum Laude and above,279,98.2,92.7,4249,3800,4380,3850,3500,4700,4380,3850,3500,4700
2015,Singapore Management University,School of Information Systems (4-year programme) *,Information Systems Management,280,94.8,85.9,3491,3500,3660,3500,3200,4110,3660,3500,3200,4110
2015,Singapore Management University,School of Information Systems (4-year programme) *,Information Systems Management Cum Laude and above,281,97.4,92.1,3577,3800,3834,3800,3500,4166,3834,3800,3500,4166
2015,Singapore Management University,School of Social Sciences (4-year programme) *,Social Sciences,282,89,83,3306,3100,3550,3200,2980,3600,3550,3200,2980,3600
2015,Singapore Management University,School of Social Sciences (4-year programme) *,Social Sciences Cum Laude and above,283,93.1,89.7,3887,3500,4012,3560,3300,4583,4012,3560,3300,4583
2015,Singapore Management University,School of Law (4-year programme) *,Law #,284,99,99,4889,4600,4997,4731,4350,5800,4997,4731,4350,5800
2015,Singapore Management University,School of Law (4-year programme) *,Law Cum Laude and above #,285,100,100,5160,4766,5313,5000,4500,5995,5313,5000,4500,5995
2015,Singapore University of Technology and Design,na,Bachelor of Engineering (Engineering Product Development),286,92.5,88.1,3595,3618,3565,3600,3400,3800,3565,3600,3400,3800
2015,Singapore University of Technology and Design,na,Bachelor of Engineering (Engineering Systems and Design),287,80.3,71.8,3699,3450,3763,3500,3190,4100,3763,3500,3190,4100
2015,Singapore University of Technology and Design,na,Bachelor of Engineering (Information Systems Technology and Design),288,86,83.7,3872,3700,3952,3950,3338,4450,3952,3950,3338,4450
2015,Singapore University of Technology and Design,na,Bachelor of Science (Architecture and Sustainable Design) ###,289,na,na,na,na,na,na,na,na,na,na,na,na
2015,Singapore Institute of Technology,DigiPen Institute of Technology,Bachelor of Arts in Game Design **,290,na,na,na,na,na,na,na,na,na,na,na,na
2015,Singapore Institute of Technology,DigiPen Institute of Technology,Bachelor of Fine Arts in Digital Arts & Animation,291,88.5,65.4,2643,2700,2682,2700,2500,2800,2682,2700,2500,2800
2015,Singapore Institute of Technology,DigiPen Institute of Technology,Bachelor of Science in Computer Science & Game Design **,292,na,na,na,na,na,na,na,na,na,na,na,na
2015,Singapore Institute of Technology,DigiPen Institute of Technology,Bachelor of Science in Computer Science in Real-Time Interactive Simulation,293,95.2,90.5,3332,3200,3346,3233,3000,3500,3346,3233,3000,3500
2015,Singapore Institute of Technology,The Glasgow School of Art,Bachelor of Arts with Honours in Communication Design,294,76.1,54.3,2896,2750,2922,2750,2523,2975,2922,2750,2523,2975
2015,Singapore Institute of Technology,The Glasgow School of Art,Bachelor of Arts with Honours in Interior Design,295,87.5,71.9,2520,2600,2893,2700,2500,3025,2893,2700,2500,3025
2015,Singapore Institute of Technology,Newcastle University,Bachelor of Engineering with Honours in Chemical Engineering,296,85.5,72.6,3097,3000,3405,3250,2900,3750,3405,3250,2900,3750
2015,Singapore Institute of Technology,Newcastle University,Bachelor of Engineering with Honours in Electrical Power Engineering,297,83,77.4,3334,3100,3452,3300,3000,3550,3452,3300,3000,3550
2015,Singapore Institute of Technology,Newcastle University,Bachelor of Engineering with Honours in Marine Engineering,298,91.7,91.7,3180,3025,3354,3225,3050,3500,3354,3225,3050,3500
2015,Singapore Institute of Technology,Newcastle University,Bachelor of Engineering with Honours in Mechanical Design & Manufacturing Engineering,299,90.5,83.3,3069,3050,3266,3200,3000,3500,3266,3200,3000,3500
2015,Singapore Institute of Technology,Newcastle University,Bachelor of Engineering with Honours in Naval Architecture,300,100,100,3211,3050,3266,3141,2900,3500,3266,3141,2900,3500
2015,Singapore Institute of Technology,Newcastle University,Bachelor of Engineering with Honours in Offshore Engineering,301,100,94.7,3166,3125,3469,3350,3238,3575,3469,3350,3238,3575
2015,Singapore Institute of Technology,Newcastle University,Bachelor of Science with Honours in Food & Human Nutrition,302,89.2,81.1,2683,2700,2876,2700,2475,3050,2876,2700,2475,3050
2015,Singapore Institute of Technology,Technische Universität München,Bachelor of Science in Chemical Engineering,303,87.5,79.2,2759,2800,2970,2950,2800,3200,2970,2950,2800,3200
2015,Singapore Institute of Technology,Technische Universität München,Bachelor of Science in Electrical Engineering & Information Technology,304,100,90,3044,3100,3339,3250,3000,3488,3339,3250,3000,3488
2015,Singapore Institute of Technology,The Culinary Institute of America,Bachelor of Professional Studies in Culinary Arts Management,305,92.6,81.5,2482,2300,2586,2400,2000,2800,2586,2400,2000,2800
2015,Singapore Institute of Technology,Singapore Institute of Technology -Trinity College Dublin,Bachelor in Science (Diagnostic Radiography),306,100,100,3322,3300,3486,3488,3313,3650,3486,3488,3313,3650
2015,Singapore Institute of Technology,Trinity College Dublin,Bachelor in Science (Occupational Therapy),307,100,100,3126,3120,3149,3125,3000,3225,3149,3125,3000,3225
2015,Singapore Institute of Technology,Trinity College Dublin,Bachelor in Science (Physiotherapy),308,100,98.3,3234,3200,3310,3222,3200,3500,3310,3222,3200,3500
2015,Singapore Institute of Technology,Trinity College Dublin,Bachelor in Science (Radiation Therapy) **,309,na,na,na,na,na,na,na,na,na,na,na,na
2015,Singapore Institute of Technology,University of Glasgow,Bachelor of Engineering with Honours in Aeronautical Engineering,310,81.6,73.7,2766,3000,2840,3000,2614,3293,2840,3000,2614,3293
2015,Singapore Institute of Technology,University of Glasgow,Bachelor of Engineering with Honours in Aerospace Systems,311,83.3,70.8,3128,3000,3185,3000,2882,3300,3185,3000,2882,3300
2015,Singapore Institute of Technology,University of Glasgow,Bachelor of Engineering with Honours in Mechanical Design Engineering,312,72.2,61.1,3160,3000,3685,3250,2960,4200,3685,3250,2960,4200
2015,Singapore Institute of Technology,University of Glasgow,Bachelor of Engineering with Honours in Mechatronics,313,96.4,94.5,3202,3000,3404,3100,2975,3875,3404,3100,2975,3875
2015,Singapore Institute of Technology,University of Glasgow,Bachelor of Science with Honours in Computing Science,314,95.6,86.7,3247,3250,3391,3300,3152,3400,3391,3300,3152,3400
2015,Singapore Institute of Technology,University of Manchester,Bachelor of Science with Honours in Nursing Practice,315,98.3,96.7,3304,3400,3624,3615,3400,3838,3624,3615,3400,3838
2015,Singapore Institute of Technology,"University of Nevada, Las Vegas",Bachelor of Science (Major in Hospitality Management),316,89.9,82.6,2515,2500,2607,2548,2338,2850,2607,2548,2338,2850
2015,Singapore Institute of Technology,Wheelock College,Bachelor of Science in Early Childhood Education,317,100,96.4,2772,2700,2807,2700,2608,3000,2807,2700,2608,3000
2016,Nanyang Technological University,College of Business (Nanyang Business School),Accountancy,318,97.3,95.1,3027,2900,3063,2900,2900,3100,3063,2900,2900,3100
2016,Nanyang Technological University,College of Business (Nanyang Business School),Accountancy and Business,319,97.4,96.6,3836,3500,3893,3500,3100,4250,3893,3500,3100,4250
2016,Nanyang Technological University,College of Business (Nanyang Business School),Business,320,89.6,77.1,3348,3200,3444,3300,3000,3800,3444,3300,3000,3800
2016,Nanyang Technological University,College of Business (Nanyang Business School),Business and Computing,321,94.4,94.4,4232,4000,4407,4600,3800,5000,4407,4600,3800,5000
2016,Nanyang Technological University,College of Engineering,Aerospace Engineering,322,82.4,77.9,3761,3625,3840,3675,3350,4435,3840,3675,3350,4435
2016,Nanyang Technological University,College of Engineering,Aerospace Engineering and Economics **,323,na,na,na,na,na,na,na,na,na,na,na,na
2016,Nanyang Technological University,College of Engineering,Bioengineering,324,77.8,63.9,3151,3200,3317,3237,3000,3510,3317,3237,3000,3510
2016,Nanyang Technological University,College of Engineering,Business and Computer Engineering **,325,na,na,na,na,na,na,na,na,na,na,na,na
2016,Nanyang Technological University,College of Engineering,Chemical And Biomolecular Engineering,326,80.6,72.6,3336,3225,3476,3400,3200,3800,3476,3400,3200,3800
2016,Nanyang Technological University,College of Engineering,Civil Engineering,327,92.4,91.6,3407,3250,3505,3300,3200,3800,3505,3300,3200,3800
2016,Nanyang Technological University,College of Engineering,Computer Engineering,328,83.3,75.9,3792,3500,3833,3500,3300,4420,3833,3500,3300,4420
2016,Nanyang Technological University,College of Engineering,Computer Science,329,94.6,91.4,3784,3500,3848,3500,3300,4333,3848,3500,3300,4333
2016,Nanyang Technological University,College of Engineering,Electrical And Electronic Engineering,330,89.1,83.6,3443,3300,3517,3400,3190,3800,3517,3400,3190,3800
2016,Nanyang Technological University,College of Engineering,Environmental Engineering,331,80.6,74.2,3156,3100,3216,3100,2800,3400,3216,3100,2800,3400
2016,Nanyang Technological University,College of Engineering,Information Engineering And Media,332,94.6,87.5,3496,3350,3570,3350,3000,4000,3570,3350,3000,4000
2016,Nanyang Technological University,College of Engineering,Maritime Studies,333,94.2,88.5,3305,3300,3328,3398,3083,3500,3328,3398,3083,3500
2016,Nanyang Technological University,College of Engineering,Materials Engineering,334,81.3,73.5,3197,3200,3317,3300,3000,3500,3317,3300,3000,3500
2016,Nanyang Technological University,College of Engineering,Materials Engineering and Economics **,335,na,na,na,na,na,na,na,na,na,na,na,na
2016,Nanyang Technological University,College of Engineering,Mechanical Engineering,336,86,79.9,3417,3300,3505,3350,3050,3959,3505,3350,3050,3959
2016,Nanyang Technological University,College of Engineering,Mechanical Engineering and Economics **,337,na,na,na,na,na,na,na,na,na,na,na,na
2016,Nanyang Technological University,"College of Humanities, Arts & Social Sciences","Art, Design & Media",338,79.7,46.6,2718,2700,2761,2700,2500,3000,2761,2700,2500,3000
2016,Nanyang Technological University,"College of Humanities, Arts & Social Sciences",Chinese,339,91.1,74.7,3239,3300,3345,3300,3050,3500,3345,3300,3050,3500
2016,Nanyang Technological University,"College of Humanities, Arts & Social Sciences",Communication Studies,340,87.7,69.6,2938,2900,2996,3000,2575,3365,2996,3000,2575,3365
2016,Nanyang Technological University,"College of Humanities, Arts & Social Sciences",Economics,341,91.3,79.3,3385,3300,3440,3300,3000,3850,3440,3300,3000,3850
2016,Nanyang Technological University,"College of Humanities, Arts & Social Sciences",English,342,75,54.2,2974,3000,2997,3000,2700,3400,2997,3000,2700,3400
2016,Nanyang Technological University,"College of Humanities, Arts & Social Sciences",History,343,87.2,76.6,3027,3000,3082,3000,2700,3500,3082,3000,2700,3500
2016,Nanyang Technological University,"College of Humanities, Arts & Social Sciences",Linguistics And Multilingual Studies,344,81.8,61.8,3283,3315,3368,3365,2960,3500,3368,3365,2960,3500
2016,Nanyang Technological University,"College of Humanities, Arts & Social Sciences",Psychology,345,82.1,66.7,3083,3100,3136,3200,2800,3500,3136,3200,2800,3500
2016,Nanyang Technological University,"College of Humanities, Arts & Social Sciences",Public Policy And Global Affairs **,346,na,na,na,na,na,na,na,na,na,na,na,na
2016,Nanyang Technological University,"College of Humanities, Arts & Social Sciences",Sociology,347,86.1,63.9,3279,3300,3480,3500,3000,3850,3480,3500,3000,3850
2016,Nanyang Technological University,College of Sciences,Biomedical Sciences & Chinese Medicine #,348,94.4,88.9,2525,2400,2577,2500,2150,2800,2577,2500,2150,2800
2016,Nanyang Technological University,College of Sciences,Biological Sciences,349,80.5,64,3132,3100,3222,3175,3000,3550,3222,3175,3000,3550
2016,Nanyang Technological University,College of Sciences,Chemistry & Biological Chemistry,350,80.6,64.2,3119,3000,3234,3149,2925,3500,3234,3149,2925,3500
2016,Nanyang Technological University,College of Sciences,Mathematical Sciences,351,88.5,76.9,3453,3400,3535,3500,3200,3750,3535,3500,3200,3750
2016,Nanyang Technological University,College of Sciences,Mathematics & Economics,352,89.4,72.7,3346,3150,3458,3300,3000,3750,3458,3300,3000,3750
2016,Nanyang Technological University,College of Sciences,Physics / Applied Physics,353,85.7,77.1,3578,3350,3683,3450,3100,4000,3683,3450,3100,4000
2016,Nanyang Technological University,Sports Science and Management,Sports Science and Management,354,83.1,66.1,3196,3100,3272,3200,2825,3500,3272,3200,2825,3500
2016,Nanyang Technological University,National Institute of Education (NIE),Arts (with Education),355,100,100,3337,3500,3525,3525,3400,3615,3525,3525,3400,3615
2016,Nanyang Technological University,National Institute of Education (NIE),Science (with Education),356,100,100,3438,3500,3546,3525,3500,3850,3546,3525,3500,3850
2016,National University of Singapore,Faculty of Arts & Social Sciences,Bachelor of Arts,357,86.1,62.5,2971,3000,3063,3000,2600,3200,3063,3000,2600,3200
2016,National University of Singapore,Faculty of Arts & Social Sciences,Bachelor of Arts (Hons),358,90.7,74.1,3258,3300,3321,3500,3000,3600,3321,3500,3000,3600
2016,National University of Singapore,Faculty of Arts & Social Sciences,Bachelor of Social Sciences,359,89.5,73.3,3341,3300,3423,3300,3000,3650,3423,3300,3000,3650
2016,National University of Singapore,Faculty Of Dentistry,Bachelor of Dental Surgery,360,100,100,4173,4050,4221,4050,4050,4450,4221,4050,4050,4450
2016,National University of Singapore,Faculty Of Engineering,Bachelor of Engineering (Biomedical Engineering),361,91.9,80.6,3314,3100,3366,3200,3000,3500,3366,3200,3000,3500
2016,National University of Singapore,Faculty Of Engineering,Bachelor of Engineering (Chemical Engineering),362,85.3,80.3,3414,3250,3562,3450,3150,4000,3562,3450,3150,4000
2016,National University of Singapore,Faculty Of Engineering,Bachelor of Engineering (Civil Engineering),363,95.3,91.9,3402,3300,3509,3420,3200,3800,3509,3420,3200,3800
2016,National University of Singapore,Faculty Of Engineering,Bachelor of Engineering (Computer Engineering),364,89.1,85.9,3884,3700,3942,3900,3467,4500,3942,3900,3467,4500
2016,National University of Singapore,Faculty Of Engineering,Bachelor of Engineering (Electrical Engineering),365,91.9,87.6,3669,3400,3765,3500,3200,4200,3765,3500,3200,4200
2016,National University of Singapore,Faculty Of Engineering,Bachelor of Engineering (Engineering Science),366,85.2,74.1,3549,3400,3707,3740,3350,4026,3707,3740,3350,4026
2016,National University of Singapore,Faculty Of Engineering,Bachelor of Engineering (Environmental Engineering),367,79.3,65.5,3432,3300,3470,3350,3000,3832,3470,3350,3000,3832
2016,National University of Singapore,Faculty Of Engineering,Bachelor of Engineering (Industrial and Systems Engineering),368,80.3,78.9,3788,3450,3879,3500,3300,4250,3879,3500,3300,4250
2016,National University of Singapore,Faculty Of Engineering,Bachelor of Engineering (Materials Science And Engineering),369,90.2,78.4,3381,3300,3501,3540,3200,3900,3501,3540,3200,3900
2016,National University of Singapore,Faculty Of Engineering,Bachelor of Engineering (Mechanical Engineering),370,86.6,81,3470,3300,3560,3400,3150,3800,3560,3400,3150,3800
2016,National University of Singapore,Faculty of Law,Bachelor of Laws (L.L.B) (Hons) #,371,97.7,95.9,4844,4775,4898,4900,4200,5600,4898,4900,4200,5600
2016,National University of Singapore,Faculty of Science,Bachelor of Applied Science **,372,na,na,na,na,na,na,na,na,na,na,na,na
2016,National University of Singapore,Faculty of Science,Bachelor of Applied Science (Hons),373,81,61.9,2905,2800,3058,3130,2800,3350,3058,3130,2800,3350
2016,National University of Singapore,Faculty of Science,Bachelor of Science,374,84.3,59.4,2895,3000,2995,3000,2600,3225,2995,3000,2600,3225
2016,National University of Singapore,Faculty of Science,Bachelor of Science (Hons),375,84.9,71.7,3331,3300,3386,3300,3000,3650,3386,3300,3000,3650
2016,National University of Singapore,Faculty of Science,Bachelor of Science (Computational Biology) **,376,na,na,na,na,na,na,na,na,na,na,na,na
2016,National University of Singapore,Faculty of Science,Bachelor of Science (Pharmacy)(Hons) #,377,99.1,97.2,3500,3500,3597,3600,3300,3950,3597,3600,3300,3950
2016,National University of Singapore,NUS Business School,Bachelor of Business Administration,378,93.6,80.7,3232,3000,3282,3000,2837,3500,3282,3000,2837,3500
2016,National University of Singapore,NUS Business School,Bachelor of Business Administration (Hons),379,96.4,92.8,4126,3600,4207,3620,3258,4500,4207,3620,3258,4500
2016,National University of Singapore,NUS Business School,Bachelor of Business Administration (Accountancy),380,88.6,86.4,2977,2900,3020,2963,2800,3100,3020,2963,2800,3100
2016,National University of Singapore,NUS Business School,Bachelor of Business Administration (Accountancy) (Hons),381,99,99,3435,3000,3465,3075,2900,3800,3465,3075,2900,3800
2016,National University of Singapore,School of Computing,Bachelor of Computing (Communications And Media) **,382,na,na,na,na,na,na,na,na,na,na,na,na
2016,National University of Singapore,School of Computing,Bachelor of Computing (Computer Science),383,96.3,93.3,4320,4000,4385,4000,3500,5000,4385,4000,3500,5000
2016,National University of Singapore,School of Computing,Bachelor of Computing (Electronic Commerce) **,384,na,na,na,na,na,na,na,na,na,na,na,na
2016,National University of Singapore,School of Computing,Bachelor of Computing (Information Systems),385,94,94,3875,3800,3969,4000,3365,4500,3969,4000,3365,4500
2016,National University of Singapore,School of Design & Environment,Bachelor of Arts (Architecture) #,386,93.2,89.8,3926,4000,3960,4000,3500,4250,3960,4000,3500,4250
2016,National University of Singapore,School of Design & Environment,Bachelor of Arts (Industrial Design),387,90.6,65.6,3282,3000,3320,3000,2900,4000,3320,3000,2900,4000
2016,National University of Singapore,School of Design & Environment,Bachelor of Science (Project and Facilities Management),388,87.8,84.7,3035,3000,3113,3000,2850,3276,3113,3000,2850,3276
2016,National University of Singapore,School of Design & Environment,Bachelor of Science (Real Estate),389,94.6,92.4,3247,3000,3368,3200,2950,3735,3368,3200,2950,3735
2016,National University of Singapore,Yong Loo Lin School (Medicine),Bachelor of Medicine and Bachelor Of Surgery #,390,99.4,99.4,4460,4500,4887,5000,4500,5200,4887,5000,4500,5200
2016,National University of Singapore,Yong Loo Lin School (Medicine),Bachelor of Science (Nursing),391,93.2,90.9,3166,3200,3363,3400,3200,3425,3363,3400,3200,3425
2016,National University of Singapore,Yong Loo Lin School (Medicine),Bachelor of Science (Nursing) (Hons),392,95.1,95.1,3308,3300,3529,3500,3400,3600,3529,3500,3400,3600
2016,National University of Singapore,Yong Siew Toh Conservatory of Music,Bachelor of Music,393,85.7,14.3,3250,3250,3250,3250,2999,3500,3250,3250,2999,3500
2016,National University of Singapore,Multi-Disciplinary Programme,Bachelor of Environmental Studies,394,83.8,67.6,3347,3250,3399,3300,3000,3500,3399,3300,3000,3500
2016,Singapore Management University,School of Accountancy (4-year programme) *,Accountancy,395,98.5,96,3390,3000,3455,3000,2900,3600,3455,3000,2900,3600
2016,Singapore Management University,School of Accountancy (4-year programme) *,Accountancy Cum Laude and above,396,100,100,3827,3500,3943,3600,3000,4583,3943,3600,3000,4583
2016,Singapore Management University,School of Business (4-year programme) *,Business Management,397,92.4,84.6,3727,3400,3831,3500,3000,4000,3831,3500,3000,4000
2016,Singapore Management University,School of Business (4-year programme) *,Business Management Cum Laude and above,398,96.1,92.1,4140,3550,4234,3660,3250,4583,4234,3660,3250,4583
2016,Singapore Management University,School of Economics (4-year programme) *,Economics,399,93.4,84,3801,3500,3906,3700,3200,4300,3906,3700,3200,4300
2016,Singapore Management University,School of Economics (4-year programme) *,Economics Cum Laude and above,400,97,92.5,4315,4000,4425,4107,3800,4750,4425,4107,3800,4750
2016,Singapore Management University,School of Information Systems (4-year programme) *,Information Systems Management,401,95.7,91.5,3837,3500,3897,3600,3200,4167,3897,3600,3200,4167
2016,Singapore Management University,School of Information Systems (4-year programme) *,Information Systems Management Cum Laude and above,402,97.5,95,4504,4167,4603,4167,3800,4750,4603,4167,3800,4750
2016,Singapore Management University,School of Social Sciences (4-year programme) *,Social Sciences,403,91.5,80.4,3199,3100,3311,3145,3000,3500,3311,3145,3000,3500
2016,Singapore Management University,School of Social Sciences (4-year programme) *,Social Sciences Cum Laude and above,404,94.9,87.2,3405,3300,3548,3400,3000,3668,3548,3400,3000,3668
2016,Singapore Management University,School of Law (4-year programme) *,Law #,405,95.8,93.7,4810,4600,4915,4850,4200,5800,4915,4850,4200,5800
2016,Singapore Management University,School of Law (4-year programme) *,Law Cum Laude and above #,406,96.7,96.7,4950,4950,5095,5300,4500,5800,5095,5300,4500,5800
2016,Singapore Institute of Technology,DigiPen Institute of Technology,Bachelor of Arts in Game Design **,407,na,na,na,na,na,na,na,na,na,na,na,na
2016,Singapore Institute of Technology,DigiPen Institute of Technology,Bachelor of Fine Arts in Digital Arts & Animation,408,73.3,53.3,3045,3000,3052,3000,2700,3016,3052,3000,2700,3016
2016,Singapore Institute of Technology,DigiPen Institute of Technology,Bachelor of Science in Computer Science & Game Design,409,85.7,85.7,3312,3400,3329,3400,3100,3500,3329,3400,3100,3500
2016,Singapore Institute of Technology,DigiPen Institute of Technology,Bachelor of Science in Computer Science in Real-Time Interactive Simulation,410,100,92.9,3729,3680,3803,4000,3500,4200,3803,4000,3500,4200
2016,Singapore Institute of Technology,The Glasgow School of Art,Bachelor of Arts with Honours in Communication Design,411,91.1,58.9,2652,2600,2652,2600,2500,2700,2652,2600,2500,2700
2016,Singapore Institute of Technology,The Glasgow School of Art,Bachelor of Arts with Honours in Interior Design,412,97.4,76.3,2467,2500,2485,2515,2200,2800,2485,2515,2200,2800
2016,Singapore Institute of Technology,Newcastle University,Bachelor of Engineering with Honours in Chemical Engineering,413,85.9,71.8,3201,3100,3463,3300,3080,3650,3463,3300,3080,3650
2016,Singapore Institute of Technology,Newcastle University,Bachelor of Engineering with Honours in Electrical Power Engineering,414,86.4,79.7,3239,3000,3440,3200,2800,3700,3440,3200,2800,3700
2016,Singapore Institute of Technology,Newcastle University,Bachelor of Engineering with Honours in Marine Engineering,415,95.2,81,3812,3425,3956,3840,3200,4530,3956,3840,3200,4530
2016,Singapore Institute of Technology,Newcastle University,Bachelor of Engineering with Honours in Mechanical Design & Manufacturing Engineering,416,87,77.8,3162,3000,3344,3200,2900,3575,3344,3200,2900,3575
2016,Singapore Institute of Technology,Newcastle University,Bachelor of Engineering with Honours in Naval Architecture,417,90,90,3172,3250,3239,3300,3000,3500,3239,3300,3000,3500
2016,Singapore Institute of Technology,Newcastle University,Bachelor of Engineering with Honours in Offshore Engineering,418,86.4,72.7,3172,3275,3286,3430,3000,3600,3286,3430,3000,3600
2016,Singapore Institute of Technology,Newcastle University,Bachelor of Science with Honours in Food & Human Nutrition,419,86.7,62.2,2598,2600,2707,2600,2420,2800,2707,2600,2420,2800
2016,Singapore Institute of Technology,Technische Universität München,Bachelor of Science in Chemical Engineering,420,78.6,67.9,2776,2900,3149,3130,2500,3700,3149,3130,2500,3700
2016,Singapore Institute of Technology,Technische Universität München,Bachelor of Science in Electrical Engineering & Information Technology,421,90.9,86.4,2978,3000,3042,3000,2825,3350,3042,3000,2825,3350
2016,Singapore Institute of Technology,The Culinary Institute of America,Bachelor of Professional Studies in Culinary Arts Management,422,86.2,69,2231,2250,2344,2300,2000,2500,2344,2300,2000,2500
2016,Singapore Institute of Technology,Trinity College Dublin / Singapore Institute of Technology-Trinity College Dublin,Bachelor in Science (Diagnostic Radiography),423,88.2,88.2,3406,3385,3628,3660,3400,3930,3628,3660,3400,3930
2016,Singapore Institute of Technology,Trinity College Dublin / Singapore Institute of Technology-Trinity College Dublin,Bachelor in Science (Occupational Therapy),424,100,100,3297,3200,3301,3200,3100,3500,3301,3200,3100,3500
2016,Singapore Institute of Technology,Trinity College Dublin / Singapore Institute of Technology-Trinity College Dublin,Bachelor in Science (Physiotherapy),425,100,100,3310,3300,3344,3300,3240,3500,3344,3300,3240,3500
2016,Singapore Institute of Technology,Trinity College Dublin / Singapore Institute of Technology-Trinity College Dublin,Bachelor in Science (Radiation Therapy) **,426,na,na,na,na,na,na,na,na,na,na,na,na
2016,Singapore Institute of Technology,University of Glasgow,Bachelor of Engineering with Honours in Aeronautical Engineering,427,81.6,65.3,3042,3000,3277,3200,2800,3700,3277,3200,2800,3700
2016,Singapore Institute of Technology,University of Glasgow,Bachelor of Engineering with Honours in Aerospace Systems,428,82.2,64.4,3312,3225,3390,3275,2900,4009,3390,3275,2900,4009
2016,Singapore Institute of Technology,University of Glasgow,Bachelor of Engineering with Honours in Mechanical Design Engineering,429,87,70.4,3187,3000,3273,3200,3000,3365,3273,3200,3000,3365
2016,Singapore Institute of Technology,University of Glasgow,Bachelor of Engineering with Honours in Mechatronics,430,88.7,80.3,3406,3200,3523,3300,3000,3800,3523,3300,3000,3800
2016,Singapore Institute of Technology,University of Glasgow,Bachelor of Science with Honours in Computing Science,431,89.8,81.6,3645,3600,3704,3600,3400,3900,3704,3600,3400,3900
2016,Singapore Institute of Technology,University of Manchester,Bachelor of Science with Honours in Nursing Practice,432,92.7,85.5,3378,3400,3600,3600,3400,3750,3600,3600,3400,3750
2016,Singapore Institute of Technology,University of Liverpool,Bachelor of Arts with Honours in Criminology and Security,433,92.6,81.5,4096,4200,4131,4200,3700,4600,4131,4200,3700,4600
2016,Singapore Institute of Technology,Wheelock College,Bachelor of Science in Early Childhood Education,434,98,92,2705,2700,2707,2700,2600,2850,2707,2700,2600,2850
2016,Singapore University of Technology and Design,na,Bachelor of Engineering (Engineering Product Development),435,87,79.7,3620,3500,3690,3600,3300,3750,3690,3600,3300,3750
2016,Singapore University of Technology and Design,na,Bachelor of Engineering (Information Systems Technology and Design),436,91.9,91.9,4197,4000,4232,4000,3500,4950,4232,4000,3500,4950
2016,Singapore University of Technology and Design,na,Bachelor of Engineering (Engineering Systems and Design),437,100,93.5,3695,3600,3830,3650,3550,4200,3830,3650,3550,4200
2016,Singapore University of Technology and Design,na,Bachelor of Science (Architecture and Sustainable Design) ###,438,na,na,na,na,na,na,na,na,na,na,na,na
2017,Nanyang Technological University,College of Business (Nanyang Business School),Bachelor of Accountancy (Hons),439,97.1,94.5,3121,3000,3166,3000,2900,3100,3166,3000,2900,3100
2017,Nanyang Technological University,College of Business (Nanyang Business School),Double Degree in Bachelor of Accountancy (Hons) and Bachelor of Business (Hons),440,97.2,94.3,3830,3500,3892,3600,3013,4317,3892,3600,3013,4317
2017,Nanyang Technological University,College of Business (Nanyang Business School),Bachelor of Business (Hons),441,93,80.8,3530,3300,3643,3300,3000,3800,3643,3300,3000,3800
2017,Nanyang Technological University,College of Business (Nanyang Business School),Double Degree in Bachelor of Business (Hons) and Bachelor of Engineering (Hons) (Computer Science),442,100,95,5036,4750,5225,5000,4000,5362,5225,5000,4000,5362
2017,Nanyang Technological University,College of Engineering,Bachelor of Engineering (Hons) (Aerospace Engineering),443,80,75,3645,3492,3702,3500,3250,4210,3702,3500,3250,4210
2017,Nanyang Technological University,College of Engineering,Double Degree in Bachelor of Engineering (Hons) (Aerospace Engineering) and Bachelor of Arts (Hons) in Economics **,444,na,na,na,na,na,na,na,na,na,na,na,na
2017,Nanyang Technological University,College of Engineering,Bachelor of Engineering (Hons) (Bioengineering),445,78.3,65.2,3326,3200,3486,3419,3000,3825,3486,3419,3000,3825
2017,Nanyang Technological University,College of Engineering,Bachelor of Engineering  (Hons) (Chemical And Biomolecular Engineering),446,82.3,75.3,3326,3200,3577,3500,3200,4000,3577,3500,3200,4000
2017,Nanyang Technological University,College of Engineering,Double Degree in Bachelor of Engineering  (Hons) (Chemical And Biomolecular Engineering) and Bachelor of Arts (Hons) in Economics **,447,na,na,na,na,na,na,na,na,na,na,na,na
2017,Nanyang Technological University,College of Engineering,Bachelor of Engineering (Hons) (Civil Engineering),448,98.5,96.9,3373,3300,3442,3400,3190,3675,3442,3400,3190,3675
2017,Nanyang Technological University,College of Engineering,Double Degree in Bachelor of Engineering (Hons) (Civil Engineering) and Bachelor of Arts (Hons) in Economics **,449,na,na,na,na,na,na,na,na,na,na,na,na
2017,Nanyang Technological University,College of Engineering,Bachelor of Engineering (Hons) (Computer Engineering),450,95.1,87.8,3667,3600,3743,3600,3450,3925,3743,3600,3450,3925
2017,Nanyang Technological University,College of Engineering,Bachelor of Engineering (Hons) (Computer Science),451,92.4,86.7,4078,3750,4160,3850,3500,4500,4160,3850,3500,4500
2017,Nanyang Technological University,College of Engineering,Double Degree in Bachelor of Business (Hons) and Bachelor of Engineering (Hons) (Computer Engineering) **,452,na,na,na,na,na,na,na,na,na,na,na,na
2017,Nanyang Technological University,College of Engineering,Bachelor of Engineering (Hons) (Electrical & Electronic Engineering),453,89.3,85,3532,3500,3657,3600,3200,4000,3657,3600,3200,4000
2017,Nanyang Technological University,College of Engineering,Bachelor of Engineering (Hons) (Environmental Engineering),454,71.8,64.1,3538,3475,3588,3635,3200,3950,3588,3635,3200,3950
2017,Nanyang Technological University,College of Engineering,Bachelor of Engineering (Hons) (Information Engineering & Media),455,86.9,78.7,3685,3677,3790,3700,3350,4200,3790,3700,3350,4200
2017,Nanyang Technological University,College of Engineering,Double Degree in Bachelor of Engineering (Hons) (Information Engineering & Media) and Bachelor of Arts (Hons) in Economics **,456,na,na,na,na,na,na,na,na,na,na,na,na
2017,Nanyang Technological University,College of Engineering,Bachelor of Science (Hons) (Maritime Studies),457,92.2,92.2,3279,3200,3333,3320,3000,3500,3333,3320,3000,3500
2017,Nanyang Technological University,College of Engineering,Bachelor of Engineering (Hons) (Materials Engineering),458,84.9,75.6,3288,3200,3434,3375,3200,3700,3434,3375,3200,3700
2017,Nanyang Technological University,College of Engineering,Double Degree in Bachelor of Engineering (Hons) (Materials Engineering) and Bachelor of Arts (Hons) in Economics **,459,na,na,na,na,na,na,na,na,na,na,na,na
2017,Nanyang Technological University,College of Engineering,Bachelor of Engineering (Hons) (Mechanical Engineering),460,82.7,74.9,3422,3300,3579,3450,3100,4000,3579,3450,3100,4000
2017,Nanyang Technological University,College of Engineering,Double Degree in Bachelor of Engineering (Hons) (Mechanical Engineering) and Bachelor of Arts (Hons) in Economics **,461,na,na,na,na,na,na,na,na,na,na,na,na
2017,Nanyang Technological University,College of Engineering,Bachelor of Fine Arts (Hons),462,88.5,54,2862,2800,2909,2800,2500,3200,2909,2800,2500,3200
2017,Nanyang Technological University,College of Engineering,Bachelor of Arts (Hons) in Chinese,463,84.6,67.7,3119,3300,3147,3300,2750,3500,3147,3300,2750,3500
2017,Nanyang Technological University,College of Engineering,Bachelor of Communication Studies (Hons),464,92.6,62.2,3134,3000,3184,3000,2775,3500,3184,3000,2775,3500
2017,Nanyang Technological University,College of Engineering,Bachelor of Arts (Hons) in Economics,465,84.7,75.5,3286,3200,3379,3240,3000,3720,3379,3240,3000,3720
2017,Nanyang Technological University,College of Engineering,Bachelor of Arts (Hons) in English,466,77.8,50.8,3042,3000,3149,3000,2800,3300,3149,3000,2800,3300
2017,Nanyang Technological University,College of Engineering,Bachelor of Arts (Hons) in History,467,86,68.4,3206,3100,3265,3200,3000,3600,3265,3200,3000,3600
2017,Nanyang Technological University,College of Engineering,Bachelor of Arts (Hons) in Linguistics And Multilingual Studies,468,80,60,3042,3000,3117,3100,2600,3500,3117,3100,2600,3500
2017,Nanyang Technological University,College of Engineering,Bachelor of Arts (Hons) in Philosophy **,469,na,na,na,na,na,na,na,na,na,na,na,na
2017,Nanyang Technological University,College of Engineering,Bachelor of Arts (Hons) in Psychology,470,78.9,59.2,3107,3107,3151,3200,2890,3500,3151,3200,2890,3500
2017,Nanyang Technological University,College of Engineering,Bachelor of Arts (Hons) in Public Policy And Global Affairs,471,74.1,66.7,3353,3300,3479,3395,3160,3750,3479,3395,3160,3750
2017,Nanyang Technological University,College of Engineering,Bachelor of Arts (Hons) in Sociology,472,77.6,62.1,3263,3200,3309,3228,2970,3500,3309,3228,2970,3500
2017,Nanyang Technological University,College of Sciences,Double Degree in Bachelor of Science (Hons) in Biomedical Sciences and Bachelor of Medicine (Chinese Medicine) #,473,92,80,2722,2928,2792,2950,2500,3035,2792,2950,2500,3035
2017,Nanyang Technological University,College of Sciences,Bachelor of Science (Hons) in Biological Sciences,474,80.4,62.6,3177,3100,3255,3200,3000,3500,3255,3200,3000,3500
2017,Nanyang Technological University,College of Sciences,Bachelor of Science (Hons) in Chemistry & Biological Chemistry,475,70.1,51.1,3035,3000,3173,3100,2800,3488,3173,3100,2800,3488
2017,Nanyang Technological University,College of Sciences,Bachelor of Science (Hons) in Mathematical Sciences,476,89.7,79.5,3517,3400,3580,3500,3100,3800,3580,3500,3100,3800
2017,Nanyang Technological University,College of Sciences,Bachelor of Science (Hons) in Mathematics & Economics,477,89.8,83.1,3504,3290,3625,3400,3013,3775,3625,3400,3013,3775
2017,Nanyang Technological University,College of Sciences,Bachelor of Science (Hons) in Physics/Applied Physics,478,81.6,61.8,3367,3300,3490,3300,3000,3819,3490,3300,3000,3819
2017,Nanyang Technological University,Sports Science and Management,Bachelor of Science (Hons) (Sport Science & Management),479,81.1,48.6,3372,3285,3486,3450,2800,4000,3486,3450,2800,4000
2017,Nanyang Technological University,National Institute of Education (NIE),Bachelor of Arts (Hons) (Education),480,100,100,3489,3600,3589,3600,3500,3800,3589,3600,3500,3800
2017,Nanyang Technological University,National Institute of Education (NIE),Bachelor of Science (Hons) (Education),481,100,100,3610,3603,3701,3701,3500,3958,3701,3701,3500,3958
2017,National University of Singapore,Faculty of Arts & Social Sciences,Bachelor of Arts,482,85.8,61.9,3005,3000,3107,3000,2700,3300,3107,3000,2700,3300
2017,National University of Singapore,Faculty of Arts & Social Sciences,Bachelor of Arts (Hons),483,88.2,66.7,3309,3300,3391,3360,3000,3600,3391,3360,3000,3600
2017,National University of Singapore,Faculty of Arts & Social Sciences,Bachelor of Social Sciences,484,88.3,74.7,3365,3300,3443,3300,3000,3750,3443,3300,3000,3750
2017,National University of Singapore,Faculty Of Dentistry,Bachelor of Dental Surgery,485,100,100,4124,4050,4143,4050,4000,4400,4143,4050,4000,4400
2017,National University of Singapore,Faculty Of Engineering,Bachelor of Engineering (Biomedical Engineering),486,90.6,81.3,3215,3200,3367,3300,3000,3700,3367,3300,3000,3700
2017,National University of Singapore,Faculty Of Engineering,Bachelor of Engineering (Chemical Engineering),487,87.8,81.3,3550,3500,3727,3600,3300,4000,3727,3600,3300,4000
2017,National University of Singapore,Faculty Of Engineering,Bachelor of Engineering (Civil Engineering),488,95.5,90.9,3361,3300,3427,3300,3135,3700,3427,3300,3135,3700
2017,National University of Singapore,Faculty Of Engineering,Bachelor of Engineering (Electrical Engineering),489,89.4,86.5,3529,3500,3641,3600,3300,3900,3641,3600,3300,3900
2017,National University of Singapore,Faculty Of Engineering,Bachelor of Engineering (Engineering Science),490,76.5,64.7,3783,3600,3827,3675,3440,4200,3827,3675,3440,4200
2017,National University of Singapore,Faculty Of Engineering,Bachelor of Engineering (Environmental Engineering),491,86.3,71.2,3425,3100,3546,3350,3000,3800,3546,3350,3000,3800
2017,National University of Singapore,Faculty Of Engineering,Bachelor of Engineering (Industrial and Systems Engineering),492,93.3,89.9,3905,3725,4035,3875,3450,4200,4035,3875,3450,4200
2017,National University of Singapore,Faculty Of Engineering,Bachelor of Engineering (Materials Science And Engineering),493,94,86,3269,3200,3570,3388,3200,3950,3570,3388,3200,3950
2017,National University of Singapore,Faculty Of Engineering,Bachelor of Engineering (Mechanical Engineering),494,87.3,82.3,3537,3400,3657,3450,3100,4000,3657,3450,3100,4000
2017,National University of Singapore,Faculty of Law,Bachelor of Laws #,495,95.8,92.3,4958,5000,5121,5000,4500,5600,5121,5000,4500,5600
2017,National University of Singapore,Faculty of Science,Bachelor of Applied Science **,496,na,na,na,na,na,na,na,na,na,na,na,na
2017,National University of Singapore,Faculty of Science,Bachelor of Applied Science (Hons),497,82.1,50,3186,3075,3187,3085,2800,3200,3187,3085,2800,3200
2017,National University of Singapore,Faculty of Science,Bachelor of Science,498,76.9,54.5,3053,3000,3214,3082,2800,3400,3214,3082,2800,3400
2017,National University of Singapore,Faculty of Science,Bachelor of Science (Hons),499,85.9,69.3,3340,3200,3435,3300,3000,3700,3435,3300,3000,3700
2017,National University of Singapore,Faculty of Science,Bachelor of Science (Computational Biology) **,500,na,na,na,na,na,na,na,na,na,na,na,na
2017,National University of Singapore,Faculty of Science,Bachelor of Science (Pharmacy) #,501,99.1,94.5,3473,3500,3616,3600,3500,3800,3616,3600,3500,3800
2017,National University of Singapore,NUS Business School,Bachelor of Business Administration,502,94.9,87.3,3770,3400,4031,3500,3000,4333,4031,3500,3000,4333
2017,National University of Singapore,NUS Business School,Bachelor of Business Administration (Hons),503,98.2,93.6,4272,3725,4388,3800,3450,4782,4388,3800,3450,4782
2017,National University of Singapore,NUS Business School,Bachelor of Business Administration (Accountancy),504,97.2,94.4,3396,3000,3473,3025,3000,3600,3473,3025,3000,3600
2017,National University of Singapore,NUS Business School,Bachelor of Business Administration (Accountancy) (Hons),505,100,100,3689,3100,3744,3125,3000,4023,3744,3125,3000,4023
2017,National University of Singapore,School of Computing,Bachelor of Computing (Communications And Media) **,506,na,na,na,na,na,na,na,na,na,na,na,na
2017,National University of Singapore,School of Computing,Bachelor of Computing (Computational Biology) **,507,na,na,na,na,na,na,na,na,na,na,na,na
2017,National University of Singapore,School of Computing,Bachelor of Computing (Computer Science),508,93.5,89.4,4510,4200,4628,4285,3656,5000,4628,4285,3656,5000
2017,National University of Singapore,School of Computing,Bachelor of Computing (Electronic Commerce) **,509,na,na,na,na,na,na,na,na,na,na,na,na
2017,National University of Singapore,School of Computing,Bachelor of Computing (Information Security) **,510,na,na,na,na,na,na,na,na,na,na,na,na
2017,National University of Singapore,School of Computing,Bachelor of Computing (Information Systems),511,94.5,91.8,4061,4000,4192,4000,3550,4592,4192,4000,3550,4592
2017,National University of Singapore,School of Computing,Bachelor of Science (Business Analytics),512,97.6,97.6,4114,3810,4203,4000,3500,4766,4203,4000,3500,4766
2017,National University of Singapore,School of Design & Environment,Bachelor of Arts (Architecture) #,513,91.3,86.4,4037,4000,4079,4000,3780,4300,4079,4000,3780,4300
2017,National University of Singapore,School of Design & Environment,Bachelor of Arts (Industrial Design),514,93.3,60,3034,2890,3079,2920,2600,3200,3079,2920,2600,3200
2017,National University of Singapore,School of Design & Environment,Bachelor of Science (Project and Facilities Management),515,90.8,81.7,3105,3000,3162,3000,2900,3300,3162,3000,2900,3300
2017,National University of Singapore,School of Design & Environment,Bachelor of Science (Real Estate),516,93.8,88.7,3090,3000,3168,3000,2800,3300,3168,3000,2800,3300
2017,National University of Singapore,Yong Loo Lin School (Medicine),Bachelor of Medicine And Bachelor Of Surgery #,517,100,100,4367,4500,4882,5000,4500,5305,4882,5000,4500,5305
2017,National University of Singapore,Yong Loo Lin School (Medicine),Bachelor of Science (Nursing),518,97.4,97.4,3165,3200,3328,3400,3200,3450,3328,3400,3200,3450
2017,National University of Singapore,Yong Loo Lin School (Medicine),Bachelor of Science (Nursing) (Hons),519,91.8,89.8,3280,3300,3462,3500,3300,3650,3462,3500,3300,3650
2017,National University of Singapore,YST Conservatory Of Music,Bachelor of Music,520,73.3,26.7,2298,2025,2500,2225,2050,2950,2500,2225,2050,2950
2017,National University of Singapore,Yale-NUS College,Bachelor of Arts with Honours,521,93.5,76.6,3812,3500,3956,3500,3075,4000,3956,3500,3075,4000
2017,National University of Singapore,Yale-NUS College,Bachelor of Science with Honours,522,91.7,75,4362,4083,4362,4083,3600,4875,4362,4083,3600,4875
2017,National University of Singapore,Multi-Disciplinary Programmes,Bachelor of Engineering (Computer Engineering),523,89.4,84.7,4010,3600,4131,3900,3588,4500,4131,3900,3588,4500
2017,National University of Singapore,Multi-Disciplinary Programmes,Bachelor of Environmental Studies,524,88.7,62.3,3297,3200,3419,3300,3000,3600,3419,3300,3000,3600
2017,Singapore Management University,School of Accountancy (4-years programme) *,Accountancy,525,98,96.6,3569,3000,3646,3000,2920,3600,3646,3000,2920,3600
2017,Singapore Management University,School of Accountancy (4-years programme) *,Accountancy Cum Laude and above,526,97.8,97.8,4037,3200,4089,3200,3000,4645,4089,3200,3000,4645
2017,Singapore Management University,School of Business (4-years programme) *,Business Management,527,93.3,85.7,3862,3475,3995,3500,3050,4362,3995,3500,3050,4362
2017,Singapore Management University,School of Business (4-years programme) *,Business Management Cum Laude and above,528,95.8,92,4364,3880,4504,4000,3300,5000,4504,4000,3300,5000
2017,Singapore Management University,School of Economics (4-years programme) *,Economics,529,91.3,82.6,4013,3600,4143,3700,3300,4583,4143,3700,3300,4583
2017,Singapore Management University,School of Economics (4-years programme) *,Economics Cum Laude and above,530,93.2,90.5,4591,4000,4737,4100,3600,5113,4737,4100,3600,5113
2017,Singapore Management University,School of Information Systems (4-years programme) *,Information Systems Management,531,95.1,91.3,3922,3905,4014,4000,3550,4500,4014,4000,3550,4500
2017,Singapore Management University,School of Information Systems (4-years programme) *,Information Systems Management Cum Laude and above,532,96.1,94.1,4211,4334,4305,4334,4000,4750,4305,4334,4000,4750
2017,Singapore Management University,School of Social Sciences (4-years programme) *,Social Sciences,533,91.3,78,3344,3250,3493,3300,3000,3750,3493,3300,3000,3750
2017,Singapore Management University,School of Social Sciences (4-years programme) *,Social Sciences Cum Laude and above,534,87.9,81.8,3810,3600,3938,3630,3300,4000,3938,3630,3300,4000
2017,Singapore Management University,School of Law (4-years programme) *,Law #,535,97.6,94,4778,4500,4941,5000,4000,5840,4941,5000,4000,5840
2017,Singapore Management University,School of Law (4-years programme) *,Law Cum Laude and above #,536,97.9,97.9,5163,5450,5287,5600,4200,6000,5287,5600,4200,6000
2017,Singapore Institute of Technology,DigiPen Institute of Technology,Bachelor of Arts in Game Design ^,537,96.2,92.3,3040,3000,3067,3000,2800,3200,3067,3000,2800,3200
2017,Singapore Institute of Technology,DigiPen Institute of Technology,Bachelor of Fine Arts in Digital Arts & Animation ^,538,88.5,69.2,2859,2825,2876,2875,2700,3000,2876,2875,2700,3000
2017,Singapore Institute of Technology,DigiPen Institute of Technology,Bachelor of Science in Computer Science & Game Design ^,539,100,100,3232,3250,3291,3250,2900,3600,3291,3250,2900,3600
2017,Singapore Institute of Technology,DigiPen Institute of Technology,Bachelor of Science in Computer Science in Real-Time Interactive Simulation,540,96.9,90.6,3898,3800,3904,3800,3558,4140,3904,3800,3558,4140
2017,Singapore Institute of Technology,The Glasgow School of Art,Bachelor of Arts with Honours in Communication Design,541,90.7,68.5,2819,2600,2949,2700,2500,3200,2949,2700,2500,3200
2017,Singapore Institute of Technology,The Glasgow School of Art,Bachelor of Arts with Honours in Interior Design,542,92.3,87.2,2818,2700,2841,2700,2500,3000,2841,2700,2500,3000
2017,Singapore Institute of Technology,Newcastle University,Bachelor of Engineering with Honours in Chemical Engineering,543,77.3,62.1,3061,3100,3290,3255,2975,3600,3290,3255,2975,3600
2017,Singapore Institute of Technology,Newcastle University,Bachelor of Engineering with Honours in Electrical Power Engineering,544,94.4,88.9,3191,3200,3269,3200,3000,3450,3269,3200,3000,3450
2017,Singapore Institute of Technology,Newcastle University,Bachelor of Engineering with Honours in Marine Engineering ^,545,96.2,88.5,3461,3300,3541,3500,3000,4000,3541,3500,3000,4000
2017,Singapore Institute of Technology,Newcastle University,Bachelor of Engineering with Honours in Mechanical Design & Manufacturing Engineering,546,90.5,85.7,3063,3000,3145,3000,2800,3350,3145,3000,2800,3350
2017,Singapore Institute of Technology,Newcastle University,Bachelor of Engineering with Honours in Naval Architecture ^,547,95.5,95.5,3451,3300,3537,3300,3200,3500,3537,3300,3200,3500
2017,Singapore Institute of Technology,Newcastle University,Bachelor of Engineering with Honours in Offshore Engineering ^,548,100,86.7,3792,3300,3866,3300,3300,3950,3866,3300,3300,3950
2017,Singapore Institute of Technology,Newcastle University,Bachelor of Science with Honours in Food & Human Nutrition,549,97.7,79.1,2784,2600,2980,2700,2475,3200,2980,2700,2475,3200
2017,Singapore Institute of Technology,Technische Universität München,Bachelor of Science in Chemical Engineering,550,84.5,74.1,3061,3000,3301,3200,3000,3375,3301,3200,3000,3375
2017,Singapore Institute of Technology,Technische Universität München,Bachelor of Science in Electrical Engineering & Information Technology,551,82.8,82.8,3504,3175,3591,3400,3000,4000,3591,3400,3000,4000
2017,Singapore Institute of Technology,The Culinary Institute of America,Bachelor of Professional Studies in Culinary Arts Management,552,87.9,54.5,2357,2300,2598,2300,2200,3259,2598,2300,2200,3259
2017,Singapore Institute of Technology,Singapore Institute of Technology -Trinity College Dublin / Trinity College Dublin,Bachelor in Science (Diagnostic Radiography) **,553,na,na,na,na,na,na,na,na,na,na,na,na
2017,Singapore Institute of Technology,Singapore Institute of Technology -Trinity College Dublin / Trinity College Dublin,Bachelor in Science (Occupational Therapy),554,100,97.1,3217,3250,3258,3300,3020,3450,3258,3300,3020,3450
2017,Singapore Institute of Technology,Singapore Institute of Technology -Trinity College Dublin / Trinity College Dublin,Bachelor in Science (Physiotherapy),555,100,96.8,3483,3350,3489,3400,3300,3500,3489,3400,3300,3500
2017,Singapore Institute of Technology,Singapore Institute of Technology -Trinity College Dublin / Trinity College Dublin,Bachelor in Science (Radiation Therapy) **,556,na,na,na,na,na,na,na,na,na,na,na,na
2017,Singapore Institute of Technology,University of Glasgow,Bachelor of Engineering with Honours in Aeronautical Engineering,557,81.3,65.6,3367,3100,3481,3200,2950,3700,3481,3200,2950,3700
2017,Singapore Institute of Technology,University of Glasgow,Bachelor of Engineering with Honours in Aerospace Systems,558,80,52.5,3207,3125,3280,3125,2625,3650,3280,3125,2625,3650
2017,Singapore Institute of Technology,University of Glasgow,Bachelor of Engineering with Honours in Mechanical Design Engineering,559,96.6,87.9,3608,3100,3670,3200,3000,3700,3670,3200,3000,3700
2017,Singapore Institute of Technology,University of Glasgow,Bachelor of Engineering with Honours in Mechatronics,560,94.6,86.5,3412,3050,3595,3400,3000,4000,3595,3400,3000,4000
2017,Singapore Institute of Technology,University of Glasgow,Bachelor of Science with Honours in Computing Science,561,95.8,85.9,3633,3600,3724,3600,3300,4200,3724,3600,3300,4200
2017,Singapore Institute of Technology,University of Manchester,Bachelor of Science with Honours in Nursing Practice,562,98.2,96.5,3507,3400,3741,3650,3600,3900,3741,3650,3600,3900
2017,Singapore Institute of Technology,University of Liverpool,Bachelor of Arts with Honours in Criminology and Security,563,86.4,69.5,3759,3800,3825,3800,3050,4160,3825,3800,3050,4160
2017,Singapore Institute of Technology,Wheelock College,Bachelor of Science in Early Childhood Education,564,96.4,92.9,2883,2900,2890,2900,2800,3000,2890,2900,2800,3000
2017,Singapore Institute of Technology,Singapore Institute of Technology,Bachelor of Accountancy with Honours,565,94.1,92.1,3073,3050,3113,3088,2975,3250,3113,3088,2975,3250
2017,Singapore Institute of Technology,Singapore Institute of Technology,Bachelor of Hospitality Business with Honours ^,566,94.7,84.2,2713,2700,2829,2800,2500,3100,2829,2800,2500,3100
2017,Singapore University of Technology and Design,na,Bachelor of Engineering (Engineering Product Development),567,89.9,87.3,3594,3600,3638,3600,3450,3800,3638,3600,3450,3800
2017,Singapore University of Technology and Design,na,Bachelor of Engineering (Information Systems Technology and Design),568,100,100,4146,4000,4175,4023,3600,4900,4175,4023,3600,4900
2017,Singapore University of Technology and Design,na,Bachelor of Engineering (Engineering Systems and Design),569,91.7,85.4,3856,3800,3956,3850,3600,4210,3956,3850,3600,4210
2017,Singapore University of Technology and Design,na,Bachelor of Science (Architecture and Sustainable Design) ###,570,na,na,na,na,na,na,na,na,na,na,na,na
2018,Nanyang Technological University,College of Business (Nanyang Business School),Accountancy,571,94.6,92.2,3214,3000,3245,3000,3000,3200,3245,3000,3000,3200
2018,Nanyang Technological University,College of Business (Nanyang Business School),Accountancy and Business,572,99.2,97.7,4391,4000,4456,4000,3600,4633,4456,4000,3600,4633
2018,Nanyang Technological University,College of Business (Nanyang Business School),Business,573,92.6,84.3,3646,3500,3776,3500,3200,4000,3776,3500,3200,4000
2018,Nanyang Technological University,College of Business (Nanyang Business School),Business and Computing ^,574,100,100,4536,4450,4572,4575,4200,4900,4572,4575,4200,4900
2018,Nanyang Technological University,College of Engineering,Aerospace Engineering,575,95.3,88.4,3710,3625,3873,3800,3365,4280,3873,3800,3365,4280
2018,Nanyang Technological University,College of Engineering,Aerospace Engineering and Economics **,576,na,na,na,na,na,na,na,na,na,na,na,na
2018,Nanyang Technological University,College of Engineering,Bioengineering,577,77.5,66.2,3457,3500,3660,3500,3200,4000,3660,3500,3200,4000
2018,Nanyang Technological University,College of Engineering,Business and Computer Engineering **,578,na,na,na,na,na,na,na,na,na,na,na,na
2018,Nanyang Technological University,College of Engineering,Chemical & Biomolecular Engineering,579,91.6,86,3461,3500,3782,3600,3300,4200,3782,3600,3300,4200
2018,Nanyang Technological University,College of Engineering,Chemical & Biomolecular Engineering and Economics **,580,na,na,na,na,na,na,na,na,na,na,na,na
2018,Nanyang Technological University,College of Engineering,Civil Engineering,581,96.5,96.5,3521,3400,3597,3500,3200,3816,3597,3500,3200,3816
2018,Nanyang Technological University,College of Engineering,Computer Engineering,582,95.8,95.8,3749,3700,3865,3775,3400,4200,3865,3775,3400,4200
2018,Nanyang Technological University,College of Engineering,Computer Engineering and Economics **,583,na,na,na,na,na,na,na,na,na,na,na,na
2018,Nanyang Technological University,College of Engineering,Computer Science,584,94.4,93,3970,3800,4062,4000,3500,4500,4062,4000,3500,4500
2018,Nanyang Technological University,College of Engineering,Electrical & Electronic Engineering,585,92.7,91,3625,3500,3772,3600,3323,4000,3772,3600,3323,4000
2018,Nanyang Technological University,College of Engineering,Environmental Engineering,586,92.1,81.6,3388,3360,3485,3400,3000,3500,3485,3400,3000,3500
2018,Nanyang Technological University,College of Engineering,Environmental Engineering and Economics **,587,na,na,na,na,na,na,na,na,na,na,na,na
2018,Nanyang Technological University,College of Engineering,Information Engineering & Media,588,93.2,89,3724,3725,3800,3750,3500,4140,3800,3750,3500,4140
2018,Nanyang Technological University,College of Engineering,Maritime Studies,589,93.3,90,3351,3300,3409,3350,3000,3640,3409,3350,3000,3640
2018,Nanyang Technological University,College of Engineering,Materials Engineering,590,86.5,81.9,3457,3400,3650,3500,3200,4000,3650,3500,3200,4000
2018,Nanyang Technological University,College of Engineering,Mechanical Engineering,591,85.6,81.1,3448,3500,3653,3500,3200,4000,3653,3500,3200,4000
2018,Nanyang Technological University,"College of Humanities, Arts & Social Sciences","Art, Design & Media",592,85.7,53.8,2930,2800,2986,3000,2600,3300,2986,3000,2600,3300
2018,Nanyang Technological University,"College of Humanities, Arts & Social Sciences",Chinese,593,86.4,76.3,3149,3150,3260,3500,3000,3518,3260,3500,3000,3518
2018,Nanyang Technological University,"College of Humanities, Arts & Social Sciences",Communication Studies,594,95,84.2,3085,3000,3166,3000,2750,3500,3166,3000,2750,3500
2018,Nanyang Technological University,"College of Humanities, Arts & Social Sciences",Economics,595,90.1,84,3604,3500,3755,3536,3200,3959,3755,3536,3200,3959
2018,Nanyang Technological University,"College of Humanities, Arts & Social Sciences",English,596,81.6,59.2,3051,3000,3124,3000,2600,3500,3124,3000,2600,3500
2018,Nanyang Technological University,"College of Humanities, Arts & Social Sciences",History,597,74.4,56.4,3593,3500,3719,3500,3260,4150,3719,3500,3260,4150
2018,Nanyang Technological University,"College of Humanities, Arts & Social Sciences",Linguistics & Multilingual Studies,598,79.2,45.8,3074,3200,3091,3200,2900,3500,3091,3200,2900,3500
2018,Nanyang Technological University,"College of Humanities, Arts & Social Sciences",Philosophy,599,80,76,3031,3000,3126,3000,2550,3500,3126,3000,2550,3500
2018,Nanyang Technological University,"College of Humanities, Arts & Social Sciences",Psychology,600,90.1,78,3316,3300,3355,3370,3000,3684,3355,3370,3000,3684
2018,Nanyang Technological University,"College of Humanities, Arts & Social Sciences",Public Policy and Global Affairs,601,80.6,71,3501,3350,3619,3350,3050,4018,3619,3350,3050,4018
2018,Nanyang Technological University,"College of Humanities, Arts & Social Sciences",Sociology,602,80.2,60.4,3275,3175,3374,3220,3000,3841,3374,3220,3000,3841
2018,Nanyang Technological University,College of Sciences,Biological Sciences,603,80.1,67,3232,3200,3319,3250,3035,3650,3319,3250,3035,3650
2018,Nanyang Technological University,College of Sciences,Biomedical Sciences **,604,na,na,na,na,na,na,na,na,na,na,na,na
2018,Nanyang Technological University,College of Sciences,Biomedical Sciences & Chinese Medicine # ^,605,90.9,81.8,2941,3000,2953,3000,2700,3100,2953,3000,2700,3100
2018,Nanyang Technological University,College of Sciences,Chemistry & Biological Chemistry,606,77.6,63.9,3205,3167,3427,3200,3000,3725,3427,3200,3000,3725
2018,Nanyang Technological University,College of Sciences,Environmental Earth Systems Sciences ^,607,76.2,57.1,3347,3440,3389,3440,3150,3900,3389,3440,3150,3900
2018,Nanyang Technological University,College of Sciences,Mathematical Sciences,608,87.1,75.9,3661,3600,3744,3650,3360,4000,3744,3650,3360,4000
2018,Nanyang Technological University,College of Sciences,Mathematics & Economics,609,96.3,83.3,3481,3500,3569,3600,3200,4000,3569,3600,3200,4000
2018,Nanyang Technological University,College of Sciences,Physics & Applied Physics,610,80.2,74.1,3468,3300,3576,3400,3025,3800,3576,3400,3025,3800
2018,Nanyang Technological University,National Institute of Education (NIE),Arts (With Education),611,100,99.2,3618,3750,3751,3800,3600,3806,3751,3800,3600,3806
2018,Nanyang Technological University,National Institute of Education (NIE),Science (With Education),612,100,100,3600,3800,3738,3800,3600,4000,3738,3800,3600,4000
2018,Nanyang Technological University,Sports Science and Management,Sport Science and Management,613,87,61.1,3172,3200,3382,3300,3000,3600,3382,3300,3000,3600
2018,Nanyang Technological University,Lee Kong Chian School of Medicine,Medicine ##,614,na,na,na,na,na,na,na,na,na,na,na,na
2018,National University of Singapore,Faculty of Arts & Social Sciences,Bachelor of Arts,615,83.7,56.6,3169,3070,3322,3200,2800,3600,3322,3200,2800,3600
2018,National University of Singapore,Faculty of Arts & Social Sciences,Bachelor of Arts (Hons),616,87.5,60.8,3290,3300,3377,3300,3000,3600,3377,3300,3000,3600
2018,Singapore University of Social Sciences,School of Business,Bachelor of Accountancy,617,98.7,97.5,2858,2850,2879,3000,2700,3000,2879,3000,2700,3000
2018,National University of Singapore,Faculty of Arts & Social Sciences,Bachelor of Social Sciences,618,88.2,74.5,3459,3400,3526,3400,3200,3800,3526,3400,3200,3800
2018,National University of Singapore,Faculty of Dentistry,Bachelor of Dental Surgery,619,100,100,4148,4050,4228,4050,4000,4450,4228,4050,4000,4450
2018,National University of Singapore,Faculty of Engineering,Bachelor of Engineering (Biomedical Engineering),620,79.4,69.8,3357,3300,3444,3389,3280,3650,3444,3389,3280,3650
2018,National University of Singapore,Faculty of Engineering,Bachelor of Engineering (Chemical Engineering),621,89.9,84.1,3768,3700,4050,4000,3500,4300,4050,4000,3500,4300
2018,National University of Singapore,Faculty of Engineering,Bachelor of Engineering (Civil Engineering),622,91.8,89.8,3520,3500,3627,3500,3300,3900,3627,3500,3300,3900
2018,National University of Singapore,Faculty of Engineering,Bachelor of Engineering (Electrical Engineering),623,91,83.4,3712,3600,3982,3700,3400,4546,3982,3700,3400,4546
2018,National University of Singapore,Faculty of Engineering,Bachelor of Engineering (Engineering Science) **,624,na,na,na,na,na,na,na,na,na,na,na,na
2018,National University of Singapore,Faculty of Engineering,Bachelor of Engineering (Environmental Engineering),625,88.9,74.6,3411,3300,3518,3400,3000,3868,3518,3400,3000,3868
2018,National University of Singapore,Faculty of Engineering,Bachelor of Engineering (Industrial and Systems Engineering),626,91.5,87.8,3889,3800,4051,3895,3600,4500,4051,3895,3600,4500
2018,National University of Singapore,Faculty of Engineering,Bachelor of Engineering (Materials Science and Engineering),627,88.6,86.4,3550,3600,3794,3600,3500,4305,3794,3600,3500,4305
2018,National University of Singapore,Faculty of Engineering,Bachelor of Engineering (Mechanical Engineering),628,92.8,86.9,3684,3500,3877,3700,3300,4100,3877,3700,3300,4100
2018,National University of Singapore,Faculty of Law,Bachelor of Laws #,629,97.3,92.6,5070,5000,5263,5500,4500,5840,5263,5500,4500,5840
2018,National University of Singapore,Faculty of Science,Bachelor of Science,630,81.6,47.2,3146,3000,3289,3100,2900,3850,3289,3100,2900,3850
2018,National University of Singapore,Faculty of Science,Bachelor of Science (Hons),631,87.3,72.8,3371,3300,3460,3400,3000,3725,3460,3400,3000,3725
2018,National University of Singapore,Faculty of Science,Bachelor of Science (Computational Biology) **,632,na,na,na,na,na,na,na,na,na,na,na,na
2018,National University of Singapore,Faculty of Science,Bachelor of Science (Pharmacy) #,633,96.6,93.2,3549,3500,3723,3650,3500,3900,3723,3650,3500,3900
2018,National University of Singapore,NUS Business School,Bachelor of Business Administration,634,95.7,84.8,3633,3150,3732,3225,3000,3750,3732,3225,3000,3750
2018,National University of Singapore,NUS Business School,Bachelor of Business Administration (Hons),635,96.6,90.9,4286,3800,4424,3895,3300,4748,4424,3895,3300,4748
2018,National University of Singapore,NUS Business School,Bachelor of Business Administration (Accountancy) ^,636,95.2,95.2,3209,3000,3522,3020,2700,3500,3522,3020,2700,3500
2018,National University of Singapore,NUS Business School,Bachelor of Business Administration (Accountancy) (Hons),637,97.6,95.3,3643,3100,3683,3200,3000,4000,3683,3200,3000,4000
2018,National University of Singapore,School of Computing,Bachelor of Computing (Communications and Media) **,638,na,na,na,na,na,na,na,na,na,na,na,na
2018,National University of Singapore,School of Computing,Bachelor of Computing (Computational Biology) **,639,na,na,na,na,na,na,na,na,na,na,na,na
2018,National University of Singapore,School of Computing,Bachelor of Computing (Computer Science),640,96.9,91.8,4577,4280,4658,4320,3900,5000,4658,4320,3900,5000
2018,National University of Singapore,School of Computing,Bachelor of Computing (Electronic Commerce) **,641,na,na,na,na,na,na,na,na,na,na,na,na
2018,National University of Singapore,School of Computing,Bachelor of Computing (Information Security) **,642,na,na,na,na,na,na,na,na,na,na,na,na
2018,National University of Singapore,School of Computing,Bachelor of Computing (Information Systems),643,98.4,95.3,4338,4375,4472,4458,4000,5000,4472,4458,4000,5000
2018,National University of Singapore,School of Computing,Bachelor of Science (Business Analytics),644,93.5,93.5,4432,4400,4499,4500,4000,5000,4499,4500,4000,5000
2018,National University of Singapore,School of Design & Environment,Bachelor of Arts (Architecture) # **,645,na,na,na,na,na,na,na,na,na,na,na,na
2018,National University of Singapore,School of Design & Environment,Bachelor of Arts (Industrial Design),646,87,69.6,3309,3200,3371,3250,3000,3800,3371,3250,3000,3800
2018,National University of Singapore,School of Design & Environment,Bachelor of Science (Project and Facilities Management),647,89,84.6,3189,3040,3237,3060,3000,3300,3237,3060,3000,3300
2018,National University of Singapore,School of Design & Environment,Bachelor of Science (Real Estate),648,91.7,85.1,3295,3300,3372,3300,3000,3600,3372,3300,3000,3600
2018,National University of Singapore,YLL School of Medicine,Bachelor of Medicine and Bachelor of Surgery # **,649,na,na,na,na,na,na,na,na,na,na,na,na
2018,National University of Singapore,YLL School of Medicine,Bachelor of Science (Nursing),650,94.6,94.6,3230,3250,3469,3450,3300,3500,3469,3450,3300,3500
2018,National University of Singapore,YLL School of Medicine,Bachelor of Science (Nursing) (Hons),651,98,98,3306,3350,3546,3550,3400,3750,3546,3550,3400,3750
2018,National University of Singapore,Yong Siew Toh Conservatory of Music,Bachelor of Music,652,81,23.8,2000,1750,2100,1800,1500,2700,2100,1800,1500,2700
2018,National University of Singapore,Yale-NUS College,Bachelor of Arts with Honours,653,90.5,81.1,4283,3600,4381,3630,3275,4642,4381,3630,3275,4642
2018,National University of Singapore,Yale-NUS College,Bachelor of Science with Honours ^,654,89.5,78.9,5017,4800,5136,4800,3600,6435,5136,4800,3600,6435
2018,National University of Singapore,Multidisciplinary Programmes,Bachelor of Engineering (Computer Engineering),655,88.6,84.3,4105,3800,4188,3975,3500,4900,4188,3975,3500,4900
2018,National University of Singapore,Multidisciplinary Programmes,Bachelor of Environmental Studies,656,84.2,55.3,3371,3414,3385,3414,3000,3600,3385,3414,3000,3600
2018,Singapore Institute of Technology,DigiPen Institute of Technology,Bachelor of Arts in Game Design ^,657,86.7,86.7,3277,3300,3324,3300,3196,3500,3324,3300,3196,3500
2018,Singapore Institute of Technology,DigiPen Institute of Technology,Bachelor of Fine Arts in Digital Art and Animation,658,91.2,52.9,2854,2800,2861,2800,2600,3000,2861,2800,2600,3000
2018,Singapore Institute of Technology,DigiPen Institute of Technology,Bachelor of Science in Computer Science and Game Design ^,659,94.7,89.5,3570,3600,3576,3600,3300,4000,3576,3600,3300,4000
2018,Singapore Institute of Technology,DigiPen Institute of Technology,Bachelor of Science in Computer Science in Real-Time Interactive Simulation,660,96.8,96.8,4031,4000,4088,4016,3830,4200,4088,4016,3830,4200
2018,Singapore Institute of Technology,Newcastle University,Bachelor of Engineering with Honours in Chemical Engineering,661,84.6,76.9,3193,3100,3451,3300,3000,3600,3451,3300,3000,3600
2020,National University of Singapore,Yale-NUS College,Bachelor of Arts with Honours,662,90.5,65.7,4242,3800,4370,3890,3475,5000,4370,3890,3475,5000
2018,Singapore Institute of Technology,Newcastle University,Bachelor of Engineering with Honours in Electrical Power Engineering,663,94.5,81.8,3382,3300,3438,3343,3050,3500,3438,3343,3050,3500
2018,Singapore Institute of Technology,Newcastle University,Bachelor of Engineering with Honours in Marine Engineering,664,97.1,94.3,3374,3250,3439,3250,3000,3600,3439,3250,3000,3600
2018,Singapore Institute of Technology,Newcastle University,Bachelor of Engineering with Honours in Mechanical Design and Manufacturing Engineering,665,93.5,82.3,3343,3200,3484,3253,3100,3600,3484,3253,3100,3600
2018,Singapore Institute of Technology,Newcastle University,Bachelor of Engineering with Honours in Naval Architecture ^,666,100,100,3368,3300,3479,3400,3300,3800,3479,3400,3300,3800
2018,Singapore Institute of Technology,Newcastle University,Bachelor of Engineering with Honours in Offshore Engineering ^,667,92.3,84.6,3245,3100,3545,3510,3100,3850,3545,3510,3100,3850
2018,Singapore Institute of Technology,Newcastle University,Bachelor of Science with Honours in Food and Human Nutrition,668,90.4,69.2,2837,2800,2895,2900,2625,3200,2895,2900,2625,3200
2018,Singapore Institute of Technology,Singapore Institute of Technology (SIT),Bachelor of Accountancy with Honours,669,96.3,91.5,3188,3050,3216,3075,3000,3250,3216,3075,3000,3250
2018,Singapore Institute of Technology,Singapore Institute of Technology (SIT),Bachelor of Engineering with Honours in Information & Communications Technology (Information Security) ^,670,100,100,4111,4000,4116,4045,4000,4400,4116,4045,4000,4400
2018,Singapore Institute of Technology,Singapore Institute of Technology (SIT),Bachelor of Engineering with Honours in Information & Communications Technology (Software Engineering),671,95.7,95.7,3838,4000,3914,4000,3600,4300,3914,4000,3600,4300
2018,Singapore Institute of Technology,Singapore Institute of Technology (SIT),Bachelor of Engineering with Honours in Sustainable Infrastructure Engineering (Land),672,98.3,96.6,3618,3456,3688,3550,3400,3800,3688,3550,3400,3800
2018,Singapore Institute of Technology,Singapore Institute of Technology (SIT),Bachelor of Hospitality Business with Honours,673,92.1,81.6,2898,2800,2991,2825,2600,3175,2991,2825,2600,3175
2018,Singapore Institute of Technology,SIT-University of Glasgow,Bachelor of Science with Honours in Nursing,674,95.3,90.7,3260,3350,3536,3500,3350,3800,3536,3500,3350,3800
2018,Singapore Institute of Technology,SIT-Trinity College Dublin / Trinity College Dublin,Bachelor in Science (Diagnostic Radiography) ^,675,95.8,87.5,3476,3300,3571,3350,3300,3800,3571,3350,3300,3800
2018,Singapore Institute of Technology,SIT-Trinity College Dublin / Trinity College Dublin,Bachelor in Science (Occupational Therapy),676,96.6,96.6,3409,3450,3431,3460,3300,3610,3431,3460,3300,3610
2018,Singapore Institute of Technology,SIT-Trinity College Dublin / Trinity College Dublin,Bachelor in Science (Physiotherapy),677,100,100,3258,3300,3276,3300,3000,3600,3276,3300,3000,3600
2018,Singapore Institute of Technology,SIT-Trinity College Dublin / Trinity College Dublin,Bachelor in Science (Radiation Therapy) **,678,na,na,na,na,na,na,na,na,na,na,na,na
2018,Singapore Institute of Technology,Technische Universität München,Bachelor of Science in Chemical Engineering,679,83.7,75.5,3048,3000,3298,3200,3000,3550,3298,3200,3000,3550
2018,Singapore Institute of Technology,Technische Universität München,Bachelor of Science in Electrical Engineering & Information Technology,680,83.3,69.4,3506,3500,3609,3500,3300,4000,3609,3500,3300,4000
2018,Singapore Institute of Technology,The Culinary Institute of America,Bachelor of Business Administration in Food Business Management,681,86.5,64.9,2643,2530,2929,2663,2415,3300,2929,2663,2415,3300
2018,Singapore Institute of Technology,The Glasgow School of Art,Bachelor of Arts with Honours in Communication Design,682,84.9,54.7,2818,2850,3055,2950,2550,3000,3055,2950,2550,3000
2018,Singapore Institute of Technology,The Glasgow School of Art,Bachelor of Arts with Honours in Interior Design,683,92.3,76.9,2710,2700,2796,2775,2500,3000,2796,2775,2500,3000
2018,Singapore Institute of Technology,University of Glasgow,Bachelor of Engineering with Honours in Aeronautical Engineering,684,78,70.7,3440,3200,3454,3200,3000,3500,3454,3200,3000,3500
2018,Singapore Institute of Technology,University of Glasgow,Bachelor of Engineering with Honours in Aerospace Systems,685,82.4,61.8,3412,3300,3451,3380,3025,3875,3451,3380,3025,3875
2018,Singapore Institute of Technology,University of Glasgow,Bachelor of Engineering with Honours in Mechanical Design Engineering,686,94.3,90.6,3587,3400,3718,3500,3100,4000,3718,3500,3100,4000
2018,Singapore Institute of Technology,University of Glasgow,Bachelor of Engineering with Honours in Mechatronics,687,93.7,87.3,3633,3500,3812,3600,3275,4298,3812,3600,3275,4298
2018,Singapore Institute of Technology,University of Glasgow,Bachelor of Science with Honours in Computing Science,688,94.7,89.3,3926,3929,3996,4000,3500,4225,3996,4000,3500,4225
2018,Singapore Institute of Technology,University of Liverpool,Bachelor of Arts with Honours in Criminology and Security,689,91.9,74.2,3645,3500,3726,3729,3260,4100,3726,3729,3260,4100
2018,Singapore Institute of Technology,Wheelock College,Bachelor of Science in Early Childhood Education,690,100,98.2,2897,2925,2911,2925,2800,3100,2911,2925,2800,3100
2018,Singapore Management University,School of Accountancy (4-year programme) *,Accountancy,691,96.4,92.3,3576,3000,3607,3000,3000,3650,3607,3000,3000,3650
2018,Singapore Management University,School of Accountancy (4-year programme) *,Accountancy (Cum Laude and above),692,96.3,95.1,4396,3450,4439,3550,3013,4773,4439,3550,3013,4773
2018,Singapore Management University,School of Business (4-year programme) *,Business Management,693,91.6,86.5,4017,3600,4133,3700,3250,4500,4133,3700,3250,4500
2018,Singapore Management University,School of Business (4-year programme) *,Business Management (Cum Laude and above),694,97.4,95.6,4433,4000,4544,4000,3500,4800,4544,4000,3500,4800
2018,Singapore Management University,School of Economics (4-year programme) *,Economics,695,91.1,85.6,4017,3500,4140,3700,3200,4600,4140,3700,3200,4600
2018,Singapore Management University,School of Economics (4-year programme) *,Economics (Cum Laude and above),696,93.4,89.5,4599,4000,4721,4000,3500,5200,4721,4000,3500,5200
2018,Singapore Management University,School of Information Systems (4-year programme) *,Information Systems,697,93.6,89.5,4058,4000,4160,4000,3600,4600,4160,4000,3600,4600
2018,Singapore Management University,School of Information Systems (4-year programme) *,Information Systems (Cum Laude and above),698,100,97.2,4584,4650,4659,4685,4200,5000,4659,4685,4200,5000
2018,Singapore Management University,School of Social Sciences (4-year programme) *,Social Sciences,699,85.6,74.4,3336,3200,3409,3210,3000,3710,3409,3210,3000,3710
2018,Singapore Management University,School of Social Sciences (4-year programme) *,Social Sciences (Cum Laude and above),700,84.2,78.9,3818,3550,3880,3600,3200,4100,3880,3600,3200,4100
2018,Singapore Management University,School of Law (4-year programme) *,Law #,701,92.7,90.8,4704,4500,4856,4500,4050,5600,4856,4500,4050,5600
2018,Singapore Management University,School of Law (4-year programme) *,Law (Cum Laude and above) #,702,94.4,92.6,4986,4750,5256,5513,4500,6000,5256,5513,4500,6000
2018,Singapore University of Social Sciences,School of Business,Bachelor of Science in Finance,703,88,84,3364,3400,3393,3400,3200,3500,3393,3400,3200,3500
2018,Singapore University of Social Sciences,School of Business,Bachelor of Science in Marketing,704,94,84,2925,3000,3023,3000,2650,3245,3023,3000,2650,3245
2018,Singapore University of Technology and Design,na,Bachelor of Engineering (Engineering Product Development),705,94.7,86.3,3773,3700,3826,3700,3500,4000,3826,3700,3500,4000
2018,Singapore University of Technology and Design,na,Bachelor of Engineering (Information Systems Technology and Design),706,97.3,93.3,4448,4300,4544,4400,4000,5000,4544,4400,4000,5000
2018,Singapore University of Technology and Design,na,Bachelor of Engineering (Engineering Systems and Design),707,90,90,3798,3800,3893,3800,3600,4000,3893,3800,3600,4000
2018,Singapore University of Technology and Design,na,Bachelor of Science (Architecture and Sustainable Design),708,95.1,88.5,3848,3900,3945,4000,3600,4215,3945,4000,3600,4215
2019,Nanyang Technological University,College of Business (Nanyang Business School),Accountancy,709,97.5,94,3220,3000,3254,3000,3000,3200,3254,3000,3000,3200
2019,Nanyang Technological University,College of Business (Nanyang Business School),Accountancy and Business,710,97.9,95.2,4284,4000,4359,4000,3200,4600,4359,4000,3200,4600
2019,Nanyang Technological University,College of Business (Nanyang Business School),Business,711,93.8,83.1,3707,3500,3797,3600,3200,4000,3797,3600,3200,4000
2019,Nanyang Technological University,College of Business (Nanyang Business School),Business and Computing ^,712,94.4,83.3,4479,4833,4562,4833,3600,5000,4562,4833,3600,5000
2019,Nanyang Technological University,College of Engineering,Aerospace Engineering,713,87.5,80.7,3816,3700,3939,3800,3500,4600,3939,3800,3500,4600
2019,Nanyang Technological University,College of Engineering,Aerospace Engineering and Economics **,714,na,na,na,na,na,na,na,na,na,na,na,na
2019,Nanyang Technological University,College of Engineering,Bioengineering,715,81.3,64.1,3445,3400,3548,3500,3200,3700,3548,3500,3200,3700
2019,Nanyang Technological University,College of Engineering,Business and Computer Engineering **,716,na,na,na,na,na,na,na,na,na,na,na,na
2019,Nanyang Technological University,College of Engineering,Chemical and Biomolecular Engineering,717,88.6,78.1,3681,3600,3921,3800,3500,4300,3921,3800,3500,4300
2019,Nanyang Technological University,College of Engineering,Chemical and Biomolecular Engineering and Economics **,718,na,na,na,na,na,na,na,na,na,na,na,na
2019,Nanyang Technological University,College of Engineering,Civil Engineering,719,94.9,90.6,3525,3400,3582,3500,3300,3900,3582,3500,3300,3900
2019,Nanyang Technological University,College of Engineering,Civil Engineering and Economics **,720,na,na,na,na,na,na,na,na,na,na,na,na
2019,Nanyang Technological University,College of Engineering,Computer Engineering,721,94.6,94.6,3994,4000,4074,4000,3600,4500,4074,4000,3600,4500
2019,Nanyang Technological University,College of Engineering,Computer Science,722,97.4,95.9,4270,4050,4309,4200,3800,4900,4309,4200,3800,4900
2019,Nanyang Technological University,College of Engineering,Electrical and Electronic Engineering,723,92.6,87.1,3769,3700,3884,3700,3500,4000,3884,3700,3500,4000
2019,Nanyang Technological University,College of Engineering,Environmental Engineering,724,83.9,77.4,3574,3500,3596,3510,3400,3800,3596,3510,3400,3800
2019,Nanyang Technological University,College of Engineering,Environmental Engineering and Economics **,725,na,na,na,na,na,na,na,na,na,na,na,na
2019,Nanyang Technological University,College of Engineering,Information Engineering and Media,726,90.7,85.3,3934,3970,4006,4000,3600,4350,4006,4000,3600,4350
2019,Nanyang Technological University,College of Engineering,Maritime Studies,727,98.3,93.2,3512,3400,3669,3500,3300,3700,3669,3500,3300,3700
2019,Nanyang Technological University,College of Engineering,Materials Engineering,728,82,76,3601,3500,3817,3600,3300,4175,3817,3600,3300,4175
2019,Nanyang Technological University,College of Engineering,Materials Engineering and Economics **,729,na,na,na,na,na,na,na,na,na,na,na,na
2019,Nanyang Technological University,College of Engineering,Mechanical Engineering,730,84.5,82.1,3608,3500,3728,3600,3380,4005,3728,3600,3380,4005
2019,Nanyang Technological University,College of Engineering,Mechanical Engineering and Economics **,731,na,na,na,na,na,na,na,na,na,na,na,na
2019,Nanyang Technological University,"College of Humanities, Arts & Social Sciences","Art, Design & Media",732,83.6,50.9,3031,3000,3068,3000,2800,3500,3068,3000,2800,3500
2019,Nanyang Technological University,"College of Humanities, Arts & Social Sciences",Chinese,733,90.1,79,3158,3150,3260,3210,2980,3500,3260,3210,2980,3500
2019,Nanyang Technological University,"College of Humanities, Arts & Social Sciences",Communication Studies,734,90.4,69.4,3220,3200,3264,3200,2800,3500,3264,3200,2800,3500
2019,Nanyang Technological University,"College of Humanities, Arts & Social Sciences",Economics,735,88.2,79.8,3385,3300,3453,3400,3050,3600,3453,3400,3050,3600
2019,Nanyang Technological University,"College of Humanities, Arts & Social Sciences",English,736,83.8,64.9,2987,3000,2997,3000,2565,3500,2997,3000,2565,3500
2019,Nanyang Technological University,"College of Humanities, Arts & Social Sciences",History,737,73,56.8,3449,3500,3498,3500,3200,3800,3498,3500,3200,3800
2019,Nanyang Technological University,"College of Humanities, Arts & Social Sciences",Linguistics And Multilingual Studies,738,81.7,65,3265,3160,3365,3200,3000,3740,3365,3200,3000,3740
2019,Nanyang Technological University,"College of Humanities, Arts & Social Sciences",Philosophy ^,739,82.6,69.6,3288,3300,3369,3500,3300,3584,3369,3500,3300,3584
2019,Nanyang Technological University,"College of Humanities, Arts & Social Sciences",Psychology,740,89.2,73.1,3463,3350,3506,3400,3100,3800,3506,3400,3100,3800
2019,Nanyang Technological University,"College of Humanities, Arts & Social Sciences",Public Policy And Global Affairs,741,90.2,87.8,3756,3691,3868,3850,3500,4345,3868,3850,3500,4345
2019,Nanyang Technological University,"College of Humanities, Arts & Social Sciences",Sociology,742,86.9,70.5,3305,3200,3441,3300,3040,3600,3441,3300,3040,3600
2019,Nanyang Technological University,College of Sciences,Biological Sciences,743,81.6,66.3,3315,3300,3450,3300,3100,3600,3450,3300,3100,3600
2019,Nanyang Technological University,College of Sciences,Biomedical Sciences & Chinese Medicine # ^,744,95.2,85.7,2964,3000,2979,3000,2780,3200,2979,3000,2780,3200
2019,Nanyang Technological University,College of Sciences,Chemistry & Biological Chemistry,745,80.9,66.2,3246,3200,3338,3400,3000,3600,3338,3400,3000,3600
2019,Nanyang Technological University,College of Sciences,Environmental Earth Systems Sciences ^,746,87.5,79.2,3401,3500,3416,3500,3200,3500,3416,3500,3200,3500
2019,Nanyang Technological University,College of Sciences,Mathematical Sciences,747,91.2,79.6,3741,3549,3848,3599,3215,4070,3848,3599,3215,4070
2019,Nanyang Technological University,College of Sciences,Mathematics & Economics,748,93.5,84.8,3838,3570,3996,3700,3400,4167,3996,3700,3400,4167
2019,Nanyang Technological University,College of Sciences,Physics & Applied Physics,749,90,78.6,3782,3500,3849,3500,3300,4200,3849,3500,3300,4200
2019,Nanyang Technological University,Sports Science and Management,Sports Science and Management,750,87,55.6,3289,3200,3438,3350,3000,3660,3438,3350,3000,3660
2019,Nanyang Technological University,National Institute of Education (NIE),Arts (with Education),751,100,100,3629,3800,3710,3800,3600,3806,3710,3800,3600,3806
2019,Nanyang Technological University,National Institute of Education (NIE),Science (with Education),752,100,100,3719,3800,3758,3800,3660,3840,3758,3800,3660,3840
2019,Nanyang Technological University,Lee Kong Chian School of Medicine,Medicine #,753,100,100,4932,4700,5661,5700,5200,6092,5661,5700,5200,6092
2019,National University of Singapore,Faculty of Arts & Social Sciences,Bachelor of Arts,754,84.9,64.5,3225,3000,3456,3200,2800,3700,3456,3200,2800,3700
2019,National University of Singapore,Faculty of Arts & Social Sciences,Bachelor of Arts (Hons),755,92.7,68.2,3421,3500,3537,3500,3250,3800,3537,3500,3250,3800
2019,National University of Singapore,Faculty of Arts & Social Sciences,Bachelor of Social Sciences,756,88,75.9,3590,3500,3674,3500,3212,3850,3674,3500,3212,3850
2019,National University of Singapore,Faculty of Dentistry,Bachelor of Dental Surgery,757,100,97.3,4057,4200,4068,4200,4000,4500,4068,4200,4000,4500
2019,National University of Singapore,Faculty of Engineering,Bachelor of Engineering (Biomedical Engineering),758,80.4,68.6,3480,3500,3535,3500,3200,3800,3535,3500,3200,3800
2019,National University of Singapore,Faculty of Engineering,Bachelor of Engineering (Chemical Engineering),759,92.4,86.7,3802,3700,3959,3950,3500,4300,3959,3950,3500,4300
2019,National University of Singapore,Faculty of Engineering,Bachelor of Engineering (Civil Engineering),760,95,93,3685,3500,3746,3600,3400,4025,3746,3600,3400,4025
2019,National University of Singapore,Faculty of Engineering,Bachelor of Engineering (Electrical Engineering),761,89.6,85.2,3957,3800,4101,4000,3600,4600,4101,4000,3600,4600
2019,National University of Singapore,Faculty of Engineering,Bachelor of Engineering (Engineering Science) ^,762,84.6,84.6,4115,3500,4285,3750,3400,5200,4285,3750,3400,5200
2019,National University of Singapore,Faculty of Engineering,Bachelor of Engineering (Environmental Engineering),763,89.5,80.7,3473,3400,3569,3400,3200,3900,3569,3400,3200,3900
2019,National University of Singapore,Faculty of Engineering,Bachelor of Engineering (Industrial and Systems Engineering),764,97.6,96.5,4303,3850,4451,4000,3500,4600,4451,4000,3500,4600
2019,National University of Singapore,Faculty of Engineering,Bachelor of Engineering (Materials Science and Engineering),765,78.6,76.2,3796,3700,4086,4000,3700,4600,4086,4000,3700,4600
2019,National University of Singapore,Faculty of Engineering,Bachelor of Engineering (Mechanical Engineering),766,88.6,86.7,3745,3500,3847,3700,3400,4300,3847,3700,3400,4300
2019,National University of Singapore,Faculty of Law,Bachelor of Laws #,767,95.7,93,5068,5000,5160,5400,4500,5800,5160,5400,4500,5800
2019,National University of Singapore,Faculty of Science,Bachelor of Science,768,84,59.3,3181,3000,3320,3100,2900,3600,3320,3100,2900,3600
2019,National University of Singapore,Faculty of Science,Bachelor of Science (Hons) ^,769,88.5,72.3,3510,3355,3605,3500,3100,3800,3605,3500,3100,3800
2019,National University of Singapore,Faculty of Science,Bachelor of Science (Computational Biology) **,770,na,na,na,na,na,na,na,na,na,na,na,na
2019,National University of Singapore,Faculty of Science,Bachelor of Science (Pharmacy) #,771,100,95.5,3648,3600,3840,3750,3500,4000,3840,3750,3500,4000
2019,National University of Singapore,NUS Business School,Bachelor of Business Administration,772,100,82.6,4799,4000,4925,4000,3400,5500,4925,4000,3400,5500
2019,National University of Singapore,NUS Business School,Bachelor of Business Administration (Hons),773,95.5,91,4451,4000,4593,4150,3500,5000,4593,4150,3500,5000
2019,National University of Singapore,NUS Business School,Bachelor of Business Administration (Accountancy) ^,774,93.8,93.8,3897,3000,4005,3000,3000,3800,4005,3000,3000,3800
2019,National University of Singapore,NUS Business School,Bachelor of Business Administration (Accountancy) (Hons),775,97.8,97.8,4008,3500,4093,3600,3000,4500,4093,3600,3000,4500
2019,National University of Singapore,School of Computing,Bachelor of Computing (Computer Science),776,92.8,90.6,5477,5000,5571,5000,4205,5585,5571,5000,4205,5585
2019,National University of Singapore,School of Computing,Bachelor of Computing (Electronic Commerce) **,777,na,na,na,na,na,na,na,na,na,na,na,na
2019,National University of Singapore,School of Computing,Bachelor of Computing (Information Security) **,778,na,na,na,na,na,na,na,na,na,na,na,na
2019,National University of Singapore,School of Computing,Bachelor of Computing (Information Systems),779,95.9,95.9,4210,4000,4330,4228,4000,4685,4330,4228,4000,4685
2019,National University of Singapore,School of Computing,Bachelor of Science (Business Analytics),780,100,100,4811,5000,4881,5000,4050,5200,4881,5000,4050,5200
2019,National University of Singapore,School of Design & Environment,Bachelor of Arts (Architecture) #,781,100,96,4156,4010,4199,4100,3800,4500,4199,4100,3800,4500
2019,National University of Singapore,School of Design & Environment,Bachelor of Arts (Industrial Design) ^,782,86.2,48.3,3142,3200,3245,3300,3000,3500,3245,3300,3000,3500
2019,National University of Singapore,School of Design & Environment,Bachelor of Science (Project and Facilities Management),783,88.3,80.6,3189,3100,3243,3155,3000,3480,3243,3155,3000,3480
2019,National University of Singapore,School of Design & Environment,Bachelor of Science (Real Estate),784,95.3,89.6,3431,3400,3494,3400,3100,3650,3494,3400,3100,3650
2019,National University of Singapore,Yong Loo Lin School (Medicine),Bachelor of Medicine and Bachelor of Surgery #,785,99.5,99.5,4607,4600,5218,5237,4950,5657,5218,5237,4950,5657
2019,National University of Singapore,Yong Loo Lin School (Medicine),Bachelor of Science (Nursing),786,93.5,89.1,3123,3250,3314,3358,3200,3450,3314,3358,3200,3450
2019,National University of Singapore,Yong Loo Lin School (Medicine),Bachelor of Science (Nursing) (Hons),787,98.8,97.5,3389,3450,3612,3650,3515,3750,3612,3650,3515,3750
2019,National University of Singapore,YST Conservatory of Music,Bachelor of Music,788,82.6,39.1,3531,3500,3575,3500,2875,3900,3575,3500,2875,3900
2019,National University of Singapore,Yale-NUS College,Bachelor of Arts with Honours,789,96,77,4066,3600,4197,3684,3400,4567,4197,3684,3400,4567
2019,National University of Singapore,Yale-NUS College,Bachelor of Science with Honours ^,790,94.7,89.5,6962,5000,7139,5000,4150,9967,7139,5000,4150,9967
2019,National University of Singapore,Multi-Disciplinary Programmes,Bachelor of Engineering (Computer Engineering),791,92.9,91.7,4653,4000,4732,4000,3750,4900,4732,4000,3750,4900
2019,National University of Singapore,Multi-Disciplinary Programmes,Bachelor of Environmental Studies,792,88.4,67.4,3329,3300,3332,3325,3000,3600,3332,3325,3000,3600
2019,Singapore Institute of Technology,DigiPen Institute of Technology,Bachelor of Arts in Game Design ^,793,83.3,79.2,3122,3120,3167,3220,3000,3500,3167,3220,3000,3500
2019,Singapore Institute of Technology,DigiPen Institute of Technology,Bachelor of Fine Arts in Digital Art and Animation,794,81.3,50,3036,3150,3051,3150,2750,3275,3051,3150,2750,3275
2019,Singapore Institute of Technology,DigiPen Institute of Technology,Bachelor of Science in Computer Science and Game Design ^,795,91.3,87,3760,3800,3791,3800,3550,4000,3791,3800,3550,4000
2019,Singapore Institute of Technology,DigiPen Institute of Technology,Bachelor of Science in Computer Science in Real-Time Interactive Simulation,796,100,94.9,4447,4400,4474,4400,4000,5200,4474,4400,4000,5200
2019,Singapore Institute of Technology,Singapore Institute of Technology (SIT),Bachelor of Accountancy with Honours,797,93.7,89.2,3181,3100,3239,3100,3000,3250,3239,3100,3000,3250
2019,Singapore Institute of Technology,Singapore Institute of Technology (SIT),Bachelor of Engineering with Honours in Information & Communications Technology (Information Security),798,97.5,95,4171,4000,4319,4100,3900,5000,4319,4100,3900,5000
2019,Singapore Institute of Technology,Singapore Institute of Technology (SIT),Bachelor of Engineering with Honours in Information & Communications Technology (Software Engineering),799,100,97.4,4090,4034,4188,4190,3600,4550,4188,4190,3600,4550
2019,Singapore Institute of Technology,Singapore Institute of Technology (SIT),Bachelor of Engineering with Honours in Pharmaceutical Engineering,800,92.2,90.6,3237,3162,3748,3660,3500,4044,3748,3660,3500,4044
2019,Singapore Institute of Technology,Singapore Institute of Technology (SIT),Bachelor of Engineering with Honours in Sustainable Infrastructure Engineering (Building Services),801,92.5,92.5,3433,3360,3484,3500,3200,3700,3484,3500,3200,3700
2019,Singapore Institute of Technology,Singapore Institute of Technology (SIT),Bachelor of Engineering with Honours in Sustainable Infrastructure Engineering (Land),802,93.8,90.6,3856,3800,3976,3842,3700,4210,3976,3842,3700,4210
2019,Singapore Institute of Technology,Singapore Institute of Technology (SIT),Bachelor of Engineering with Honours in Telematics (Intelligent Transportation Systems Engineering),803,100,97,3777,3750,3811,3750,3500,4000,3811,3750,3500,4000
2019,Singapore Institute of Technology,Singapore Institute of Technology (SIT),Bachelor of Hospitality Business with Honours,804,89.1,74.6,2972,2800,3102,3000,2800,3270,3102,3000,2800,3270
2019,Singapore Institute of Technology,SIT-DigiPen Institute of Technology,Bachelor of Engineering in Systems Engineering (ElectroMechanical Systems) ^,805,95.2,90.5,3931,3921,4024,3975,3500,4470,4024,3975,3500,4470
2019,Singapore Institute of Technology,SIT-Massey University,Bachelor of Food Technology with Honours,806,93,88.4,2962,2975,2978,2975,2750,3250,2978,2975,2750,3250
2019,Singapore Institute of Technology,SIT-Newcastle University,Bachelor of Engineering with Honours in Chemical Engineering,807,82.2,73.3,3217,3200,3463,3500,3200,3600,3463,3500,3200,3600
2019,Singapore Institute of Technology,SIT-Newcastle University,Bachelor of Engineering with Honours in Electrical Power Engineering ^,808,91.3,82.6,3489,3400,3542,3500,3250,3600,3542,3500,3250,3600
2019,Singapore Institute of Technology,SIT-Newcastle University,Bachelor of Engineering with Honours in Marine Engineering ^,809,100,100,3318,3300,3393,3300,3200,3521,3393,3300,3200,3521
2019,Singapore Institute of Technology,SIT-Newcastle University,Bachelor of Engineering with Honours in Mechanical Design and Manufacturing Engineering ^,810,80,66.7,3227,3100,3269,3100,3050,3500,3269,3100,3050,3500
2019,Singapore Institute of Technology,SIT-Newcastle University,Bachelor of Engineering with Honours in Naval Architecture **,811,na,na,na,na,na,na,na,na,na,na,na,na
2019,Singapore Institute of Technology,SIT-Newcastle University,Bachelor of Engineering with Honours in Offshore Engineering **,812,na,na,na,na,na,na,na,na,na,na,na,na
2019,Singapore Institute of Technology,SIT-Trinity College Dublin / Trinity College Dublin,Bachelor in Science (Diagnostic Radiography) **,813,na,na,na,na,na,na,na,na,na,na,na,na
2019,Singapore Institute of Technology,SIT-Trinity College Dublin / Trinity College Dublin,Bachelor in Science (Occupational Therapy),814,100,100,3429,3400,3466,3425,3308,3650,3466,3425,3308,3650
2019,Singapore Institute of Technology,SIT-Trinity College Dublin / Trinity College Dublin,Bachelor in Science (Physiotherapy),815,98.3,98.3,3479,3400,3498,3400,3400,3620,3498,3400,3400,3620
2019,Singapore Institute of Technology,SIT-Trinity College Dublin / Trinity College Dublin,Bachelor in Science (Radiation Therapy) **,816,na,na,na,na,na,na,na,na,na,na,na,na
2019,Singapore Institute of Technology,SIT-University of Glasgow,Bachelor of Science with Honours in Nursing,817,100,95.8,3522,3500,3772,3800,3450,4085,3772,3800,3450,4085
2019,Singapore Institute of Technology,Technische Universität München,Bachelor of Science in Chemical Engineering,818,81.8,77.3,3213,3100,3471,3300,3110,3600,3471,3300,3110,3600
2019,Singapore Institute of Technology,Technische Universität München,Bachelor of Science in Electrical Engineering & Information Technology **,819,na,na,na,na,na,na,na,na,na,na,na,na
2019,Singapore Institute of Technology,The Culinary Institute of America,Bachelor of Business Administration in Food Business Management ^,820,81,61.9,2532,2350,2852,2625,2200,3350,2852,2625,2200,3350
2019,Singapore Institute of Technology,The Glasgow School of Art,Bachelor of Arts with Honours in Communication Design,821,78.7,55.3,2724,2800,2832,2800,2450,3000,2832,2800,2450,3000
2019,Singapore Institute of Technology,The Glasgow School of Art,Bachelor of Arts with Honours in Interior Design,822,87.1,80.6,2692,2700,2760,2700,2400,3000,2760,2700,2400,3000
2019,Singapore Institute of Technology,University of Glasgow,Bachelor of Engineering with Honours in Aeronautical Engineering,823,77.1,64.6,3500,3500,3597,3500,3200,4000,3597,3500,3200,4000
2019,Singapore Institute of Technology,University of Glasgow,Bachelor of Engineering with Honours in Aerospace Systems,824,82.4,67.6,3863,3550,3993,3700,3400,4600,3993,3700,3400,4600
2019,Singapore Institute of Technology,University of Glasgow,Bachelor of Engineering with Honours in Mechanical Design Engineering,825,97,93.9,3569,3500,3722,3500,3300,3800,3722,3500,3300,3800
2019,Singapore Institute of Technology,University of Glasgow,Bachelor of Engineering with Honours in Mechatronics,826,93.2,83.1,3764,3600,3793,3600,3300,4000,3793,3600,3300,4000
2019,Singapore Institute of Technology,University of Glasgow,Bachelor of Science with Honours in Computing Science,827,92.3,89.2,4294,4000,4366,4200,3700,5100,4366,4200,3700,5100
2019,Singapore Institute of Technology,University of Liverpool,Bachelor of Arts with Honours in Criminology and Security,828,80.2,70.4,3647,3526,3823,3695,3400,4050,3823,3695,3400,4050
2019,Singapore Management University,School of Accountancy (4-year programme) *,Accountancy,829,96.4,93.7,3753,3000,3802,3050,3000,4000,3802,3050,3000,4000
2019,Singapore Management University,School of Accountancy (4-year programme) *,Accountancy (Cum Laude and above),830,97.9,97.9,4364,3500,4431,3600,3000,5000,4431,3600,3000,5000
2019,Singapore Management University,School of Business (4-year programme) *,Business Management,831,91,84.8,4056,3600,4181,3750,3300,4600,4181,3750,3300,4600
2019,Singapore Management University,School of Business (4-year programme) *,Business Management (Cum Laude and above),832,93,90.4,4504,4000,4614,4167,3600,5120,4614,4167,3600,5120
2019,Singapore Management University,School of Economics (4-year programme) *,Economics,833,87.1,81.3,4042,3800,4159,3900,3500,4500,4159,3900,3500,4500
2019,Singapore Management University,School of Economics (4-year programme) *,Economics (Cum Laude and above),834,94.2,89.9,4401,4000,4520,4038,3600,4600,4520,4038,3600,4600
2019,Singapore Management University,School of Information Systems (4-year programme) *,Information Systems,835,95.1,90.2,4413,4166,4549,4300,4000,5000,4549,4300,4000,5000
2019,Singapore Management University,School of Information Systems (4-year programme) *,Information Systems (Cum Laude and above),836,98,96,5029,5000,5212,5000,4300,5550,5212,5000,4300,5550
2019,Singapore Management University,School of Social Sciences (4-year programme) *,Social Sciences,837,92.2,82.8,3523,3400,3629,3500,3065,4000,3629,3500,3065,4000
2019,Singapore Management University,School of Social Sciences (4-year programme) *,Social Sciences (Cum Laude and above),838,92.7,90.2,3599,3500,3742,3500,3100,4070,3742,3500,3100,4070
2019,Singapore Management University,School of Law (4-year programme) *,Law #,839,99.1,98.2,4942,4600,5064,4900,4200,5800,5064,4900,4200,5800
2019,Singapore Management University,School of Law (4-year programme) *,Law (Cum Laude and above) #,840,98.6,97.1,5136,5000,5324,5550,4500,6000,5324,5550,4500,6000
2019,Singapore University of Social Sciences,S R Nathan School of Human Development,Bachelor of Human Resource Management,841,87.1,74.2,2942,3000,2975,3000,2800,3300,2975,3000,2800,3300
2019,Singapore University of Social Sciences,School of Business,Bachelor of Accountancy,842,91.1,83.3,2880,3000,2900,3000,2750,3000,2900,3000,2750,3000
2019,Singapore University of Social Sciences,School of Business,Bachelor of Science in Finance,843,88.6,88.6,3708,3400,3722,3450,3085,3750,3722,3450,3085,3750
2019,Singapore University of Social Sciences,School of Business,Bachelor of Science in Marketing,844,88.3,70,2993,3000,3169,3000,2800,3400,3169,3000,2800,3400
2019,Singapore University of Technology and Design,na,Bachelor of Engineering (Engineering Product Development),845,84.2,80.2,3991,3900,4042,4000,3660,4500,4042,4000,3660,4500
2019,Singapore University of Technology and Design,na,Bachelor of Engineering (Information Systems Technology and Design),846,88.8,85.7,4599,4400,4636,4400,3800,5000,4636,4400,3800,5000
2019,Singapore University of Technology and Design,na,Bachelor of Engineering (Engineering Systems and Design),847,89.9,87.3,3944,3800,4082,4000,3500,4400,4082,4000,3500,4400
2019,Singapore University of Technology and Design,na,Bachelor of Science (Architecture and Sustainable Design),848,100,91.8,3923,3897,3985,3900,3600,4100,3985,3900,3600,4100
2020,Nanyang Technological University,College of Business (Nanyang Business School),Accountancy,849,96,88.7,3213,3000,3228,3000,3000,3100,3228,3000,3000,3100
2020,Nanyang Technological University,College of Business (Nanyang Business School),Accountancy and Business,850,97.6,91.3,4615,4327,4704,4405,3500,5000,4704,4405,3500,5000
2020,Nanyang Technological University,College of Business (Nanyang Business School),Business,851,95.2,66.8,3973,3750,4113,3800,3300,4429,4113,3800,3300,4429
2020,Nanyang Technological University,College of Business (Nanyang Business School),Double Degree in Business and Computer Engineering/Computing,852,97.4,97.4,5216,5200,5537,5400,5000,5750,5537,5400,5000,5750
2020,Nanyang Technological University,College of Engineering,Aerospace Engineering,853,91.2,75.8,4110,3980,4284,4000,3800,4945,4284,4000,3800,4945
2020,Nanyang Technological University,College of Engineering,Bioengineering,854,89.1,43.6,3428,3400,3473,3450,3200,3800,3473,3450,3200,3800
2020,Nanyang Technological University,College of Engineering,Chemical and Biomolecular Engineering,855,95,83,3732,3600,3948,3900,3500,4300,3948,3900,3500,4300
2020,Nanyang Technological University,College of Engineering,Civil Engineering,856,95.7,87,3458,3400,3495,3500,3200,3800,3495,3500,3200,3800
2020,Nanyang Technological University,College of Engineering,Computer Engineering,857,97.2,94.4,4069,4100,4136,4100,3627,4845,4136,4100,3627,4845
2020,Nanyang Technological University,College of Engineering,Computer Science,858,92.2,86.1,4508,4250,4558,4300,3880,5000,4558,4300,3880,5000
2020,Nanyang Technological University,College of Engineering,Double Degree in Engineering and Economics ^,859,100,94.1,4459,4450,4516,4450,3825,5050,4516,4450,3825,5050
2020,Nanyang Technological University,College of Engineering,Electrical and Electronic Engineering,860,94.5,75.1,3925,3800,4004,3880,3500,4370,4004,3880,3500,4370
2020,Nanyang Technological University,College of Engineering,Environmental Engineering,861,90.2,58.5,3364,3375,3444,3450,3200,3800,3444,3450,3200,3800
2020,Nanyang Technological University,College of Engineering,Information Engineering and Media,862,96,70,4085,4000,4208,4000,3500,4500,4208,4000,3500,4500
2020,Nanyang Technological University,College of Engineering,Maritime Studies,863,90.8,78.5,3608,3500,3646,3500,3300,3875,3646,3500,3300,3875
2020,Nanyang Technological University,College of Engineering,Materials Engineering,864,91.5,69,3613,3600,3755,3700,3500,4000,3755,3700,3500,4000
2020,Nanyang Technological University,College of Engineering,Mechanical Engineering,865,91.7,67.5,3861,3700,3977,3850,3500,4432,3977,3850,3500,4432
2020,Nanyang Technological University,"College of Humanities, Arts & Social Sciences","Art, Design and Media",866,90.4,35.7,2858,2800,2925,2800,2500,3300,2925,2800,2500,3300
2020,Nanyang Technological University,"College of Humanities, Arts & Social Sciences",Chinese,867,83.8,63.5,3251,3350,3310,3500,3000,3500,3310,3500,3000,3500
2020,Nanyang Technological University,"College of Humanities, Arts & Social Sciences",Communication Studies,868,94.9,66.7,3378,3300,3440,3340,3000,3800,3440,3340,3000,3800
2020,Nanyang Technological University,"College of Humanities, Arts & Social Sciences",Economics,869,91.8,63.5,3756,3700,3926,3797,3400,4050,3926,3797,3400,4050
2020,Nanyang Technological University,"College of Humanities, Arts & Social Sciences",English,870,90.9,43.2,3507,3450,3561,3450,3128,3900,3561,3450,3128,3900
2020,Nanyang Technological University,"College of Humanities, Arts & Social Sciences",History,871,87.2,44.7,3558,3575,3644,3650,3250,4025,3644,3650,3250,4025
2020,Nanyang Technological University,"College of Humanities, Arts & Social Sciences",Inter-Disciplinary Double Major ^,872,95.8,50,3608,3300,3797,3854,3200,4500,3797,3854,3200,4500
2020,Nanyang Technological University,"College of Humanities, Arts & Social Sciences",Linguistics and Multilingual Studies,873,96.6,63.8,3371,3300,3472,3350,3000,3900,3472,3350,3000,3900
2020,Nanyang Technological University,"College of Humanities, Arts & Social Sciences",Philosophy,874,96.3,70.4,3417,3300,3580,3650,3300,3850,3580,3650,3300,3850
2020,Nanyang Technological University,"College of Humanities, Arts & Social Sciences",Psychology,875,83.8,53.5,3315,3200,3433,3300,3100,3650,3433,3300,3100,3650
2020,Nanyang Technological University,"College of Humanities, Arts & Social Sciences",Public Policy and Global Affairs,876,92.5,67.5,3989,3710,4043,3800,3500,4583,4043,3800,3500,4583
2020,Nanyang Technological University,"College of Humanities, Arts & Social Sciences",Sociology,877,95.4,66.2,3529,3500,3598,3600,3300,3800,3598,3600,3300,3800
2020,Nanyang Technological University,College of Science,Biological Sciences,878,88.9,56.7,3319,3300,3401,3325,3200,3650,3401,3325,3200,3650
2020,Nanyang Technological University,College of Science,Biomedical Sciences and Chinese Medicine # ^,879,94.7,84.2,2950,3000,2969,3000,2800,3150,2969,3000,2800,3150
2020,Nanyang Technological University,College of Science,Chemistry and Biological Chemistry,880,91.9,45.6,3230,3200,3345,3245,3000,3635,3345,3245,3000,3635
2020,Nanyang Technological University,College of Science,Environmental Earth Systems Sciences ^,881,95.5,63.6,3637,3550,3657,3550,3400,3764,3657,3550,3400,3764
2020,Nanyang Technological University,College of Science,Mathematical Sciences,882,92.4,68.9,3746,3600,3823,3656,3300,4250,3823,3656,3300,4250
2020,Nanyang Technological University,College of Science,Mathematics and Economics,883,87.1,55.7,3849,3832,3949,3832,3500,4300,3949,3832,3500,4300
2020,Nanyang Technological University,College of Science,Physics and Applied Physics,884,92.6,48.5,3643,3600,3719,3700,3500,3850,3719,3700,3500,3850
2020,Nanyang Technological University,Sports Science and Management,Sports Science and Management,885,91.5,52.5,3494,3240,3661,3300,3000,4200,3661,3300,3000,4200
2020,Nanyang Technological University,National Institute of Education (NIE),Arts (with Education),886,100,98.4,3582,3798,3682,3799,3600,3806,3682,3799,3600,3806
2020,Nanyang Technological University,National Institute of Education (NIE),Science (with Education),887,100,100,3660,3799,3744,3800,3700,4000,3744,3800,3700,4000
2020,Nanyang Technological University,Lee Kong Chian School of Medicine,Medicine #,888,100,100,4775,4700,5387,5250,5000,5900,5387,5250,5000,5900
2020,National University of Singapore,Faculty of Arts & Social Sciences,Bachelor of Arts,889,90.4,39.8,3639,3100,3868,3300,2700,3600,3868,3300,2700,3600
2020,National University of Singapore,Faculty of Arts & Social Sciences,Bachelor of Arts (Hons),890,93.1,54.2,3529,3500,3586,3500,3300,3854,3586,3500,3300,3854
2020,National University of Singapore,Faculty of Arts & Social Sciences,Bachelor of Social Sciences,891,93.5,65.3,3597,3500,3666,3500,3345,3875,3666,3500,3345,3875
2020,National University of Singapore,Faculty of Dentistry,Bachelor of Dental Surgery,892,100,100,4202,4200,4280,4200,4200,4600,4280,4200,4200,4600
2020,National University of Singapore,Faculty of Engineering,Bachelor of Engineering (Biomedical Engineering),893,95.8,53.1,3500,3500,3577,3500,3300,3740,3577,3500,3300,3740
2020,National University of Singapore,Faculty of Engineering,Bachelor of Engineering (Chemical Engineering),894,97,78.2,3955,4000,4155,4000,3700,4500,4155,4000,3700,4500
2020,National University of Singapore,Faculty of Engineering,Bachelor of Engineering (Civil Engineering),895,95.5,86.5,3661,3500,3739,3590,3500,4050,3739,3590,3500,4050
2020,National University of Singapore,Faculty of Engineering,Bachelor of Engineering (Electrical Engineering),896,91,75.4,4256,4000,4370,4200,3800,5000,4370,4200,3800,5000
2020,National University of Singapore,Faculty of Engineering,Bachelor of Engineering (Engineering Science) ^,897,91.3,73.9,4499,4000,4584,4000,3765,5000,4584,4000,3765,5000
2020,National University of Singapore,Faculty of Engineering,Bachelor of Engineering (Environmental Engineering),898,100,63.2,3473,3500,3572,3500,3250,3875,3572,3500,3250,3875
2020,National University of Singapore,Faculty of Engineering,Bachelor of Engineering (Industrial and Systems Engineering),899,97.2,93,4236,4010,4337,4380,3700,4800,4337,4380,3700,4800
2020,National University of Singapore,Faculty of Engineering,Bachelor of Engineering (Materials Science and Engineering),900,90.3,66.1,3795,3700,3922,3900,3600,4200,3922,3900,3600,4200
2020,National University of Singapore,Faculty of Engineering,Bachelor of Engineering (Mechanical Engineering),901,94.2,69.6,3832,3700,3946,3800,3500,4200,3946,3800,3500,4200
2020,National University of Singapore,Faculty of Law,Bachelor of Laws #,902,91.8,86.8,4848,4640,5009,5000,4400,5600,5009,5000,4400,5600
2020,National University of Singapore,Faculty of Science,Bachelor of Science,903,86,42.1,3195,3000,3297,3100,3000,3650,3297,3100,3000,3650
2020,National University of Singapore,Faculty of Science,Bachelor of Science (Hons),904,93.1,57.4,3636,3500,3723,3528,3300,4000,3723,3528,3300,4000
2020,National University of Singapore,Faculty of Science,Bachelor of Science (Computational Biology) ^,905,80,40,4563,4525,4625,4650,4250,5000,4625,4650,4250,5000
2020,National University of Singapore,Faculty of Science,Bachelor of Science (Pharmacy) #,906,99.3,93.7,3590,3600,3751,3700,3500,3950,3751,3700,3500,3950
2020,National University of Singapore,Faculty of Science,Bachelor of Science (Data Science and Analytics) ^,907,100,78.3,4417,4125,4456,4125,3900,4900,4456,4125,3900,4900
2020,National University of Singapore,NUS Business School,Bachelor of Business Administration ^,908,96.3,66.7,4910,4000,5043,4150,3300,6100,5043,4150,3300,6100
2020,National University of Singapore,NUS Business School,Bachelor of Business Administration (Hons),909,94.9,80.7,4459,4000,4579,4000,3600,5000,4579,4000,3600,5000
2020,National University of Singapore,NUS Business School,Bachelor of Business Administration (Accountancy) ^,910,90.9,63.6,4443,3500,4443,3500,2800,5500,4443,3500,2800,5500
2020,National University of Singapore,NUS Business School,Bachelor of Business Administration (Accountancy) (Hons),911,96.8,92.1,3951,3400,4050,3500,3000,4425,4050,3500,3000,4425
2020,National University of Singapore,School of Computing,Bachelor of Computing (Computer Science),912,97.1,92.6,5576,5100,5735,5243,4400,6316,5735,5243,4400,6316
2020,National University of Singapore,School of Computing,Bachelor of Computing (Information Security) ^,913,90.9,90.9,4620,4650,4746,5000,4200,5300,4746,5000,4200,5300
2020,National University of Singapore,School of Computing,Bachelor of Computing (Information Systems),914,98.6,93.1,4591,4495,4764,4500,4000,5400,4764,4500,4000,5400
2020,National University of Singapore,School of Computing,Bachelor of Science (Business Analytics),915,98,84.3,4985,5000,5094,5000,4480,5800,5094,5000,4480,5800
2020,National University of Singapore,School of Design & Environment,Bachelor of Arts (Architecture),916,94,91,3984,4000,4058,4000,3650,4300,4058,4000,3650,4300
2020,National University of Singapore,School of Design & Environment,Bachelor of Arts (Industrial Design) ^,917,90.3,22.6,3417,3500,3417,3500,3000,3500,3417,3500,3000,3500
2020,National University of Singapore,School of Design & Environment,Bachelor of Science (Project and Facilities Management),918,92.2,66.7,3338,3200,3400,3200,3000,3500,3400,3200,3000,3500
2020,National University of Singapore,School of Design & Environment,Bachelor of Science (Real Estate),919,95.1,68.6,3609,3600,3682,3630,3200,4000,3682,3630,3200,4000
2020,National University of Singapore,Yong Loo Lin School (Medicine),Bachelor of Medicine and Bachelor of Surgery #,920,100,100,4688,4700,5306,5250,5000,5800,5306,5250,5000,5800
2020,National University of Singapore,Yong Loo Lin School (Medicine),Bachelor of Science (Nursing),921,97.4,92.2,3269,3250,3489,3500,3250,3680,3489,3500,3250,3680
2020,National University of Singapore,Yong Loo Lin School (Medicine),Bachelor of Science (Nursing) (Hons),922,98.5,97,3371,3400,3616,3600,3500,3750,3616,3600,3500,3750
2020,National University of Singapore,YST Conservatory of Music,Bachelor of Music,923,69.2,15.4,3163,3125,3238,3275,3125,3350,3238,3275,3125,3350
2020,National University of Singapore,Yale-NUS College,Bachelor of Science with Honours ^,924,92.6,77.8,5615,5350,5798,5350,4225,6485,5798,5350,4225,6485
2020,National University of Singapore,Multi-Disciplinary Programmes,Bachelor of Engineering (Computer Engineering),925,93.7,81.1,4904,5000,4977,5000,4080,5500,4977,5000,4080,5500
2020,National University of Singapore,Multi-Disciplinary Programmes,Bachelor of Environmental Studies,926,92.9,47.6,3251,3250,3409,3250,3010,3750,3409,3250,3010,3750
2020,Singapore Institute of Technology,DigiPen Institute of Technology,Bachelor of Arts in Game Design ^,927,100,78.6,3486,3500,3575,3500,3100,3600,3575,3500,3100,3600
2020,Singapore Institute of Technology,DigiPen Institute of Technology,Bachelor of Fine Arts in Digital Art and Animation,928,97.1,70.6,2845,2835,2862,2887,2675,3000,2862,2887,2675,3000
2020,Singapore Institute of Technology,DigiPen Institute of Technology,Bachelor of Science in Computer Science and Game Design,929,97.7,81.8,3960,4000,3974,4000,3500,4200,3974,4000,3500,4200
2020,Singapore Institute of Technology,DigiPen Institute of Technology,Bachelor of Science in Computer Science in Real-Time Interactive Simulation,930,97.6,90.5,4390,4200,4399,4200,3880,4500,4399,4200,3880,4500
2020,Singapore Institute of Technology,Singapore Institute of Technology (SIT),Bachelor of Accountancy with Honours,931,97.4,69.8,3107,3000,3120,3000,3000,3200,3120,3000,3000,3200
2020,Singapore Institute of Technology,Singapore Institute of Technology (SIT),Bachelor of Engineering with Honours in Information & Communications Technology (Information Security),932,100,95.9,4023,4000,4237,4300,3600,4630,4237,4300,3600,4630
2020,Singapore Institute of Technology,Singapore Institute of Technology (SIT),Bachelor of Engineering with Honours in Information & Communications Technology (Software Engineering),933,96.2,83,4275,4000,4366,4000,3600,4750,4366,4000,3600,4750
2020,Singapore Institute of Technology,Singapore Institute of Technology (SIT),Bachelor of Engineering with Honours in Pharmaceutical Engineering,934,94.2,73.9,3329,3375,3749,3740,3400,4000,3749,3740,3400,4000
2020,Singapore Institute of Technology,Singapore Institute of Technology (SIT),Bachelor of Engineering with Honours in Sustainable Infrastructure Engineering (Building Services),935,98.1,84.6,3585,3500,3702,3500,3375,3800,3702,3500,3375,3800
2020,Singapore Institute of Technology,Singapore Institute of Technology (SIT),Bachelor of Engineering with Honours in Sustainable Infrastructure Engineering (Land),936,97.1,77.1,3823,3925,4203,4105,3650,4370,4203,4105,3650,4370
2020,Singapore Institute of Technology,Singapore Institute of Technology (SIT),Bachelor of Engineering with Honours in Telematics (Intelligent Transportation Systems Engineering),937,92.9,55.4,4083,4200,4135,4200,3380,4800,4135,4200,3380,4800
2020,Singapore Institute of Technology,Singapore Institute of Technology (SIT),Bachelor of Hospitality Business with Honours,938,89.9,47.9,3041,3000,3148,3000,2800,3400,3148,3000,2800,3400
2020,Singapore Institute of Technology,SIT- DigiPen Institute of Technology,Bachelor of Engineering with Honours in Systems Engineering (ElectroMechanical Systems),939,95.7,82.6,4044,4090,4114,4185,3750,4250,4114,4185,3750,4250
2020,Singapore Institute of Technology,SIT- Massey University,Bachelor of Food Technology with Honours,940,95.2,52.4,3060,3000,3084,3000,2770,3400,3084,3000,2770,3400
2020,Singapore Institute of Technology,SIT- Newcastle University,Bachelor of Engineering with Honours in Chemical Engineering,941,95.7,47.8,3095,3000,3242,3200,3000,3500,3242,3200,3000,3500
2020,Singapore Institute of Technology,SIT- Newcastle University,Bachelor of Engineering with Honours in Electrical Power Engineering,942,97.9,68.8,3501,3500,3603,3500,3400,3850,3603,3500,3400,3850
2020,Singapore Institute of Technology,SIT- Newcastle University,Bachelor of Engineering with Honours in Marine Engineering ^,943,100,79.2,3774,3650,3821,3750,3300,4370,3821,3750,3300,4370
2020,Singapore Institute of Technology,SIT- Newcastle University,Bachelor of Engineering with Honours in Mechanical Design and Manufacturing Engineering,944,94.6,57.1,3281,3300,3443,3350,3025,3925,3443,3350,3025,3925
2020,Singapore Institute of Technology,SIT- Newcastle University,Bachelor of Engineering with Honours in Naval Architecture ^,945,78.6,42.9,3217,3150,3244,3200,2600,3465,3244,3200,2600,3465
2020,Singapore Institute of Technology,SIT- Newcastle University,Bachelor of Engineering with Honours in Offshore Engineering ^,946,92.3,69.2,3921,3800,4160,4000,3750,4800,4160,4000,3750,4800
2020,Singapore Institute of Technology,SIT / SIT-Trinity College Dublin / Trinity College Dublin,Bachelor in Science (Diagnostic Radiography),947,100,100,3446,3400,3685,3650,3400,3859,3685,3650,3400,3859
2020,Singapore Institute of Technology,SIT / SIT-Trinity College Dublin / Trinity College Dublin,Bachelor in Science (Occupational Therapy),948,100,100,3510,3400,3542,3400,3364,3629,3542,3400,3364,3629
2020,Singapore Institute of Technology,SIT / SIT-Trinity College Dublin / Trinity College Dublin,Bachelor in Science (Physiotherapy),949,98.2,96.3,3485,3480,3518,3500,3400,3700,3518,3500,3400,3700
2020,Singapore Institute of Technology,SIT / SIT-Trinity College Dublin / Trinity College Dublin,Bachelor in Science (Radiation Therapy) ^,950,100,83.3,3380,3500,3380,3500,3400,3500,3380,3500,3400,3500
2020,Singapore Institute of Technology,SIT-University of Glasgow,Bachelor of Engineering with Honours in Civil Engineering,951,97.9,78.7,3444,3400,3518,3500,3200,3700,3518,3500,3200,3700
2020,Singapore Institute of Technology,SIT-University of Glasgow,Bachelor of Science with Honours in Nursing,952,96.2,94.2,3436,3270,3725,3650,3405,4000,3725,3650,3405,4000
2020,Singapore Institute of Technology,Technische Universität München,Bachelor of Science in Chemical Engineering,953,93.3,48.9,3147,3100,3387,3175,2815,3650,3387,3175,2815,3650
2020,Singapore Institute of Technology,Technische Universität München,Bachelor of Science in Electrical Engineering & Information Technology,954,94.7,39.5,3760,3600,3773,3600,3350,4000,3773,3600,3350,4000
2020,Singapore Institute of Technology,The Culinary Institute of America,Bachelor of Business Administration in Food Business Management,955,86,66.7,2497,2475,2675,2550,2300,2820,2675,2550,2300,2820
2020,Singapore Institute of Technology,The Glasgow School of Art,Bachelor of Arts with Honours in Communication Design,956,85.7,38.1,2773,2800,2876,2800,2500,3000,2876,2800,2500,3000
2020,Singapore Institute of Technology,The Glasgow School of Art,Bachelor of Arts with Honours in Interior Design,957,83.9,45.2,2958,2500,2992,2600,2500,3500,2992,2600,2500,3500
2020,Singapore Institute of Technology,University of Glasgow,Bachelor of Engineering with Honours in Aeronautical Engineering,958,91.2,35.3,4127,3900,4159,3921,3400,5010,4159,3921,3400,5010
2020,Singapore Institute of Technology,University of Glasgow,Bachelor of Engineering with Honours in Aerospace Systems ^,959,100,37.9,3900,3750,3940,3750,3400,4600,3940,3750,3400,4600
2020,Singapore Institute of Technology,University of Glasgow,Bachelor of Engineering with Honours in Mechanical Design Engineering,960,95,53.3,3461,3500,3592,3500,3200,3650,3592,3500,3200,3650
2020,Singapore Institute of Technology,University of Glasgow,Bachelor of Engineering with Honours in Mechatronics,961,89.3,58.9,3579,3454,3690,3600,3200,4000,3690,3600,3200,4000
2020,Singapore Institute of Technology,University of Glasgow,Bachelor of Science with Honours in Computing Science,962,98.6,89.9,4517,5000,4530,5000,4000,5000,4530,5000,4000,5000
2020,Singapore Institute of Technology,University of Liverpool,Bachelor of Arts with Honours in Criminology and Security,963,93.7,68.4,3634,3480,3919,3700,3400,4300,3919,3700,3400,4300
2020,Singapore Management University,School of Accountancy (4-year programme) *,Accountancy,964,94.7,86,3636,3050,3694,3100,3000,4000,3694,3100,3000,4000
2020,Singapore Management University,School of Accountancy (4-year programme) *,Accountancy (Cum Laude and above),965,96.3,86.1,3979,3600,4057,3744,3000,4583,4057,3744,3000,4583
2020,Singapore Management University,School of Business (4-year programme) *,Business Management,966,95.8,68.4,4183,3800,4293,3850,3440,4600,4293,3850,3440,4600
2020,Singapore Management University,School of Business (4-year programme) *,Business Management (Cum Laude and above),967,97.5,78.7,4596,4000,4688,4000,3600,5000,4688,4000,3600,5000
2020,Singapore Management University,School of Economics (4-year programme) *,Economics,968,91.5,70.5,4181,3750,4290,3800,3400,4500,4290,3800,3400,4500
2020,Singapore Management University,School of Economics (4-year programme) *,Economics (Cum Laude and above),969,94.7,82.9,4670,4000,4749,4000,3660,5275,4749,4000,3660,5275
2020,Singapore Management University,School of Information Systems (4-year programme) *,Information Systems,970,93.1,83.9,4548,4500,4683,4542,4000,5400,4683,4542,4000,5400
2020,Singapore Management University,School of Information Systems (4-year programme) *,Information Systems (Cum Laude and above),971,93.3,93.3,4903,5000,5064,5000,4500,5416,5064,5000,4500,5416
2020,Singapore Management University,School of Social Sciences (4-year programme) *,Social Sciences,972,89.9,52.8,3540,3360,3626,3500,3200,4000,3626,3500,3200,4000
2020,Singapore Management University,School of Social Sciences (4-year programme) *,Social Sciences (Cum Laude and above),973,90.6,65.6,3711,3510,3784,3510,3230,4200,3784,3510,3230,4200
2020,Singapore Management University,School of Law (4-year programme) *,Law #,974,95.5,91.1,4729,4500,4804,4588,4000,5600,4804,4588,4000,5600
2020,Singapore Management University,School of Law (4-year programme) *,Law (Cum Laude and above) #,975,97,95.5,5053,5000,5141,5000,4500,5735,5141,5000,4500,5735
2020,Singapore University of Social Sciences,S R Nathan School of Human Development,Bachelor of Early Childhood Education ^,976,100,88.2,2879,3000,2879,3000,2700,3016,2879,3000,2700,3016
2020,Singapore University of Social Sciences,S R Nathan School of Human Development,Bachelor of Human Resource Management,977,90.6,22.6,2947,2750,3051,2950,2650,3300,3051,2950,2650,3300
2020,Singapore University of Social Sciences,S R Nathan School of Human Development,Bachelor of Social Work,978,97.3,89.2,3443,3500,3486,3500,3450,3655,3486,3500,3450,3655
2020,Singapore University of Social Sciences,School of Business,Bachelor of Accountancy,979,94.6,81.7,3059,3000,3116,3000,3000,3000,3116,3000,3000,3000
2020,Singapore University of Social Sciences,School of Business,Bachelor of Science in Finance ^,980,100,50,3537,3163,3854,3163,2850,4466,3854,3163,2850,4466
2020,Singapore University of Social Sciences,School of Business,Bachelor of Science in Marketing,981,92.1,51.3,3126,2900,3246,2900,2750,3520,3246,2900,2750,3520
2020,Singapore University of Social Sciences,School of Business,Bachelor of Science in Supply Chain Management ^,982,88,36,3125,3100,3284,3185,2950,3500,3284,3185,2950,3500
2020,Singapore University of Technology and Design,na,Bachelor of Engineering (Engineering Product Development),983,94.6,82.1,3809,3800,3901,3800,3500,4150,3901,3800,3500,4150
2020,Singapore University of Technology and Design,na,Bachelor of Engineering (Engineering Systems and Design),984,95.2,77.1,4195,3950,4287,4000,3725,4900,4287,4000,3725,4900
2020,Singapore University of Technology and Design,na,Bachelor of Engineering (Information Systems Technology and Design),985,96.9,85.4,4581,4500,4734,4500,4000,5000,4734,4500,4000,5000
2020,Singapore University of Technology and Design,na,Bachelor of Science (Architecture and Sustainable Design),986,100,95.6,3897,3800,3982,3800,3500,4070,3982,3800,3500,4070
2021,Nanyang Technological University,College of Business (Nanyang Business School),Accountancy,987,97.7,93,3505,3300,3539,3400,3100,3500,3539,3400,3100,3500
2021,Nanyang Technological University,College of Business (Nanyang Business School),Accountancy and Business,988,99.2,96.2,5018,4500,5173,4500,3700,5858,5173,4500,3700,5858
2021,Nanyang Technological University,College of Business (Nanyang Business School),Business,989,96.2,85.2,4211,4000,4362,4000,3500,4800,4362,4000,3500,4800
2021,Nanyang Technological University,College of Business (Nanyang Business School),Double Degree in Business and Computer Engineering/Computing,990,93.8,87.5,6418,6300,6578,6300,5250,8225,6578,6300,5250,8225
2021,Nanyang Technological University,College of Engineering,Aerospace Engineering,991,94.4,87.3,4250,4250,4321,4471,3792,5000,4321,4471,3792,5000
2021,Nanyang Technological University,College of Engineering,Bioengineering,992,90.9,75.8,3480,3483,3654,3500,3300,3850,3654,3500,3300,3850
2021,Nanyang Technological University,College of Engineering,Chemical and Biomolecular Engineering,993,91.1,84.8,3784,3600,3959,3740,3600,4300,3959,3740,3600,4300
2021,Nanyang Technological University,College of Engineering,Civil Engineering,994,97.7,92,3596,3500,3664,3540,3400,3800,3664,3540,3400,3800
2021,Nanyang Technological University,College of Engineering,Computer Engineering,995,95.8,89.6,4649,4500,4847,4500,4000,5000,4847,4500,4000,5000
2021,Nanyang Technological University,College of Engineering,Computer Science,996,97,91,4871,4800,4924,4800,4200,5450,4924,4800,4200,5450
2021,Nanyang Technological University,College of Engineering,Double Degree in Engineering and Economics ^,997,90.9,90.9,4485,4580,4566,4583,4530,4900,4566,4583,4530,4900
2021,Nanyang Technological University,College of Engineering,Electrical and Electronic Engineering,998,93.9,88.6,3978,3900,4069,4000,3600,4400,4069,4000,3600,4400
2021,Nanyang Technological University,College of Engineering,Environmental Engineering,999,96.6,86.2,3422,3500,3487,3500,3200,3600,3487,3500,3200,3600
2021,Nanyang Technological University,College of Engineering,Information Engineering and Media,1000,95.7,88.6,4247,4200,4325,4200,3900,4800,4325,4200,3900,4800
2021,Nanyang Technological University,College of Engineering,Maritime Studies,1001,98.4,95.2,3697,3500,3763,3500,3500,4000,3763,3500,3500,4000
2021,Nanyang Technological University,College of Engineering,Materials Engineering,1002,96.3,83,3701,3600,3801,3650,3500,4000,3801,3650,3500,4000
2021,Nanyang Technological University,College of Engineering,Mechanical Engineering,1003,94,86.1,3845,3700,4006,3800,3570,4400,4006,3800,3570,4400
2021,Nanyang Technological University,"College of Humanities, Arts & Social Sciences","Art, Design and Media",1004,86.2,46.6,3146,3000,3182,3000,2650,3675,3182,3000,2650,3675
2021,Nanyang Technological University,"College of Humanities, Arts & Social Sciences",Chinese,1005,87,72.5,3376,3250,3483,3300,3053,3650,3483,3300,3053,3650
2021,Nanyang Technological University,"College of Humanities, Arts & Social Sciences",Communication Studies,1006,96.9,80.8,3463,3375,3548,3500,3000,3943,3548,3500,3000,3943
2021,Nanyang Technological University,"College of Humanities, Arts & Social Sciences",Economics,1007,93.5,88.3,3658,3500,3720,3650,3300,4000,3720,3650,3300,4000
2021,Nanyang Technological University,"College of Humanities, Arts & Social Sciences",English,1008,95.5,64.2,3254,3300,3354,3500,3000,3600,3354,3500,3000,3600
2021,Nanyang Technological University,"College of Humanities, Arts & Social Sciences",History,1009,82.2,66.7,3724,3675,3800,3675,3500,4000,3800,3675,3500,4000
2021,Nanyang Technological University,"College of Humanities, Arts & Social Sciences",Inter-Disciplinary Double Major ^,1010,92.9,75,3794,3650,3822,3650,3450,4180,3822,3650,3450,4180
2021,Nanyang Technological University,"College of Humanities, Arts & Social Sciences",Linguistics and Multilingual Studies,1011,87.2,70.2,3351,3300,3398,3300,3000,3850,3398,3300,3000,3850
2021,Nanyang Technological University,"College of Humanities, Arts & Social Sciences",Philosophy,1012,88.5,57.7,3394,3400,3502,3400,2915,4480,3502,3400,2915,4480
2021,Nanyang Technological University,"College of Humanities, Arts & Social Sciences",Psychology,1013,91.8,71.8,3342,3300,3362,3350,3000,3500,3362,3350,3000,3500
2021,Nanyang Technological University,"College of Humanities, Arts & Social Sciences",Public Policy and Global Affairs,1014,83.3,77.1,4024,3778,4105,3804,3500,4524,4105,3804,3500,4524
2021,Nanyang Technological University,"College of Humanities, Arts & Social Sciences",Sociology,1015,91.3,69.6,3509,3475,3567,3500,3200,3940,3567,3500,3200,3940
2021,Nanyang Technological University,College of Science,Biological Sciences / Biomedical Sciences,1016,96.8,81.7,3470,3400,3569,3500,3260,3800,3569,3500,3260,3800
2021,Nanyang Technological University,College of Science,Biomedical Sciences and Chinese Medicine # ^,1017,90.9,77.3,3023,3100,3119,3100,2890,3300,3119,3100,2890,3300
2021,Nanyang Technological University,College of Science,Chemistry and Biological Chemistry,1018,90.2,74.4,3367,3400,3501,3400,3100,3700,3501,3400,3100,3700
2021,Nanyang Technological University,College of Science,Environmental Earth Systems Sciences ^,1019,100,91.3,3810,3892,3888,3950,3500,4300,3888,3950,3500,4300
2021,Nanyang Technological University,College of Science,Mathematical Sciences / Mathematical Sciences and Economics,1020,91,75.6,3939,3750,4039,3806,3500,4500,4039,3806,3500,4500
2021,Nanyang Technological University,College of Science,Physics and Applied Physics,1021,84.5,69,3710,3570,3793,3600,3384,4000,3793,3600,3384,4000
2021,Nanyang Technological University,Sports Science and Management,Sports Science and Management,1022,86.2,55.4,3292,3300,3438,3300,3100,3620,3438,3300,3100,3620
2021,Nanyang Technological University,National Institute of Education (NIE),Arts (with Education),1023,100,100,3563,3754,3718,3780,3700,3900,3718,3780,3700,3900
2021,Nanyang Technological University,National Institute of Education (NIE),Science (with Education) ^,1024,100,100,3578,3776,3796,3904,3727,4000,3796,3904,3727,4000
2021,Nanyang Technological University,Lee Kong Chian School of Medicine,Medicine #,1025,100,100,4702,4700,5404,5500,5200,5800,5404,5500,5200,5800
2021,National University of Singapore,Faculty of Arts & Social Sciences,Bachelor of Arts,1026,91.4,70,3405,3200,3600,3200,2850,4100,3600,3200,2850,4100
2021,National University of Singapore,Faculty of Arts & Social Sciences,Bachelor of Arts (Hons),1027,88.8,68.3,3619,3500,3731,3650,3400,3983,3731,3650,3400,3983
2021,National University of Singapore,Faculty of Arts & Social Sciences,Bachelor of Social Sciences,1028,92.5,78.2,3757,3531,3850,3600,3400,4100,3850,3600,3400,4100
2021,National University of Singapore,Faculty of Dentistry,Bachelor of Dental Surgery,1029,100,100,4256,4200,4286,4200,4200,4600,4286,4200,4200,4600
2021,National University of Singapore,Faculty of Engineering,Bachelor of Engineering (Biomedical Engineering),1030,94.4,83.3,3610,3500,3732,3600,3300,4000,3732,3600,3300,4000
2021,National University of Singapore,Faculty of Engineering,Bachelor of Engineering (Chemical Engineering),1031,91.4,84.8,3793,3700,4023,3800,3600,4300,4023,3800,3600,4300
2021,National University of Singapore,Faculty of Engineering,Bachelor of Engineering (Civil Engineering),1032,97.3,97.3,3780,3700,3897,3700,3500,4100,3897,3700,3500,4100
2021,National University of Singapore,Faculty of Engineering,Bachelor of Engineering (Electrical Engineering),1033,95.1,93,4251,4000,4377,4150,3900,4550,4377,4150,3900,4550
2021,National University of Singapore,Faculty of Engineering,Bachelor of Engineering (Engineering Science) ^,1034,89.5,68.4,4189,4500,4399,4500,4000,4900,4399,4500,4000,4900
2021,National University of Singapore,Faculty of Engineering,Bachelor of Engineering (Environmental Engineering),1035,97.1,88.6,3572,3500,3607,3500,3300,3900,3607,3500,3300,3900
2021,National University of Singapore,Faculty of Engineering,Bachelor of Engineering (Industrial and Systems Engineering),1036,96.7,91.8,4237,4150,4417,4500,4000,4900,4417,4500,4000,4900
2021,National University of Singapore,Faculty of Engineering,Bachelor of Engineering (Materials Science and Engineering),1037,91.7,87.5,3899,3775,4020,3896,3600,4200,4020,3896,3600,4200
2021,National University of Singapore,Faculty of Engineering,Bachelor of Engineering (Mechanical Engineering),1038,94.5,89.5,3965,3800,4115,3875,3500,4550,4115,3875,3500,4550
2021,National University of Singapore,Faculty of Law,Bachelor of Laws #,1039,96.5,93.5,5398,5150,5627,5600,4500,6000,5627,5600,4500,6000
2021,National University of Singapore,Faculty of Science,Bachelor of Science,1040,82.4,56.9,3446,3300,3627,3527,3100,4000,3627,3527,3100,4000
2021,National University of Singapore,Faculty of Science,Bachelor of Science (Hons),1041,92.2,76.5,3665,3500,3767,3600,3400,4000,3767,3600,3400,4000
2021,National University of Singapore,Faculty of Science,Bachelor of Science (Computational Biology) ^,1042,100,100,4655,4500,4677,4500,4000,5000,4677,4500,4000,5000
2021,National University of Singapore,Faculty of Science,Bachelor of Science (Pharmacy) #,1043,95.9,91.9,3773,3760,3923,3915,3636,4200,3923,3915,3636,4200
2021,National University of Singapore,Faculty of Science,Bachelor of Science (Data Science and Analytics),1044,97.7,95.3,4819,4500,4981,4800,4200,5400,4981,4800,4200,5400
2021,National University of Singapore,NUS Business School,Bachelor of Business Administration,1045,94.7,81.6,5199,3550,5567,3700,3125,7625,5567,3700,3125,7625
2021,National University of Singapore,NUS Business School,Bachelor of Business Administration (Hons),1046,98.1,93.5,4828,4200,4950,4347,3700,5200,4950,4347,3700,5200
2021,National University of Singapore,NUS Business School,Bachelor of Business Administration (Accountancy) ^,1047,100,100,3380,3300,3515,3400,3013,3750,3515,3400,3013,3750
2021,National University of Singapore,NUS Business School,Bachelor of Business Administration (Accountancy) (Hons),1048,97,96.3,4124,3430,4194,3500,3200,4600,4194,3500,3200,4600
2021,National University of Singapore,School of Computing,Bachelor of Computing (Computer Science),1049,99.1,96.4,5898,5800,6002,6000,5000,6900,6002,6000,5000,6900
2021,National University of Singapore,School of Computing,Bachelor of Computing (Information Security) ^,1050,100,100,4992,5000,5095,5400,4305,5500,5095,5400,4305,5500
2021,National University of Singapore,School of Computing,Bachelor of Computing (Information Systems),1051,97.5,96.2,5087,5000,5217,5000,4500,5400,5217,5000,4500,5400
2021,National University of Singapore,School of Computing,Bachelor of Science (Business Analytics),1052,100,100,5437,5050,5603,5400,4800,6125,5603,5400,4800,6125
2021,National University of Singapore,School of Design & Environment,Bachelor of Arts (Architecture),1053,97.7,96.6,4090,4000,4139,4000,3600,4440,4139,4000,3600,4440
2021,National University of Singapore,School of Design & Environment,Bachelor of Arts (Industrial Design),1054,87.5,75,4146,3825,4178,3825,3200,4250,4178,3825,3200,4250
2021,National University of Singapore,School of Design & Environment,Bachelor of Science (Project and Facilities Management),1055,93.1,92.1,3424,3450,3560,3500,3200,3700,3560,3500,3200,3700
2021,National University of Singapore,School of Design & Environment,Bachelor of Science (Real Estate),1056,94.5,82.4,3692,3575,3863,3700,3400,4000,3863,3700,3400,4000
2021,National University of Singapore,Yong Loo Lin School (Medicine),Bachelor of Medicine and Bachelor of Surgery # **,1057,na,na,na,na,na,na,na,na,na,na,na,na
2021,National University of Singapore,Yong Loo Lin School (Medicine),Bachelor of Science (Nursing),1058,96.2,93.3,3300,3350,3530,3550,3350,3750,3530,3550,3350,3750
2021,National University of Singapore,Yong Loo Lin School (Medicine),Bachelor of Science (Nursing) (Hons),1059,97.9,96.8,3482,3500,3750,3750,3550,3950,3750,3750,3550,3950
2021,National University of Singapore,YST Conservatory of Music,Bachelor of Music ^,1060,82.4,35.3,3136,2958,3203,3100,2915,3600,3203,3100,2915,3600
2021,National University of Singapore,Yale-NUS College,Bachelor of Arts with Honours,1061,88.3,70.8,4344,4000,4453,4000,3500,5000,4453,4000,3500,5000
2021,National University of Singapore,Yale-NUS College,Bachelor of Science with Honours,1062,94.6,83.8,4779,4500,4952,4500,3800,5650,4952,4500,3800,5650
2021,National University of Singapore,Multi-Disciplinary Programmes,Bachelor of Engineering (Computer Engineering),1063,97.4,91.2,5345,5000,5473,5400,4500,6200,5473,5400,4500,6200
2021,National University of Singapore,Multi-Disciplinary Programmes,Bachelor of Environmental Studies,1064,97.4,81.6,3544,3500,3658,3650,3100,3996,3658,3650,3100,3996
2021,Singapore Institute of Technology,DigiPen Institute of Technology,Bachelor of Arts in Game Design ^,1065,100,81.5,3457,3200,3490,3300,3200,3500,3490,3300,3200,3500
2021,Singapore Institute of Technology,DigiPen Institute of Technology,Bachelor of Fine Arts in Digital Art and Animation,1066,80,63.3,3081,3200,3125,3200,2835,3500,3125,3200,2835,3500
2021,Singapore Institute of Technology,DigiPen Institute of Technology,Bachelor of Science in Computer Science and Game Design,1067,88.2,85.3,4229,4000,4324,4000,3700,4968,4324,4000,3700,4968
2021,Singapore Institute of Technology,DigiPen Institute of Technology,Bachelor of Science in Computer Science in Real-Time Interactive Simulation,1068,95.1,92.7,4962,4600,4984,4600,4300,5175,4984,4600,4300,5175
2021,Singapore Institute of Technology,Singapore Institute of Technology (SIT),Bachelor of Accountancy with Honours,1069,97.7,86.8,3363,3400,3431,3400,3200,3460,3431,3400,3200,3460
2021,Singapore Institute of Technology,Singapore Institute of Technology (SIT),Bachelor of Engineering with Honours in Information & Communications Technology (Information Security),1070,100,98.2,4934,4800,5251,4950,4605,5552,5251,4950,4605,5552
2021,Singapore Institute of Technology,Singapore Institute of Technology (SIT),Bachelor of Engineering with Honours in Information & Communications Technology (Software Engineering),1071,100,98,5126,5000,5215,5000,4590,5500,5215,5000,4590,5500
2021,Singapore Institute of Technology,Singapore Institute of Technology (SIT),Bachelor of Engineering with Honours in Aircraft Systems Engineering,1072,100,91.7,3297,3200,3394,3300,2500,4000,3394,3300,2500,4000
2021,Singapore Institute of Technology,Singapore Institute of Technology (SIT),Bachelor of Engineering with Honours in Pharmaceutical Engineering,1073,98.3,87.9,3423,3500,3736,3600,3300,4000,3736,3600,3300,4000
2021,Singapore Institute of Technology,Singapore Institute of Technology (SIT),Bachelor of Engineering with Honours in Sustainable Infrastructure Engineering (Building Services),1074,98,96.1,3707,3600,3773,3680,3500,3950,3773,3680,3500,3950
2021,Singapore Institute of Technology,Singapore Institute of Technology (SIT),Bachelor of Engineering with Honours in Sustainable Infrastructure Engineering (Land) ^,1075,96.3,88.9,3606,3500,3788,3700,3485,4250,3788,3700,3485,4250
2021,Singapore Institute of Technology,Singapore Institute of Technology (SIT),Bachelor of Engineering with Honours in Telematics (Intelligent Transportation Systems Engineering),1076,97.5,85,4086,4000,4146,4000,3850,4500,4146,4000,3850,4500
2021,Singapore Institute of Technology,Singapore Institute of Technology (SIT),Bachelor of Hospitality Business with Honours,1077,96.1,80.3,3037,3000,3216,3000,2800,3500,3216,3000,2800,3500
2021,Singapore Institute of Technology,Singapore Institute of Technology (SIT),Bachelor of Science (Diagnostic Radiography),1078,100,100,3670,3500,3880,3700,3500,4025,3880,3700,3500,4025
2021,Singapore Institute of Technology,Singapore Institute of Technology (SIT),Bachelor of Science (Occupational Therapy),1079,100,98.3,3521,3500,3546,3500,3400,3690,3546,3500,3400,3690
2021,Singapore Institute of Technology,Singapore Institute of Technology (SIT),Bachelor of Science (Radiation Therapy) ^,1080,100,100,3310,3500,3328,3500,3000,3500,3328,3500,3000,3500
2021,Singapore Institute of Technology,SIT- DigiPen Institute of Technology,Bachelor of Engineering with Honours in Systems Engineering (ElectroMechanical Systems),1081,100,95.1,4086,4000,4402,4370,3700,4900,4402,4370,3700,4900
2021,Singapore Institute of Technology,SIT- Massey University,Bachelor of Food Technology with Honours,1082,96.4,89.1,3221,3300,3322,3300,3000,3500,3322,3300,3000,3500
2021,Singapore Institute of Technology,SIT- Newcastle University,Bachelor of Engineering with Honours in Chemical Engineering,1083,79.2,64.2,3466,3500,3836,3700,3350,4200,3836,3700,3350,4200
2021,Singapore Institute of Technology,SIT- Newcastle University,Bachelor of Engineering with Honours in Electrical Power Engineering,1084,98.3,84.5,3583,3500,3691,3600,3500,3850,3691,3600,3500,3850
2021,Singapore Institute of Technology,SIT- Newcastle University,Bachelor of Engineering with Honours in Marine Engineering ^,1085,100,90.5,3598,3500,3819,3750,3400,4250,3819,3750,3400,4250
2021,Singapore Institute of Technology,SIT- Newcastle University,Bachelor of Engineering with Honours in Mechanical Design and Manufacturing Engineering,1086,93.4,90.2,3646,3600,3787,3650,3600,4000,3787,3650,3600,4000
2021,Singapore Institute of Technology,SIT- Newcastle University,Bachelor of Engineering with Honours in Naval Architecture ^,1087,100,95.7,3476,3300,3592,3400,3250,3850,3592,3400,3250,3850
2021,Singapore Institute of Technology,SIT- Newcastle University,Bachelor of Engineering with Honours in Offshore Engineering ^,1088,82.4,70.6,3513,3500,3575,3550,3350,3850,3575,3550,3350,3850
2021,Singapore Institute of Technology,SIT-Trinity College Dublin,Bachelor of Science (Physiotherapy),1089,97.9,96.8,3516,3500,3591,3525,3400,3800,3591,3525,3400,3800
2021,Singapore Institute of Technology,SIT-University of Glasgow,Bachelor of Engineering with Honours in Civil Engineering,1090,92.8,92.8,3650,3600,3719,3675,3500,3933,3719,3675,3500,3933
2021,Singapore Institute of Technology,SIT-University of Glasgow,Bachelor of Science with Honours in Nursing,1091,98.3,86.4,3403,3350,3697,3700,3350,3990,3697,3700,3350,3990
2021,Singapore Institute of Technology,Technische Universität München,Bachelor of Science in Chemical Engineering,1092,95.7,87,3495,3500,3645,3557,3400,3865,3645,3557,3400,3865
2021,Singapore Institute of Technology,Technische Universität München,Bachelor of Science in Electrical Engineering & Information Technology ^,1093,81.5,74.1,3649,3600,3806,3700,3250,4265,3806,3700,3250,4265
2021,Singapore Institute of Technology,The Culinary Institute of America,Bachelor of Business Administration in Food Business Management,1094,91.9,67.7,2647,2500,2817,2700,2500,3100,2817,2700,2500,3100
2021,Singapore Institute of Technology,The Glasgow School of Art,Bachelor of Arts with Honours in Communication Design,1095,94.4,59.3,2951,3000,2989,3000,2700,3200,2989,3000,2700,3200
2021,Singapore Institute of Technology,The Glasgow School of Art,Bachelor of Arts with Honours in Interior Design,1096,94.3,65.7,2761,3000,2807,3000,2500,3100,2807,3000,2500,3100
2021,Singapore Institute of Technology,University of Liverpool,Bachelor of Arts with Honours in Criminology and Security,1097,95.5,81.8,3807,3600,4001,3850,3400,4500,4001,3850,3400,4500
2021,Singapore Management University,School of Accountancy (4-year programme) *,Accountancy,1098,98.7,93,3751,3400,3814,3400,3200,4000,3814,3400,3200,4000
2021,Singapore Management University,School of Accountancy (4-year programme) *,Accountancy (Cum Laude and above),1099,97.9,92.6,4161,3700,4213,3850,3300,4600,4213,3850,3300,4600
2021,Singapore Management University,School of Business (4-year programme) *,Business Management,1100,96.6,86,4229,4000,4371,4000,3500,4650,4371,4000,3500,4650
2021,Singapore Management University,School of Business (4-year programme) *,Business Management (Cum Laude and above),1101,96.6,90.3,4705,4333,4855,4480,3800,5043,4855,4480,3800,5043
2021,Singapore Management University,School of Economics (4-year programme) *,Economics,1102,91.8,83.5,4641,4275,4777,4435,3800,5250,4777,4435,3800,5250
2021,Singapore Management University,School of Economics (4-year programme) *,Economics (Cum Laude and above),1103,94.1,91.2,5209,4750,5310,4900,4191,5810,5310,4900,4191,5810
2021,Singapore Management University,School of Information Systems (4-year programme) *,Information Systems,1104,98.2,94.6,4774,4860,4906,5000,4200,5350,4906,5000,4200,5350
2021,Singapore Management University,School of Information Systems (4-year programme) *,Information Systems (Cum Laude and above),1105,97.4,93.6,5317,5050,5499,5350,5000,5833,5499,5350,5000,5833
2021,Singapore Management University,School of Social Sciences (4-year programme) *,Social Sciences,1106,94.1,77.1,3656,3465,3836,3600,3200,4010,3836,3600,3200,4010
2021,Singapore Management University,School of Social Sciences (4-year programme) *,Social Sciences (Cum Laude and above),1107,96.9,86.2,3856,3500,4063,3763,3350,4500,4063,3763,3350,4500
2021,Singapore Management University,School of Law (4-year programme) *,Law #,1108,100,98.3,5319,5500,5433,5600,4500,6000,5433,5600,4500,6000
2021,Singapore Management University,School of Law (4-year programme) *,Law (Cum Laude and above) #,1109,100,98.8,5613,5600,5754,5800,5025,6000,5754,5800,5025,6000
2021,Singapore University of Social Sciences,S R Nathan School of Human Development,Bachelor of Early Childhood Education,1110,93,88.4,2949,3000,2963,3000,2800,3100,2963,3000,2800,3100
2021,Singapore University of Social Sciences,S R Nathan School of Human Development,Bachelor of Human Resource Management,1111,95.6,80.9,3249,3200,3412,3200,3000,3500,3412,3200,3000,3500
2021,Singapore University of Social Sciences,S R Nathan School of Human Development,Bachelor of Social Work,1112,94.7,86.8,3432,3530,3461,3530,3400,3580,3461,3530,3400,3580
2021,Singapore University of Social Sciences,School of Business,Bachelor of Accountancy,1113,98.6,89,3199,3200,3231,3200,3000,3400,3231,3200,3000,3400
2021,Singapore University of Social Sciences,School of Business,Bachelor of Science in Business Analytics,1114,93.5,83.9,4218,3800,4372,3800,3350,4900,4372,3800,3350,4900
2021,Singapore University of Social Sciences,School of Business,Bachelor of Science in Finance,1115,84.4,56.3,3856,3500,3862,3500,3300,4350,3862,3500,3300,4350
2021,Singapore University of Social Sciences,School of Business,Bachelor of Science in Marketing,1116,92.4,63.6,3303,3200,3411,3275,2820,3600,3411,3275,2820,3600
2021,Singapore University of Social Sciences,School of Business,Bachelor of Science in Supply Chain Management,1117,97.4,79.5,3245,3200,3381,3300,3025,3500,3381,3300,3025,3500
2021,Singapore University of Technology and Design,na,Bachelor of Engineering (Computer Science and Design),1118,98.3,96.7,4936,4800,5030,4800,4400,5414,5030,4800,4400,5414
2021,Singapore University of Technology and Design,na,Bachelor of Engineering (Engineering Product Development),1119,89.9,85.5,4047,4000,4141,4000,3750,4500,4141,4000,3750,4500
2021,Singapore University of Technology and Design,na,Bachelor of Engineering (Engineering Systems and Design),1120,95.5,90.9,4542,4500,4778,4700,3900,5000,4778,4700,3900,5000
2021,Singapore University of Technology and Design,na,Bachelor of Science (Architecture and Sustainable Design),1121,96.6,89.7,3800,3801,3842,3875,3430,4200,3842,3875,3430,4200
2022,National University of Singapore,Faculty of Arts & Social Sciences,Bachelor of Arts,1122,88.5,76.9,3808,3670,3928,3700,3500,4000,3928,3700,3500,4000
2022,National University of Singapore,Faculty of Arts & Social Sciences,Bachelor of Arts (Hons),1123,87.5,74.4,3889,3850,4034,4000,3500,4390,4034,4000,3500,4390
2022,National University of Singapore,Faculty of Arts & Social Sciences,Bachelor of Social Sciences,1124,92.3,81.1,3935,3650,4056,3795,3500,4350,4056,3795,3500,4350
2022,National University of Singapore,Faculty of Dentistry,Bachelor of Dental Surgery,1125,100,100,4331,4200,4331,4200,4200,4600,4331,4200,4200,4600
2022,National University of Singapore,Faculty of Law,Bachelor of Laws #,1126,97.3,94.6,5935,6000,6182,6400,5500,6800,6182,6400,5500,6800
2022,National University of Singapore,Faculty of Science,Bachelor of Science ^,1127,85.2,63,3630,3500,3823,3600,3500,4000,3823,3600,3500,4000
2022,National University of Singapore,Faculty of Science,Bachelor of Science (Hons),1128,90.6,80.1,4040,3720,4174,3850,3500,4500,4174,3850,3500,4500
2022,National University of Singapore,Faculty of Science,Bachelor of Science (Computational Biology)**,1129,na,na,na,na,na,na,na,na,na,na,na,na
2022,National University of Singapore,Faculty of Science,Bachelor of Science (Pharmacy) #,1130,98.4,95.1,3829,3798,4053,4000,3750,4250,4053,4000,3750,4250
2022,National University of Singapore,Faculty of Science,Bachelor of Science (Pharmaceutical Science) (Hons) ^,1131,94.1,76.5,3769,3700,3808,3700,3400,4350,3808,3700,3400,4350
2022,National University of Singapore,Faculty of Science,Bachelor of Science (Data Science and Analytics),1132,96.8,96.8,5562,5500,5616,5500,4628,6100,5616,5500,4628,6100
2022,National University of Singapore,NUS Business School,Bachelor of Business Administration,1133,87.9,78.8,5653,5000,6026,5100,4000,7000,6026,5100,4000,7000
2022,National University of Singapore,NUS Business School,Bachelor of Business Administration (Hons),1134,97.1,95.7,5346,4600,5519,4696,4000,5938,5519,4696,4000,5938
2022,National University of Singapore,NUS Business School,Bachelor of Business Administration (Accountancy) ^,1135,93.3,93.3,5494,3800,5560,3800,3400,5500,5560,3800,3400,5500
2022,National University of Singapore,NUS Business School,Bachelor of Business Administration (Accountancy) (Hons),1136,99.3,97.9,4619,4000,4668,4000,3600,5000,4668,4000,3600,5000
2022,National University of Singapore,NUS Business School,Bachelor of Science (Real Estate),1137,99,95.1,3924,3800,4062,3850,3600,4400,4062,3850,3600,4400
2022,National University of Singapore,School of Computing,Bachelor of Computing (Computer Science),1138,96.8,96.1,6954,6500,7121,6600,5341,7583,7121,6600,5341,7583
2022,National University of Singapore,School of Computing,Bachelor of Computing (Information Security),1139,94.6,91.1,5274,5400,5660,5500,4800,6475,5660,5500,4800,6475
2022,National University of Singapore,School of Computing,Bachelor of Computing (Information Systems),1140,95.3,93,5551,5300,5672,5500,4800,6250,5672,5500,4800,6250
2022,National University of Singapore,School of Computing,Bachelor of Science (Business Analytics),1141,96.2,95.2,5845,5500,5966,5500,5000,6600,5966,5500,5000,6600
2022,National University of Singapore,College of Design and Engineering,Bachelor of Engineering (Biomedical Engineering),1142,97.2,91.6,4140,3800,4268,4000,3500,5000,4268,4000,3500,5000
2022,National University of Singapore,College of Design and Engineering,Bachelor of Engineering (Chemical Engineering),1143,96.6,95.5,4487,4400,4690,4675,4018,5100,4690,4675,4018,5100
2022,National University of Singapore,College of Design and Engineering,Bachelor of Engineering (Civil Engineering),1144,93.8,88.9,3979,3921,4139,4000,3700,4400,4139,4000,3700,4400
2022,National University of Singapore,College of Design and Engineering,Bachelor of Engineering (Electrical Engineering),1145,92.2,90.7,4730,4700,4913,4800,4380,5500,4913,4800,4380,5500
2022,National University of Singapore,College of Design and Engineering,Bachelor of Engineering (Engineering Science) ^,1146,100,100,4622,4450,4659,4450,4080,5000,4659,4450,4080,5000
2022,National University of Singapore,College of Design and Engineering,Bachelor of Engineering (Environmental Engineering),1147,87.1,83.9,4252,4000,4496,4200,3850,5000,4496,4200,3850,5000
2022,National University of Singapore,College of Design and Engineering,Bachelor of Engineering (Industrial and Systems Engineering),1148,92.9,92.9,5137,5000,5281,5000,4290,5650,5281,5000,4290,5650
2022,National University of Singapore,College of Design and Engineering,Bachelor of Engineering (Materials Science and Engineering),1149,92.9,87.1,4384,4360,4539,4500,3850,5000,4539,4500,3850,5000
2022,National University of Singapore,College of Design and Engineering,Bachelor of Engineering (Mechanical Engineering),1150,96.2,91.9,4594,4400,4780,4525,4000,5200,4780,4525,4000,5200
2022,National University of Singapore,College of Design and Engineering,Bachelor of Arts (Architecture) #,1151,96,92,4360,4300,4481,4400,4000,4800,4481,4400,4000,4800
2022,National University of Singapore,College of Design and Engineering,Bachelor of Arts (Industrial Design),1152,66.7,43.3,4239,4500,4270,4500,3500,4500,4270,4500,3500,4500
2022,National University of Singapore,College of Design and Engineering,Bachelor of Science (Project and Facilities Management),1153,98.4,92,3612,3500,3670,3555,3375,3855,3670,3555,3375,3855
2022,National University of Singapore,Yong Loo Lin School (Medicine),Bachelor of Medicine and Bachelor of Surgery # **,1154,na,na,na,na,na,na,na,na,na,na,na,na
2022,National University of Singapore,Yong Loo Lin School (Medicine),Bachelor of Science (Nursing),1155,94.8,91.3,3426,3350,3656,3600,3500,3825,3656,3600,3500,3825
2022,National University of Singapore,Yong Loo Lin School (Medicine),Bachelor of Science (Nursing) (Hons),1156,100,99,3575,3550,3834,3850,3650,4000,3834,3850,3650,4000
2022,National University of Singapore,YST Conservatory of Music,Bachelor of Music ^,1157,85.7,28.6,3661,3590,3661,3590,3350,3973,3661,3590,3350,3973
2022,National University of Singapore,Yale-NUS College,Bachelor of Arts with Honours,1158,87.3,80.5,5130,4500,5418,4600,3800,6000,5418,4600,3800,6000
2022,National University of Singapore,Yale-NUS College,Bachelor of Science with Honours,1159,96.3,88.9,6764,5875,6879,6038,4500,9000,6879,6038,4500,9000
2022,National University of Singapore,Multi-Disciplinary Programmes,Bachelor of Engineering (Computer Engineering),1160,94.5,92.7,6183,5900,6367,6000,5300,6800,6367,6000,5300,6800
2022,National University of Singapore,Multi-Disciplinary Programmes,Bachelor of Environmental Studies,1161,91.9,78.4,3999,3800,4000,3800,3500,4000,4000,3800,3500,4000
2022,Nanyang Technological University,College of Business (Nanyang Business School),Accountancy,1162,98.3,97.6,3965,3600,4031,3600,3600,4300,4031,3600,3600,4300
2022,Nanyang Technological University,College of Business (Nanyang Business School),Accountancy and Business,1163,98,96.9,5473,4833,5580,4942,4167,6230,5580,4942,4167,6230
2022,Nanyang Technological University,College of Business (Nanyang Business School),Business,1164,94.5,86.5,4407,4000,4503,4015,3600,4800,4503,4015,3600,4800
2022,Nanyang Technological University,College of Business (Nanyang Business School),Double Degree in Business and Computer Engineering/Computing,1165,100,100,6307,6000,6627,6500,6000,7500,6627,6500,6000,7500
2022,Nanyang Technological University,College of Engineering,Aerospace Engineering,1166,94,93,4752,4800,4899,5000,4160,5500,4899,5000,4160,5500
2022,Nanyang Technological University,College of Engineering,Bioengineering,1167,93.9,90.9,4160,4000,4419,4200,3600,5250,4419,4200,3600,5250
2022,Nanyang Technological University,College of Engineering,Chemical and Biomolecular Engineering,1168,96.6,93.3,4580,4500,4733,4800,4028,5100,4733,4800,4028,5100
2022,Nanyang Technological University,College of Engineering,Civil Engineering,1169,91.6,88.4,3699,3600,3788,3650,3500,3975,3788,3650,3500,3975
2022,Nanyang Technological University,College of Engineering,Computer Engineering,1170,87,85.2,5366,5285,5463,5295,4500,6215,5463,5295,4500,6215
2022,Nanyang Technological University,College of Engineering,Computer Science,1171,94,91.7,5515,5400,5699,5500,4900,6420,5699,5500,4900,6420
2022,Nanyang Technological University,College of Engineering,Data Science and Artificial Intelligence ^,1172,88.2,82.4,6647,5625,6749,5625,5000,7500,6749,5625,5000,7500
2022,Nanyang Technological University,College of Engineering,Double Degree in Engineering and Economics ^,1173,100,100,5150,5000,5344,5000,4700,5815,5344,5000,4700,5815
2022,Nanyang Technological University,College of Engineering,Electrical and Electronic Engineering,1174,92.4,90.2,4595,4500,4723,4558,4100,5000,4723,4558,4100,5000
2022,Nanyang Technological University,College of Engineering,Environmental Engineering,1175,93.5,90.3,3988,3800,4139,3900,3700,4500,4139,3900,3700,4500
2022,Nanyang Technological University,College of Engineering,Information Engineering and Media,1176,95.3,93.8,5080,4950,5187,4950,4500,5500,5187,4950,4500,5500
2022,Nanyang Technological University,College of Engineering,Maritime Studies,1177,96.7,95.1,3842,3740,3860,3740,3500,4060,3860,3740,3500,4060
2022,Nanyang Technological University,College of Engineering,Materials Engineering,1178,94.9,92.6,4300,4300,4522,4500,3800,5000,4522,4500,3800,5000
2022,Nanyang Technological University,College of Engineering,Mechanical Engineering,1179,95,91.3,4381,4200,4537,4500,3944,5000,4537,4500,3944,5000
2022,Nanyang Technological University,"College of Humanities, Arts & Social Sciences","Art, Design and Media",1180,89.5,63.2,3303,3200,3372,3200,3000,3600,3372,3200,3000,3600
2022,Nanyang Technological University,"College of Humanities, Arts & Social Sciences",Chinese,1181,91.8,70.5,3408,3300,3566,3600,3060,4015,3566,3600,3060,4015
2022,Nanyang Technological University,"College of Humanities, Arts & Social Sciences",Communication Studies,1182,94.2,79.7,3674,3500,3739,3500,3200,4200,3739,3500,3200,4200
2022,Nanyang Technological University,"College of Humanities, Arts & Social Sciences",Economics,1183,88.7,81.7,4187,4000,4270,4000,3600,4550,4270,4000,3600,4550
2022,Nanyang Technological University,"College of Humanities, Arts & Social Sciences",English,1184,94.9,77.2,3574,3500,3699,3748,3200,4200,3699,3748,3200,4200
2022,Nanyang Technological University,"College of Humanities, Arts & Social Sciences",History,1185,86.5,80.8,3819,3800,3966,4000,3500,4250,3966,4000,3500,4250
2022,Nanyang Technological University,"College of Humanities, Arts & Social Sciences",Inter-Disciplinary Double Major8,1186,87.9,66.7,4135,4200,4258,4271,3650,4750,4258,4271,3650,4750
2022,Nanyang Technological University,"College of Humanities, Arts & Social Sciences",Linguistics and Multilingual Studies,1187,94.1,72.5,3452,3400,3513,3500,3150,3810,3513,3500,3150,3810
2022,Nanyang Technological University,"College of Humanities, Arts & Social Sciences",Philosophy ^,1188,78.3,69.6,3476,3300,3515,3450,3000,3700,3515,3450,3000,3700
2022,Nanyang Technological University,"College of Humanities, Arts & Social Sciences",Psychology,1189,79.8,69.7,3688,3635,3743,3668,3300,4015,3743,3668,3300,4015
2022,Nanyang Technological University,"College of Humanities, Arts & Social Sciences",Public Policy and Global Affairs,1190,97.9,95.7,4122,4088,4167,4123,3650,4500,4167,4123,3650,4500
2022,Nanyang Technological University,"College of Humanities, Arts & Social Sciences",Sociology,1191,92.9,87.1,3816,3789,3904,3800,3450,4200,3904,3800,3450,4200
2022,Nanyang Technological University,College of Science,Biological and Biomedical Sciences,1192,93.9,83.2,3688,3600,3808,3600,3400,4100,3808,3600,3400,4100
2022,Nanyang Technological University,College of Science,Biological Sciences and Psychology ^,1193,71.4,50,4057,3800,4264,4050,3700,4300,4264,4050,3700,4300
2022,Nanyang Technological University,College of Science,Biomedical Sciences and Chinese Medicine # ^,1194,100,90,3300,3100,3415,3175,3080,3300,3415,3175,3080,3300
2022,Nanyang Technological University,College of Science,Chemistry and Biological Chemistry,1195,90.8,84,3759,3600,3863,3700,3400,4200,3863,3700,3400,4200
2022,Nanyang Technological University,College of Science,Environmental Earth Systems Sciences ^,1196,100,88,4406,4008,4545,4023,3600,4959,4545,4023,3600,4959
2022,Nanyang Technological University,College of Science,Mathematical Sciences / Mathematical Sciences and Economics,1197,86.5,79.4,4352,4250,4436,4300,3799,4800,4436,4300,3799,4800
2022,Nanyang Technological University,College of Science,Physics and Applied Physics,1198,91.5,84.7,3917,4000,4067,4000,3683,4575,4067,4000,3683,4575
2022,Nanyang Technological University,National Institute of Education (NIE),Arts (with Education),1199,100,100,3684,4000,4025,4129,3750,4300,4025,4129,3750,4300
2022,Nanyang Technological University,National Institute of Education (NIE),Science (with Education) ^,1200,100,100,4106,4275,4211,4300,4000,4470,4211,4300,4000,4470
2022,Nanyang Technological University,National Institute of Education (NIE),Sports Science and Management,1201,100,74.4,3657,3350,3762,3350,3200,4266,3762,3350,3200,4266
2022,Nanyang Technological University,Lee Kong Chian School of Medicine,Medicine #,1202,100,100,4779,4700,5532,5600,5199,6000,5532,5600,5199,6000
2022,Singapore Management University,School of Accountancy (4-year programme) *,Accountancy,1203,98.1,96.1,4432,3800,4497,3825,3600,4600,4497,3825,3600,4600
2022,Singapore Management University,School of Accountancy (4-year programme) *,Accountancy (Cum Laude and above),1204,100,98,5040,4000,5097,4025,3600,5500,5097,4025,3600,5500
2022,Singapore Management University,School of Business (4-year programme) *,Business Management,1205,94.3,86.5,4744,4208,4937,4400,3700,5200,4937,4400,3700,5200
2022,Singapore Management University,School of Business (4-year programme) *,Business Management (Cum Laude and above),1206,97.4,93.1,5409,4600,5630,4800,4050,6084,5630,4800,4050,6084
2022,Singapore Management University,School of Economics (4-year programme) *,Economics,1207,97.2,89.9,4665,4500,4824,4500,4000,5200,4824,4500,4000,5200
2022,Singapore Management University,School of Economics (4-year programme) *,Economics (Cum Laude and above),1208,100,98.6,5021,4500,5169,4500,4091,5700,5169,4500,4091,5700
2022,Singapore Management University,School of Information Systems (4-year programme) *,Information Systems,1209,95.1,93.4,5333,5235,5472,5400,4700,6166,5472,5400,4700,6166
2022,Singapore Management University,School of Information Systems (4-year programme) *,Information Systems (Cum Laude and above),1210,96,94.4,5702,5500,5799,5638,4900,6500,5799,5638,4900,6500
2022,Singapore Management University,School of Social Sciences (4-year programme) *,Social Sciences,1211,91.4,83.3,4076,3843,4265,4000,3500,4600,4265,4000,3500,4600
2022,Singapore Management University,School of Social Sciences (4-year programme) *,Social Sciences (Cum Laude and above),1212,94.3,88.6,4351,4008,4576,4316,3795,4900,4576,4316,3795,4900
2022,Singapore Management University,School of Law (4-year programme) *,Law #,1213,94.1,91.1,6063,6000,6221,6375,5500,6800,6221,6375,5500,6800
2022,Singapore Management University,School of Law (4-year programme) *,Law (Cum Laude and above) #,1214,92.4,92.4,6226,6338,6429,6400,6000,7000,6429,6400,6000,7000
2022,Singapore University of Technology and Design,na,Bachelor of Engineering (Computer Science and Design),1215,91.2,86.8,5539,5000,5725,5190,4600,6600,5725,5190,4600,6600
2022,Singapore University of Technology and Design,na,Bachelor of Engineering (Engineering Product Development),1216,94.9,92.3,4266,4150,4408,4200,3900,5000,4408,4200,3900,5000
2022,Singapore University of Technology and Design,na,Bachelor of Engineering (Engineering Systems and Design),1217,89.5,86,4929,4500,5046,4500,4000,5300,5046,4500,4000,5300
2022,Singapore University of Technology and Design,na,Bachelor of Science (Architecture and Sustainable Design) ###,1218,90.6,84.9,4281,4100,4335,4100,3900,4500,4335,4100,3900,4500
2022,Singapore University of Social Sciences,S R Nathan School of Human Development,Bachelor of Early Childhood Education,1219,88.1,79.7,3090,3100,3188,3200,3000,3338,3188,3200,3000,3338
2022,Singapore University of Social Sciences,S R Nathan School of Human Development,Bachelor of Human Resource Management,1220,93.8,75,3749,3525,3874,3588,3250,4000,3874,3588,3250,4000
2022,Singapore University of Social Sciences,S R Nathan School of Human Development,Bachelor of Social Work,1221,91.9,80.6,3529,3640,3536,3640,3500,3640,3536,3640,3500,3640
2022,Singapore University of Social Sciences,School of Business,Bachelor of Accountancy,1222,96.4,94.6,3576,3600,3635,3600,3500,3663,3635,3600,3500,3663
2022,Singapore University of Social Sciences,School of Business,Bachelor of Science in Business Analytics,1223,93,86,4432,4500,4540,4660,4000,5000,4540,4660,4000,5000
2022,Singapore University of Social Sciences,School of Business,Bachelor of Science in Finance,1224,97.2,86.1,4149,4000,4483,4000,3800,5250,4483,4000,3800,5250
2022,Singapore University of Social Sciences,School of Business,Bachelor of Science in Marketing,1225,87.2,75.6,3664,3500,3827,3600,3220,4100,3827,3600,3220,4100
2022,Singapore University of Social Sciences,School of Business,Bachelor of Science in Supply Chain Management,1226,98.4,90.6,3629,3500,3702,3500,3300,3900,3702,3500,3300,3900
2022,Singapore University of Social Sciences,School of Law,Bachelor of Law **,1227,na,na,na,na,na,na,na,na,na,na,na,na
2022,Singapore Institute of Technology,DigiPen Institute of Technology,Bachelor of Arts in Game Design ^,1228,67.9,60.7,3847.352941,3500,3883.823529,3600,3400,4250,3883.823529,3600,3400,4250
2022,Singapore Institute of Technology,DigiPen Institute of Technology,Bachelor of Fine Arts in Digital Art and Animation,1229,77.1,54.3,3605.789474,3500,3628.304211,3500,3000,3825,3628.304211,3500,3000,3825
2022,Singapore Institute of Technology,DigiPen Institute of Technology,Bachelor of Science in Computer Science and Game Design,1230,90.6,84.4,4592.846154,4375,4680.538462,4490,4250,5200,4680.538462,4490,4250,5200
2022,Singapore Institute of Technology,DigiPen Institute of Technology,Bachelor of Science in Computer Science in Real-Time Interactive Simulation,1231,100,95.6,5575.963095,5500,5678.963095,5500,4700,6656.25,5678.963095,5500,4700,6656.25
2022,Singapore Institute of Technology,Singapore Institute of Technology (SIT),Bachelor of Accountancy with Honours,1232,91.8,91.8,3811.572414,3600,3841.344483,3600,3600,4000,3841.344483,3600,3600,4000
2022,Singapore Institute of Technology,Singapore Institute of Technology (SIT),Bachelor of Engineering with Honours in Information & Communications Technology (Information Security),1233,98,96,4798.275,4800,4926.782083,4800,4215.5,5563.435,4926.782083,4800,4215.5,5563.435
2022,Singapore Institute of Technology,Singapore Institute of Technology (SIT),Bachelor of Engineering with Honours in Information & Communications Technology (Software Engineering),1234,98.1,98.1,5168.679804,5000,5313.326863,5200,4798,5900,5313.326863,5200,4798,5900
2022,Singapore Institute of Technology,Singapore Institute of Technology (SIT),Bachelor of Engineering with Honours in Aircraft Systems Engineering,1235,91.2,85.3,4102.172414,4400,4167.689655,4400,3000,4900,4167.689655,4400,3000,4900
2022,Singapore Institute of Technology,Singapore Institute of Technology (SIT),Bachelor of Engineering with Honours in Pharmaceutical Engineering,1236,96.6,91.5,3790.612115,3755,4084.869038,3955,3502.5,4300,4084.869038,3955,3502.5,4300
2022,Singapore Institute of Technology,Singapore Institute of Technology (SIT),Bachelor of Engineering with Honours in Sustainable Infrastructure Engineering (Building Services),1237,100,97.6,3819.25,3725,3879.45,3775,3585,4050,3879.45,3775,3585,4050
2022,Singapore Institute of Technology,Singapore Institute of Technology (SIT),Bachelor of Engineering with Honours in Sustainable Infrastructure Engineering (Land),1238,93.3,93.3,4114.998889,3700,4302.517407,4000,3700,4800,4302.517407,4000,3700,4800
2022,Singapore Institute of Technology,Singapore Institute of Technology (SIT),Bachelor of Engineering with Honours in Telematics (Intelligent Transportation Systems Engineering),1239,81.4,65.1,4340.776786,4500,4400.241071,4687.5,4032.5,4800,4400.241071,4687.5,4032.5,4800
2022,Singapore Institute of Technology,Singapore Institute of Technology (SIT),Bachelor of Hospitality Business with Honours,1240,95.5,90,3236.838384,3200,3468.686869,3300,3000,3740,3468.686869,3300,3000,3740
2022,Singapore Institute of Technology,Singapore Institute of Technology (SIT),Bachelor of Science (Air Transport Management),1241,90,80,3888.294194,3700,4159.150645,3980,3501,4365,4159.150645,3980,3501,4365
2022,Singapore Institute of Technology,Singapore Institute of Technology (SIT),Bachelor of Science (Diagnostic Radiography),1242,100,100,3558.162791,3500,3835.857674,3800,3650,3990,3835.857674,3800,3650,3990
2022,Singapore Institute of Technology,Singapore Institute of Technology (SIT),Bachelor of Science (Occupational Therapy),1243,97.1,95.7,3604.91791,3600,3630.268657,3668.5,3500,3800,3630.268657,3668.5,3500,3800
2022,Singapore Institute of Technology,Singapore Institute of Technology (SIT),Bachelor of Science (Radiation Therapy) ^,1244,90.9,90.9,3615.4,3600,3767.9,3775,3500,4060,3767.9,3775,3500,4060
2022,Singapore Institute of Technology,SIT- DigiPen Institute of Technology,Bachelor of Engineering with Honours in Systems Engineering (ElectroMechanical Systems),1245,92.7,92.7,4842.905405,4800,4912.635135,4800,4574,5500,4912.635135,4800,4574,5500
2022,Singapore Institute of Technology,SIT- Massey University,Bachelor of Food Technology with Honours,1246,93.2,81.8,3271.805556,3300,3380.138889,3300,3050,3600,3380.138889,3300,3050,3600
2022,Singapore Institute of Technology,SIT- Newcastle University,Bachelor of Engineering with Honours in Chemical Engineering,1247,79.7,70.3,3936.25,3900,4215.522727,4100,3785,4650,4215.522727,4100,3785,4650
2022,Singapore Institute of Technology,SIT- Newcastle University,Bachelor of Engineering with Honours in Electrical Power Engineering,1248,86.4,84.7,4103.58,4000,4179.98,4100,3700,4510,4179.98,4100,3700,4510
2022,Singapore Institute of Technology,SIT- Newcastle University,Bachelor of Engineering with Honours in Marine Engineering,1249,93.5,93.5,4069.310345,3800,4211.034483,3900,3750,4400,4211.034483,3900,3750,4400
2022,Singapore Institute of Technology,SIT- Newcastle University,Bachelor of Engineering with Honours in Mechanical Design and Manufacturing Engineering,1250,88.5,80.3,4084.244898,4000,4291.64898,4100,3710,4500,4291.64898,4100,3710,4500
2022,Singapore Institute of Technology,SIT- Newcastle University,Bachelor of Engineering with Honours in Naval Architecture ^,1251,100,100,4390,3900,4540,4000,3800,5650,4540,4000,3800,5650
2022,Singapore Institute of Technology,SIT- Newcastle University,Bachelor of Engineering with Honours in Offshore Engineering ^,1252,90.5,85.7,3555.555556,3500,3797.611111,3675,3500,3900,3797.611111,3675,3500,3900
2022,Singapore Institute of Technology,SIT-Trinity College Dublin,Bachelor in Science (Physiotherapy),1253,98.1,98.1,3638.99,3630,3697.075,3674.25,3500,3850,3697.075,3674.25,3500,3850
2022,Singapore Institute of Technology,SIT-University of Glasgow,Bachelor of Engineering with Honours in Aerospace Engineering,1254,74.3,62.9,4085.454545,3750,4371.636364,4200,3500,4400,4371.636364,4200,3500,4400
2022,Singapore Institute of Technology,SIT-University of Glasgow,Bachelor of Engineering with Honours in Civil Engineering,1255,90.1,87.3,3932.42623,3800,4005.885246,3800,3700,4300,4005.885246,3800,3700,4300
2022,Singapore Institute of Technology,SIT-University of Glasgow,Bachelor of Engineering with Honours in Mechanical Engineering,1256,82.9,77.6,4070.236842,3900,4236.473684,4000,3800,4500,4236.473684,4000,3800,4500
2022,Singapore Institute of Technology,SIT-University of Glasgow,Bachelor of Science with Honours in Computing Science,1257,91.2,86.8,4979.817069,5000,5113.31719,5000,4800,5500,5113.31719,5000,4800,5500
2022,Singapore Institute of Technology,SIT-University of Glasgow,Bachelor of Science with Honours in Nursing,1258,98.6,88.4,3511.114754,3458,3796.516393,3800,3500,4100,3796.516393,3800,3500,4100
2022,Singapore Institute of Technology,Technische Universität München,Bachelor of Science in Chemical Engineering,1259,94.1,85.3,3704.482759,3600,4002.482759,3950,3600,4300,4002.482759,3950,3600,4300
2022,Singapore Institute of Technology,Technische Universität München,Bachelor of Science in Electrical Engineering & Information Technology ^,1260,95,85,4522.2,4200,4605.533333,4280,4000,4800,4605.533333,4280,4000,4800
2022,Singapore Institute of Technology,The Culinary Institute of America,Bachelor of Business Administration in Food Business Management ^,1261,89.5,78.9,2609,2450,2969,3050,2300,3500,2969,3050,2300,3500
2022,Singapore Institute of Technology,University of Liverpool,Bachelor of Arts with Honours in Criminology and Security,1262,90.5,85.7,4277.888889,4050,4533.247222,4560.835,4000,5293,4533.247222,4560.835,4000,5293
year,university,school,degree,1263,employment_rate_overall,employment_rate_ft_perm,basic_monthly_mean,basic_monthly_median,gross_monthly_mean,gross_monthly_median,gross_mthly_25_percentile,gross_mthly_75_percentile,gross_monthly_mean,gross_monthly_median,gross_mthly_25_percentile,gross_mthly_75_percentile
2013,Nanyang Technological University,College of Business (Nanyang Business School),Accountancy and Business,1264,97.4,96.1,3701,3200,3727,3350,2900,4000,3727,3350,2900,4000
2013,Nanyang Technological University,College of Business (Nanyang Business School),Accountancy (3-yr direct Honours Programme),1265,97.1,95.7,2850,2700,2938,2700,2700,2900,2938,2700,2700,2900
2013,Nanyang Technological University,College of Business (Nanyang Business School),Business (3-yr direct Honours Programme),1266,90.9,85.7,3053,3000,3214,3000,2700,3500,3214,3000,2700,3500
2013,Nanyang Technological University,College of Business (Nanyang Business School),Business and Computing,1267,87.5,87.5,3557,3400,3615,3400,3000,4100,3615,3400,3000,4100
2013,Nanyang Technological University,College of Engineering,Aerospace Engineering,1268,95.3,95.3,3494,3500,3536,3500,3100,3816,3536,3500,3100,3816
2013,Nanyang Technological University,College of Engineering,Bioengineering,1269,81.3,68.8,2952,2900,3166,3125,2893,3365,3166,3125,2893,3365
2013,Nanyang Technological University,College of Engineering,Chemical and Biomolecular Engineering,1270,87.3,85.1,3235,3000,3377,3200,3000,3800,3377,3200,3000,3800
2013,Nanyang Technological University,College of Engineering,Computer Engineering,1271,90.3,88.2,3326,3100,3374,3175,3000,3600,3374,3175,3000,3600
2013,Nanyang Technological University,College of Engineering,Civil Engineering,1272,94.8,93.8,3091,3000,3182,3100,3000,3380,3182,3100,3000,3380
2013,Nanyang Technological University,College of Engineering,Computer Science,1273,92.1,88.5,3249,3000,3306,3125,3000,3600,3306,3125,3000,3600
2013,Nanyang Technological University,College of Engineering,Electrical and Electronic Engineering,1274,91,88.7,3133,3000,3187,3100,3000,3440,3187,3100,3000,3440
2013,Nanyang Technological University,College of Engineering,Environmental Engineering,1275,84,81.5,3091,3000,3140,3000,3000,3300,3140,3000,3000,3300
2013,Nanyang Technological University,College of Engineering,Information Engineering and Media,1276,85.7,79.6,3160,3150,3203,3200,2950,3400,3203,3200,2950,3400
2013,Nanyang Technological University,College of Engineering,Materials Engineering,1277,82.5,78.9,2989,3000,3096,3000,2800,3300,3096,3000,2800,3300
2013,Nanyang Technological University,College of Engineering,Mechanical Engineering,1278,91.6,89.5,3125,3000,3226,3100,3000,3500,3226,3100,3000,3500
2013,Nanyang Technological University,College of Engineering,Maritime Studies,1279,95.6,93.3,3050,3000,3111,3000,2850,3200,3111,3000,2850,3200
2013,Nanyang Technological University,"College of Humanities, Arts & Social Sciences","Art, Design & Media",1280,81.6,61.4,2639,2500,2638,2500,2300,2900,2638,2500,2300,2900
2013,Nanyang Technological University,"College of Humanities, Arts & Social Sciences",Chinese,1281,85.1,80.5,2818,2800,2924,3000,2600,3300,2924,3000,2600,3300
2013,Nanyang Technological University,"College of Humanities, Arts & Social Sciences",Communication Studies,1282,89.4,79.6,2893,2930,2956,3000,2700,3250,2956,3000,2700,3250
2013,Nanyang Technological University,"College of Humanities, Arts & Social Sciences",Economics,1283,89.9,83.5,3085,3000,3148,3000,2800,3545,3148,3000,2800,3545
2013,Nanyang Technological University,"College of Humanities, Arts & Social Sciences",English,1284,82.7,67.3,3087,3000,3179,3100,2800,3400,3179,3100,2800,3400
2013,Nanyang Technological University,"College of Humanities, Arts & Social Sciences",Linguistics and Multilingual Studies,1285,90.6,81.3,2691,2600,2725,2625,2475,3018,2725,2625,2475,3018
2013,Nanyang Technological University,"College of Humanities, Arts & Social Sciences",Psychology,1286,82.4,71.8,3007,3000,3061,3000,2750,3255,3061,3000,2750,3255
2013,Nanyang Technological University,"College of Humanities, Arts & Social Sciences",Sociology,1287,74.4,55.8,2980,3000,3082,3100,2800,3310,3082,3100,2800,3310
2013,Nanyang Technological University,College of Sciences,Biomedical Sciences **,1288,na,na,na,na,na,na,na,na,na,na,na,na
2013,Nanyang Technological University,College of Sciences,Biomedical Sciences (Traditional Chinese Medicine) #,1289,90.7,88.4,2840,2800,2883,2807,2700,3000,2883,2807,2700,3000
2013,Nanyang Technological University,College of Sciences,Biological Sciences,1290,78.6,68.1,2881,2900,3002,3000,2700,3250,3002,3000,2700,3250
2013,Nanyang Technological University,College of Sciences,Chemistry & Biological Chemistry,1291,79.8,68.9,2993,3000,3083,3100,2800,3400,3083,3100,2800,3400
2013,Nanyang Technological University,College of Sciences,Mathematics & Economics **,1292,na,na,na,na,na,na,na,na,na,na,na,na
2013,Nanyang Technological University,College of Sciences,Mathematical Science,1293,86,83.7,3169,3000,3262,3000,2750,3500,3262,3000,2750,3500
2013,Nanyang Technological University,College of Sciences,Physics / Applied Physics,1294,80.8,69.2,3164,3000,3208,3300,2900,3400,3208,3300,2900,3400
2013,Nanyang Technological University,College of Sciences,Sports Science and Management,1295,68.2,59.1,2968,3000,2985,3000,2700,3400,2985,3000,2700,3400
2013,Nanyang Technological University,National Institute of Education (NIE),Science (with Education),1296,100,100,3377,3400,3478,3498,3300,3800,3478,3498,3300,3800
2013,Nanyang Technological University,National Institute of Education (NIE),Arts (with Education),1297,100,100,3413,3426,3506,3498,3400,3575,3506,3498,3400,3575
2013,National University of Singapore,Faculty of Arts & Social Sciences,Bachelor of Arts,1298,84.8,70.1,2741,2730,2888,2800,2500,3080,2888,2800,2500,3080
2013,National University of Singapore,Faculty of Arts & Social Sciences,Bachelor of Arts (Hons),1299,86.6,74.6,3057,3200,3154,3200,2800,3500,3154,3200,2800,3500
2013,National University of Singapore,Faculty of Arts & Social Sciences,Bachelor of Social Sciences,1300,88.1,76.8,3098,3100,3210,3200,2800,3500,3210,3200,2800,3500
2013,National University of Singapore,NUS Business School,Bachelor of Business Administration,1301,88.7,81.7,2960,2868,3062,3000,2700,3370,3062,3000,2700,3370
2013,National University of Singapore,NUS Business School,Bachelor of Business Administration (Hons),1302,94.6,90.3,3404,3050,3512,3200,2800,3800,3512,3200,2800,3800
2013,National University of Singapore,NUS Business School,Bachelor of Business Administration (Accountancy),1303,93.3,88.9,2740,2700,2922,2700,2700,3018,2922,2700,2700,3018
2013,National University of Singapore,NUS Business School,Bachelor of Business Administration (Accountancy) (Hons),1304,97.2,94.4,3065,2800,3143,2800,2700,3200,3143,2800,2700,3200
2013,National University of Singapore,School of Computing,Bachelor of Computing (Communications and Media),1305,88.9,77.8,3350,3000,3377,3050,2825,3425,3377,3050,2825,3425
2013,National University of Singapore,School of Computing,Bachelor of Computing (Computational Biology) **,1306,na,na,na,na,na,na,na,na,na,na,na,na
2013,National University of Singapore,School of Computing,Bachelor of Computing (Computer Engineering) **,1307,na,na,na,na,na,na,na,na,na,na,na,na
2013,National University of Singapore,School of Computing,Bachelor of Computing (Computer Science),1308,92.4,83.3,3933,3400,3953,3425,3000,4000,3953,3425,3000,4000
2013,National University of Singapore,School of Computing,Bachelor of Computing (Electronic Commerce),1309,88.9,83.3,3277,3050,3320,3080,2800,3553,3320,3080,2800,3553
2014,Nanyang Technological University,College of Engineering,Aerospace Engineering,1310,84.6,82.7,3715,3700,3911,3770,3300,4070,3911,3770,3300,4070
2013,National University of Singapore,School of Computing,Bachelor of Computing (Information Systems),1311,89.2,83.9,3266,3000,3322,3005,3000,3800,3322,3005,3000,3800
2013,National University of Singapore,Faculty of Dentistry,Bachelor of Dental Surgery,1312,100,100,4106,4000,4106,4000,4000,4400,4106,4000,4000,4400
2013,National University of Singapore,School of Design & Environment,Bachelor of Arts (Architecture) ** #,1313,na,na,na,na,na,na,na,na,na,na,na,na
2013,National University of Singapore,School of Design & Environment,Bachelor of Arts (Industrial Design),1314,82.1,53.6,3007,2650,3023,2650,2400,3000,3023,2650,2400,3000
2013,National University of Singapore,School of Design & Environment,Bachelor of Science (Project and Facilities Management),1315,96.8,96.8,2961,2980,3025,3000,2800,3200,3025,3000,2800,3200
2013,National University of Singapore,School of Design & Environment,Bachelor of Science (Real Estate),1316,89.2,89.2,2839,2800,2988,2900,2600,3179,2988,2900,2600,3179
2013,National University of Singapore,Faculty of Engineering,Bachelor of Engineering (Bioengineering),1317,74,60,2823,3000,3068,3000,2720,3250,3068,3000,2720,3250
2013,National University of Singapore,Faculty of Engineering,Bachelor of Engineering (Chemical Engineering),1318,93.2,90,3245,3000,3359,3175,3000,3644,3359,3175,3000,3644
2013,National University of Singapore,Faculty of Engineering,Bachelor of Engineering (Civil Engineering),1319,96.1,94.1,3140,3000,3154,3050,3000,3300,3154,3050,3000,3300
2013,National University of Singapore,Faculty of Engineering,Bachelor of Engineering (Computer Engineering),1320,88.9,85.6,3592,3200,3653,3200,3000,3970,3653,3200,3000,3970
2013,National University of Singapore,Faculty of Engineering,Bachelor of Engineering (Electrical Engineering),1321,88.5,88,3286,3100,3334,3200,3000,3600,3334,3200,3000,3600
2013,National University of Singapore,Faculty of Engineering,Bachelor of Engineering (Engineering Science),1322,86.2,75.9,2940,3000,2960,3000,2800,3150,2960,3000,2800,3150
2013,National University of Singapore,Faculty of Engineering,Bachelor of Engineering (Environmental Engineering),1323,93.8,87.5,3153,3100,3208,3110,3000,3500,3208,3110,3000,3500
2013,National University of Singapore,Faculty of Engineering,Bachelor of Engineering (Industrial and Systems Engineering),1324,93.9,92.4,3330,3200,3397,3200,3000,3800,3397,3200,3000,3800
2013,National University of Singapore,Faculty of Engineering,Bachelor of Engineering (Materials Science and Engineering),1325,90.9,87.9,3036,3000,3169,3000,3000,3260,3169,3000,3000,3260
2013,National University of Singapore,Faculty of Engineering,Bachelor of Engineering (Mechanical Engineering),1326,89.1,87.2,3155,3000,3319,3225,3000,3500,3319,3225,3000,3500
2013,National University of Singapore,Faculty of Law,Bachelor of Laws (LLB) (Hons) #,1327,98.8,98.2,4922,4800,5099,5000,4500,5800,5099,5000,4500,5800
2013,National University of Singapore,YLL School of Medicine,Bachelor of Medicine and Bachelor of Surgery (MBBS) #,1328,100,100,4406,4500,4741,4500,4500,5200,4741,4500,4500,5200
2013,National University of Singapore,YLL School of Medicine,Bachelor of Science (Nursing),1329,97.5,97.5,2687,2750,2886,2950,2700,3050,2886,2950,2700,3050
2013,National University of Singapore,YLL School of Medicine,Bachelor of Science (Nursing) (Hons),1330,100,100,2896,3000,3042,3025,3000,3200,3042,3025,3000,3200
2013,National University of Singapore,Yong Siew Toh Conservatory of Music,Bachelor of Music **,1331,na,na,na,na,na,na,na,na,na,na,na,na
2013,National University of Singapore,Faculty of Science,Bachelor of Applied Science **,1332,na,na,na,na,na,na,na,na,na,na,na,na
2013,National University of Singapore,Faculty of Science,Bachelor of Applied Science (Hons),1333,97.3,97.3,2850,2750,2925,2900,2600,3255,2925,2900,2600,3255
2013,National University of Singapore,Faculty of Science,Bachelor of Science,1334,80.9,65.1,2726,2700,2804,2800,2600,3000,2804,2800,2600,3000
2013,National University of Singapore,Faculty of Science,Bachelor of Science (Hons),1335,83.6,74,3101,3000,3217,3100,2868,3500,3217,3100,2868,3500
2013,National University of Singapore,Faculty of Science,Bachelor of Science (Computational Biology) **,1336,na,na,na,na,na,na,na,na,na,na,na,na
2013,National University of Singapore,Faculty of Science,Bachelor of Science (Pharmacy) (Hons) #,1337,96.4,96.4,3473,3500,3540,3500,3350,3750,3540,3500,3350,3750
2013,Singapore Management University,School of Accountancy (4-year programme) *,Accountancy (4-years programme),1338,94.2,93.2,3231,2800,3342,2825,2700,3430,3342,2825,2700,3430
2013,Singapore Management University,School of Accountancy (4-year programme) *,Accountancy (4-years programme) Cum Laude and above,1339,95.2,95.2,3580,2900,3634,3000,2700,3750,3634,3000,2700,3750
2013,Singapore Management University,School of Business (4-year programme) *,Business Management (4-years programme),1340,93.2,87.3,3344,3000,3520,3200,2800,3750,3520,3200,2800,3750
2013,Singapore Management University,School of Business (4-year programme) *,Business Management (4-years programme) Cum Laude and above,1341,95.9,93.8,3825,3500,3975,3580,3000,4100,3975,3580,3000,4100
2013,Singapore Management University,School of Economics (4-year programme) *,Economics (4-years programme),1342,90.6,88.6,3389,3200,3513,3339,3000,3800,3513,3339,3000,3800
2013,Singapore Management University,School of Economics (4-year programme) *,Economics (4-years programme) Cum Laude and above,1343,94,94,3731,3500,3820,3600,3250,4000,3820,3600,3250,4000
2013,Singapore Management University,School of Information Systems (4-year programme) *,Information Systems Management (4-years programme),1344,93.6,89.5,3389,3300,3468,3300,3000,3800,3468,3300,3000,3800
2013,Singapore Management University,School of Information Systems (4-year programme) *,Information Systems Management (4-years programme) Cum Laude and above,1345,100,90.9,3786,3725,3862,3800,3500,4000,3862,3800,3500,4000
2013,Singapore Management University,School of Social Sciences (4-year programme) *,Social Sciences (4-years programme),1346,86.5,79.8,3122,3000,3150,3000,2600,3320,3150,3000,2600,3320
2013,Singapore Management University,School of Social Sciences (4-year programme) *,Social Sciences (4-years programme) Cum Laude and above,1347,87.5,83.3,3251,3200,3267,3200,2800,3781,3267,3200,2800,3781
2013,Singapore Management University,School of Law (4-year programme) *,Law (4-years programme) #,1348,100,100,5023,4800,5246,5000,4500,6000,5246,5000,4500,6000
2013,Singapore Management University,School of Law (4-year programme) *,Law (4-years programme) Cum Laude and above #,1349,100,100,5329,5000,5617,5547,4750,6400,5617,5547,4750,6400
2014,Nanyang Technological University,College of Business (Nanyang Business School),Accountancy and Business,1350,,,,,,,,,,,,
2014,Nanyang Technological University,College of Business (Nanyang Business School),Accountancy (3-yr direct Honours Programme),1351,,,,,,,,,,,,
2014,Nanyang Technological University,College of Business (Nanyang Business School),Business (3-yr direct Honours Programme),1352,,,,,,,,,,,,
2014,Nanyang Technological University,College of Business (Nanyang Business School),Business and Computing,1353,,,,,,,,,,,,
2014,Nanyang Technological University,College of Engineering,Bioengineering,1354,,,,,,,,,,,,
2014,Nanyang Technological University,College of Engineering,Chemical and Biomolecular Engineering,1355,,,,,,,,,,,,
2014,Nanyang Technological University,College of Engineering,Computer Engineering,1356,,,,,,,,,,,,
2014,Nanyang Technological University,College of Engineering,Civil Engineering,1357,,,,,,,,,,,,
2014,Nanyang Technological University,College of Engineering,Computer Science,1358,,,,,,,,,,,,
2014,Nanyang Technological University,College of Engineering,Electrical and Electronic Engineering,1359,,,,,,,,,,,,
2014,Nanyang Technological University,College of Engineering,Environmental Engineering,1360,,,,,,,,,,,,
2014,Nanyang Technological University,College of Engineering,Information Engineering and Media,1361,,,,,,,,,,,,
2014,Nanyang Technological University,College of Engineering,Materials Engineering,1362,,,,,,,,,,,,
2014,Nanyang Technological University,College of Engineering,Mechanical Engineering,1363,,,,,,,,,,,,
2014,Nanyang Technological University,College of Engineering,Maritime Studies,1364,,,,,,,,,,,,
2014,Nanyang Technological University,"College of Humanities, Arts & Social Sciences","Art, Design & Media",1365,,,,,,,,,,,,
2014,Nanyang Technological University,"College of Humanities, Arts & Social Sciences",Chinese,1366,,,,,,,,,,,,
2014,Nanyang Technological University,"College of Humanities, Arts & Social Sciences",Communication Studies,1367,,,,,,,,,,,,
2014,Nanyang Technological University,"College of Humanities, Arts & Social Sciences",Economics,1368,,,,,,,,,,,,
2014,Nanyang Technological University,"College of Humanities, Arts & Social Sciences",English,1369,,,,,,,,,,,,
2014,Nanyang Technological University,"College of Humanities, Arts & Social Sciences",Linguistics and Multilingual Studies,1370,,,,,,,,,,,,
2014,Nanyang Technological University,"College of Humanities, Arts & Social Sciences",Psychology,1371,,,,,,,,,,,,
2014,Nanyang Technological University,"College of Humanities, Arts & Social Sciences",Sociology,1372,,,,,,,,,,,,
2014,Nanyang Technological University,College of Sciences,Biomedical Science **,1373,,,,,,,,,,,,
2014,Nanyang Technological University,College of Sciences,Biomedical Science (Traditional Chinese Medicine) #,1374,,,,,,,,,,,,
2014,Nanyang Technological University,College of Sciences,Biological Sciences,1375,,,,,,,,,,,,
2014,Nanyang Technological University,College of Sciences,Chemistry & Biological Chemistry,1376,,,,,,,,,,,,
2014,Nanyang Technological University,College of Sciences,Mathematics & Economics,1377,,,,,,,,,,,,
2014,Nanyang Technological University,College of Sciences,Mathematical Science,1378,,,,,,,,,,,,
2014,Nanyang Technological University,College of Sciences,Physics / Applied Physics,1379,,,,,,,,,,,,
2014,Nanyang Technological University,College of Sciences,Sports Science and Management,1380,,,,,,,,,,,,
2014,Nanyang Technological University,National Institute of Education (NIE),Science (with Education),1381,,,,,,,,,,,,
2014,Nanyang Technological University,National Institute of Education (NIE),Arts (with Education),1382,,,,,,,,,,,,
2014,National University of Singapore,Faculty of Arts & Social Sciences,Bachelor of Arts,1383,,,,,,,,,,,,
2014,National University of Singapore,Faculty of Arts & Social Sciences,Bachelor of Arts (Hons),1384,,,,,,,,,,,,
2014,National University of Singapore,Faculty of Arts & Social Sciences,Bachelor of Social Sciences,1385,,,,,,,,,,,,
2014,National University of Singapore,NUS Business School,Bachelor of Business Administration,1386,,,,,,,,,,,,
2014,National University of Singapore,NUS Business School,Bachelor of Business Administration (Hons),1387,,,,,,,,,,,,
2014,National University of Singapore,NUS Business School,Bachelor of Business Administration (Accountancy),1388,,,,,,,,,,,,
2014,National University of Singapore,NUS Business School,Bachelor of Business Administration (Accountancy) (Hons),1389,,,,,,,,,,,,
2014,National University of Singapore,School of Computing,Bachelor of Computing (Communications and Media),1390,,,,,,,,,,,,
2014,National University of Singapore,School of Computing,Bachelor of Computing (Computational Biology) **,1391,,,,,,,,,,,,
2014,National University of Singapore,School of Computing,Bachelor of Computing (Computer Engineering) **,1392,,,,,,,,,,,,
2014,National University of Singapore,School of Computing,Bachelor of Computing (Computer Science),1393,,,,,,,,,,,,
2014,National University of Singapore,School of Computing,Bachelor of Computing (Electronic Commerce),1394,,,,,,,,,,,,
2014,National University of Singapore,School of Computing,Bachelor of Computing (Information Systems),1395,,,,,,,,,,,,
2014,National University of Singapore,Faculty of Dentistry,Bachelor of Dental Surgery,1396,,,,,,,,,,,,
2014,National University of Singapore,School of Design & Environment,Bachelor of Arts (Architecture) #,1397,,,,,,,,,,,,
2014,National University of Singapore,School of Design & Environment,Bachelor of Arts (Industrial Design),1398,,,,,,,,,,,,
2014,National University of Singapore,School of Design & Environment,Bachelor of Science (Project and Facilities Management),1399,,,,,,,,,,,,
2014,National University of Singapore,School of Design & Environment,Bachelor of Science (Real Estate),1400,,,,,,,,,,,,
2014,National University of Singapore,Faculty of Engineering,Bachelor of Engineering (Biomedical Engineering) ^^,1401,,,,,,,,,,,,
2014,National University of Singapore,Faculty of Engineering,Bachelor of Engineering (Chemical Engineering),1402,,,,,,,,,,,,
2014,National University of Singapore,Faculty of Engineering,Bachelor of Engineering (Civil Engineering),1403,,,,,,,,,,,,
2014,National University of Singapore,Faculty of Engineering,Bachelor of Engineering (Computer Engineering),1404,,,,,,,,,,,,
2014,National University of Singapore,Faculty of Engineering,Bachelor of Engineering (Electrical Engineering),1405,,,,,,,,,,,,
2014,National University of Singapore,Faculty of Engineering,Bachelor of Engineering (Engineering Science),1406,,,,,,,,,,,,
2014,National University of Singapore,Faculty of Engineering,Bachelor of Engineering (Environmental Engineering),1407,,,,,,,,,,,,
2014,National University of Singapore,Faculty of Engineering,Bachelor of Engineering (Industrial and Systems Engineering),1408,,,,,,,,,,,,
2014,National University of Singapore,Faculty of Engineering,Bachelor of Engineering (Materials Science and Engineering),1409,,,,,,,,,,,,
2014,National University of Singapore,Faculty of Engineering,Bachelor of Engineering (Mechanical Engineering),1410,,,,,,,,,,,,
2014,National University of Singapore,Faculty of Law,Bachelor of Laws (LLB) (Hons) #,1411,,,,,,,,,,,,
2014,National University of Singapore,YLL School of Medicine,Bachelor of Medicine and Bachelor of Surgery #,1412,,,,,,,,,,,,
2014,National University of Singapore,YLL School of Medicine,Bachelor of Science (Nursing),1413,,,,,,,,,,,,
2014,National University of Singapore,YLL School of Medicine,Bachelor of Science (Nursing) (Hons),1414,,,,,,,,,,,,
2014,National University of Singapore,Yong Siew Toh Conservatory of Music,Bachelor of Music **,1415,,,,,,,,,,,,
2014,National University of Singapore,Faculty of Science,Bachelor of Applied Science **,1416,,,,,,,,,,,,
2014,National University of Singapore,Faculty of Science,Bachelor of Applied Science (Hons),1417,,,,,,,,,,,,
2014,National University of Singapore,Faculty of Science,Bachelor of Science,1418,,,,,,,,,,,,
2014,National University of Singapore,Faculty of Science,Bachelor of Science (Hons),1419,,,,,,,,,,,,
2014,National University of Singapore,Faculty of Science,Bachelor of Science (Computational Biology) **,1420,,,,,,,,,,,,
2014,National University of Singapore,Faculty of Science,Bachelor of Science (Pharmacy) (Hons) #,1421,,,,,,,,,,,,
2014,Singapore Management University,School of Accountancy (4-year programme) *,Accountancy (4-year programme),1422,,,,,,,,,,,,
2014,Singapore Management University,School of Accountancy (4-year programme) *,Accountancy (4-year programme) Cum Laude and above,1423,,,,,,,,,,,,
2014,Singapore Management University,School of Business (4-year programme) *,Business Management (4-year programme),1424,,,,,,,,,,,,
2014,Singapore Management University,School of Business (4-year programme) *,Business Management (4-year programme) Cum Laude and above,1425,,,,,,,,,,,,
2014,Singapore Management University,School of Economics (4-year programme) *,Economics (4-year programme),1426,,,,,,,,,,,,
2014,Singapore Management University,School of Economics (4-year programme) *,Economics (4-year programme) Cum Laude and above,1427,,,,,,,,,,,,
2014,Singapore Management University,School of Information Systems (4-year programme) *,Information Systems Management (4-year programme),1428,,,,,,,,,,,,
2014,Singapore Management University,School of Information Systems (4-year programme) *,Information Systems Management (4-year programme) Cum Laude and above,1429,,,,,,,,,,,,
2014,Singapore Management University,School of Social Sciences (4-year programme) *,Social Sciences (4-year programme),1430,,,,,,,,,,,,
2014,Singapore Management University,School of Social Sciences (4-year programme) *,Social Sciences (4-year programme) Cum Laude and above,1431,,,,,,,,,,,,
2014,Singapore Management University,School of Law (4-year programme) *,Law (4-year programme) #,1432,,,,,,,,,,,,
2014,Singapore Management University,School of Law (4-year programme) *,Law (4-year programme) Cum Laude and above #,1433,,,,,,,,,,,,
2014,Singapore Institute of Technology,DigiPen Institute of Technology,Bachelor of Arts in Game Design,1434,,,,,,,,,,,,
2014,Singapore Institute of Technology,DigiPen Institute of Technology,Bachelor of Fine Arts in Digital Arts & Animation,1435,,,,,,,,,,,,
2014,Singapore Institute of Technology,DigiPen Institute of Technology,Bachelor of Science in Computer Science & Game Design,1436,,,,,,,,,,,,
2014,Singapore Institute of Technology,DigiPen Institute of Technology,Bachelor of Science in Computer Science in Real-Time Interactive Simulation,1437,,,,,,,,,,,,
2014,Singapore Institute of Technology,The Glasgow School of Art,Bachelor of Arts with Honours in Communication Design,1438,,,,,,,,,,,,
2014,Singapore Institute of Technology,The Glasgow School of Art,Bachelor of Arts with Honours in Interior Design,1439,,,,,,,,,,,,
2014,Singapore Institute of Technology,Newcastle University,Bachelor of Engineering with Honours in Chemical Engineering,1440,,,,,,,,,,,,
2014,Singapore Institute of Technology,Newcastle University,Bachelor of Engineering with Honours in Marine Engineering,1441,,,,,,,,,,,,
2014,Singapore Institute of Technology,Newcastle University,Bachelor of Engineering with Honours in Mechanical Design & Manufacturing Engineering,1442,,,,,,,,,,,,
2014,Singapore Institute of Technology,Newcastle University,Bachelor of Engineering with Honours in Naval Architecture,1443,,,,,,,,,,,,
2014,Singapore Institute of Technology,Newcastle University,Bachelor of Engineering with Honours in Offshore Engineering,1444,,,,,,,,,,,,
2014,Singapore Institute of Technology,Newcastle University,Bachelor of Science with Honours in Food & Human Nutrition,1445,,,,,,,,,,,,
2014,Singapore Institute of Technology,Technische Universität München,Bachelor of Science in Chemical Engineering,1446,,,,,,,,,,,,
2014,Singapore Institute of Technology,Technische Universität München,Bachelor of Science in Electrical Engineering & Information Technology,1447,,,,,,,,,,,,
2014,Singapore Institute of Technology,The Culinary Institute of America,Bachelor of Professional Studies in Culinary Arts Management,1448,,,,,,,,,,,,
2014,Singapore Institute of Technology,Trinity College Dublin,Bachelor in Science (Occupational Therapy),1449,,,,,,,,,,,,
2014,Singapore Institute of Technology,Trinity College Dublin,Bachelor in Science (Physiotherapy),1450,,,,,,,,,,,,
2014,Singapore Institute of Technology,University of Glasgow,Bachelor of Engineering with Honours in Aeronautical Engineering,1451,,,,,,,,,,,,
2014,Singapore Institute of Technology,University of Glasgow,Bachelor of Engineering with Honours in Aerospace Systems,1452,,,,,,,,,,,,
2014,Singapore Institute of Technology,University of Glasgow,Bachelor of Engineering with Honours in Mechanical Design Engineering,1453,,,,,,,,,,,,
2014,Singapore Institute of Technology,University of Glasgow,Bachelor of Engineering with Honours in Mechatronics,1454,,,,,,,,,,,,
2014,Singapore Institute of Technology,University of Manchester,Bachelor of Science with Honours in Nursing Practice,1455,,,,,,,,,,,,
2014,Singapore Institute of Technology,"University of Nevada, Las Vegas",Bachelor of Science (Major in Hospitality Management),1456,,,,,,,,,,,,
2014,Singapore Institute of Technology,Wheelock College,Bachelor of Science in Early Childhood Education,1457,,,,,,,,,,,,
2015,Nanyang Technological University,College of Business (Nanyang Business School),Accountancy and Business,1458,98.6,97.3,4225,3500,4438,3770,3000,4850,4438,3770,3000,4850
2015,Nanyang Technological University,College of Business (Nanyang Business School),Accountancy (3-yr direct Honours Programme),1459,97.3,96.5,3182,2850,3240,2875,2850,3125,3240,2875,2850,3125
2015,Nanyang Technological University,College of Business (Nanyang Business School),Business (3-yr direct Honours Programme),1460,92.2,87.6,3343,3100,3502,3200,2900,3700,3502,3200,2900,3700
2015,Nanyang Technological University,College of Business (Nanyang Business School),Business and Computing,1461,100,100,4036,4184,4395,4583,3800,4876,4395,4583,3800,4876
2015,Nanyang Technological University,College of Engineering,Aerospace Engineering,1462,86,86,3699,3650,3724,3700,3450,4000,3724,3700,3450,4000
2015,Nanyang Technological University,College of Engineering,Aerospace Engineering and Economics **,1463,na,na,na,na,na,na,na,na,na,na,na,na
2015,Nanyang Technological University,College of Engineering,Bioengineering,1464,92.6,76.5,3079,3000,3197,3113,2900,3450,3197,3113,2900,3450
2015,Nanyang Technological University,College of Engineering,Business and Computer Engineering **,1465,na,na,na,na,na,na,na,na,na,na,na,na
2015,Nanyang Technological University,College of Engineering,Chemical And Biomolecular Engineering,1466,86.8,80.9,3156,3100,3373,3300,3000,3600,3373,3300,3000,3600
2015,Nanyang Technological University,College of Engineering,Chemical And Biomolecular Engineering and Economics **,1467,na,na,na,na,na,na,na,na,na,na,na,na
2015,Nanyang Technological University,College of Engineering,Computer Engineering,1468,85.1,83,3489,3350,3577,3500,3200,4000,3577,3500,3200,4000
2015,Nanyang Technological University,College of Engineering,Civil Engineering,1469,95.3,93,3125,3100,3206,3200,3000,3300,3206,3200,3000,3300
2015,Nanyang Technological University,College of Engineering,Computer Science,1470,92.4,91.4,3489,3300,3535,3300,3150,3800,3535,3300,3150,3800
2015,Nanyang Technological University,College of Engineering,Electrical And Electronic Engineering,1471,88.6,86.2,3345,3200,3446,3300,3000,3690,3446,3300,3000,3690
2015,Nanyang Technological University,College of Engineering,Environmental Engineering,1472,89.7,82.1,3472,3200,3673,3300,3000,3835,3673,3300,3000,3835
2015,Nanyang Technological University,College of Engineering,Environmental Engineering and Economics **,1473,na,na,na,na,na,na,na,na,na,na,na,na
2015,Nanyang Technological University,College of Engineering,Information Engineering And Media,1474,87.3,80,3271,3200,3375,3275,3000,3500,3375,3275,3000,3500
2015,Nanyang Technological University,College of Engineering,Information Engineering And Media and Economics **,1475,na,na,na,na,na,na,na,na,na,na,na,na
2015,Nanyang Technological University,College of Engineering,Materials Engineering,1476,82.9,76.8,3213,3100,3397,3200,3000,3600,3397,3200,3000,3600
2015,Nanyang Technological University,College of Engineering,Mechanical Engineering,1477,88,80.7,3248,3200,3388,3250,3000,3600,3388,3250,3000,3600
2015,Nanyang Technological University,College of Engineering,Mechanical Engineering and Economics **,1478,na,na,na,na,na,na,na,na,na,na,na,na
2015,Nanyang Technological University,College of Engineering,Maritime Studies,1479,95,95,3249,3200,3271,3200,3000,3300,3271,3200,3000,3300
2015,Nanyang Technological University,"College of Humanities, Arts & Social Sciences","Art, Design & Media",1480,79.3,56.9,3284,2800,3457,2800,2200,3000,3457,2800,2200,3000
2015,Nanyang Technological University,"College of Humanities, Arts & Social Sciences",Chinese,1481,81.8,76.6,2978,3000,3045,3200,2800,3500,3045,3200,2800,3500
2015,Nanyang Technological University,"College of Humanities, Arts & Social Sciences",Communication Studies,1482,85.1,74.4,2921,2900,3008,3000,2600,3330,3008,3000,2600,3330
2015,Nanyang Technological University,"College of Humanities, Arts & Social Sciences",Economics,1483,87.4,75.9,3322,3200,3496,3300,3000,3800,3496,3300,3000,3800
2015,Nanyang Technological University,"College of Humanities, Arts & Social Sciences",English,1484,88,74,3238,3000,3322,3314,2604,3743,3322,3314,2604,3743
2015,Nanyang Technological University,"College of Humanities, Arts & Social Sciences",Linguistics And Multilingual Studies,1485,88.4,55.8,3475,3000,3753,3000,2800,3600,3753,3000,2800,3600
2015,Nanyang Technological University,"College of Humanities, Arts & Social Sciences",Psychology,1486,73.3,52,3099,3121,3264,3200,2800,3562,3264,3200,2800,3562
2015,Nanyang Technological University,"College of Humanities, Arts & Social Sciences",Sociology,1487,85.7,79.4,3260,3000,3402,3125,2700,3600,3402,3125,2700,3600
2015,Nanyang Technological University,College of Sciences,Biomedical Science (Traditional Chinese Medicine) #,1488,100,100,2832,2800,2882,2800,2500,3105,2882,2800,2500,3105
2015,Nanyang Technological University,College of Sciences,Biological Sciences,1489,74.6,65.3,3117,3000,3229,3190,2875,3600,3229,3190,2875,3600
2015,Nanyang Technological University,College of Sciences,Chemistry & Biological Chemistry,1490,83.9,72.3,2960,2900,3139,3000,2800,3500,3139,3000,2800,3500
2015,Nanyang Technological University,College of Sciences,Mathematics & Economics,1491,95.3,84.4,3291,3000,3440,3205,2925,3500,3440,3205,2925,3500
2015,Nanyang Technological University,College of Sciences,Mathematical Science,1492,81.8,72.7,3254,3125,3402,3240,2950,3500,3402,3240,2950,3500
2015,Nanyang Technological University,College of Sciences,Physics / Applied Physics,1493,82.1,69.6,3098,3000,3186,3200,2900,3400,3186,3200,2900,3400
2015,Nanyang Technological University,College of Sciences,Sports Science and Management,1494,90.7,72.1,3232,3000,3307,3295,2900,3600,3307,3295,2900,3600
2015,Nanyang Technological University,National Institute of Education (NIE),Science (with Education),1495,100,100,3496,3500,3604,3504,3500,3855,3604,3504,3500,3855
2015,Nanyang Technological University,National Institute of Education (NIE),Arts (with Education),1496,100,100,3551,3500,3622,3500,3500,3605,3622,3500,3500,3605
2015,National University of Singapore,Faculty of Arts & Social Sciences,Bachelor of Arts,1497,88.4,74.6,2839,2880,2999,3000,2700,3215,2999,3000,2700,3215
2015,National University of Singapore,Faculty of Arts & Social Sciences,Bachelor of Arts (Hons),1498,83,70.5,3266,3310,3310,3310,3000,3625,3310,3310,3000,3625
2015,National University of Singapore,Faculty of Arts & Social Sciences,Bachelor of Social Sciences,1499,88.6,79.8,3317,3300,3442,3310,3000,3686,3442,3310,3000,3686
2015,National University of Singapore,NUS Business School,Bachelor of Business Administration,1500,88.2,80.3,3164,3000,3341,3000,2800,3700,3341,3000,2800,3700
2015,National University of Singapore,NUS Business School,Bachelor of Business Administration (Hons),1501,96,93.1,4173,3750,4326,3800,3300,4600,4326,3800,3300,4600
2015,National University of Singapore,NUS Business School,Bachelor of Business Administration (Accountancy),1502,97.6,97.6,2817,2850,2983,2850,2700,2960,2983,2850,2700,2960
2015,National University of Singapore,NUS Business School,Bachelor of Business Administration (Accountancy) (Hons),1503,98.6,98.6,3547,3000,3587,3000,2850,3634,3587,3000,2850,3634
2015,National University of Singapore,School of Computing,Bachelor of Computing (Communications and Media),1504,92.6,85.2,3230,3500,3291,3500,2800,3800,3291,3500,2800,3800
2015,National University of Singapore,School of Computing,Bachelor of Computing (Computational Biology) **,1505,na,na,na,na,na,na,na,na,na,na,na,na
2015,National University of Singapore,School of Computing,Bachelor of Computing (Computer Engineering) **,1506,na,na,na,na,na,na,na,na,na,na,na,na
2015,National University of Singapore,School of Computing,Bachelor of Computing (Computer Science),1507,97,95,3847,3700,3890,3700,3300,4400,3890,3700,3300,4400
2015,National University of Singapore,School of Computing,Bachelor of Computing (Electronic Commerce),1508,90.3,87.1,3255,3300,3301,3300,3000,3500,3301,3300,3000,3500
2015,National University of Singapore,School of Computing,Bachelor of Computing (Information Systems),1509,97.2,97.2,3597,3500,3699,3550,3200,4100,3699,3550,3200,4100
2015,National University of Singapore,Faculty of Dentistry,Bachelor of Dental Surgery,1510,100,100,4053,4000,4083,4000,4000,4400,4083,4000,4000,4400
2015,National University of Singapore,School of Design & Environment,Bachelor of Arts (Architecture) #,1511,97.6,96.4,4054,4114,4099,4127,3700,4500,4099,4127,3700,4500
2015,National University of Singapore,School of Design & Environment,Bachelor of Arts (Industrial Design),1512,72,60,2907,3000,2908,3000,2700,3200,2908,3000,2700,3200
2015,National University of Singapore,School of Design & Environment,Bachelor of Science (Project and Facilities Management),1513,94.3,90.8,2989,3000,3067,3000,2800,3215,3067,3000,2800,3215
2015,National University of Singapore,School of Design & Environment,Bachelor of Science (Real Estate),1514,93.9,89.6,3146,3000,3325,3100,2810,3500,3325,3100,2810,3500
2015,National University of Singapore,Faculty of Engineering,Bachelor of Engineering (Biomedical Engineering),1515,86.2,75.9,3256,3200,3357,3300,3000,3500,3357,3300,3000,3500
2015,National University of Singapore,Faculty of Engineering,Bachelor of Engineering (Chemical Engineering),1516,86,82.9,3400,3300,3529,3500,3000,4000,3529,3500,3000,4000
2015,National University of Singapore,Faculty of Engineering,Bachelor of Engineering (Civil Engineering),1517,96.5,95.3,3300,3300,3366,3350,3200,3500,3366,3350,3200,3500
2015,National University of Singapore,Faculty of Engineering,Bachelor of Engineering (Computer Engineering),1518,91.8,90.6,4119,4000,4252,4000,3325,4583,4252,4000,3325,4583
2015,National University of Singapore,Faculty of Engineering,Bachelor of Engineering (Electrical Engineering),1519,92.1,90.4,3452,3200,3589,3300,3000,3700,3589,3300,3000,3700
2015,National University of Singapore,Faculty of Engineering,Bachelor of Engineering (Engineering Science),1520,82.6,73.9,3768,3735,3812,3800,3500,4420,3812,3800,3500,4420
2015,National University of Singapore,Faculty of Engineering,Bachelor of Engineering (Environmental Engineering),1521,88.1,85.7,3318,3430,3337,3450,3000,3670,3337,3450,3000,3670
2015,National University of Singapore,Faculty of Engineering,Bachelor of Engineering (Industrial and Systems Engineering),1522,96.1,94.7,3624,3475,3724,3500,3300,4030,3724,3500,3300,4030
2015,National University of Singapore,Faculty of Engineering,Bachelor of Engineering (Materials Science and Engineering),1523,100,95,3121,3200,3391,3350,3050,3790,3391,3350,3050,3790
2015,National University of Singapore,Faculty of Engineering,Bachelor of Engineering (Mechanical Engineering),1524,83.3,80,3279,3200,3422,3300,3000,3600,3422,3300,3000,3600
2015,National University of Singapore,Faculty of Law,Bachelor of Laws (L.L.B) (Hons) #,1525,96.9,96.9,4866,4600,4910,4700,4200,5800,4910,4700,4200,5800
2015,National University of Singapore,YLL School of Medicine,Bachelor of Medicine and Bachelor of Surgery #,1526,100,100,4352,4500,4729,4900,4500,5000,4729,4900,4500,5000
2015,National University of Singapore,YLL School of Medicine,Bachelor of Science (Nursing),1527,97.3,97.3,3175,3200,3356,3400,3200,3445,3356,3400,3200,3445
2015,National University of Singapore,YLL School of Medicine,Bachelor of Science (Nursing) (Hons),1528,100,100,3219,3200,3466,3435,3300,3700,3466,3435,3300,3700
2015,National University of Singapore,Yong Siew Toh Conservatory of Music,Bachelor of Music,1529,82.4,41.2,3244,3200,3344,3300,3000,3600,3344,3300,3000,3600
2015,National University of Singapore,Faculty of Science,Bachelor of Applied Science **,1530,na,na,na,na,na,na,na,na,na,na,na,na
2015,National University of Singapore,Faculty of Science,Bachelor of Applied Science (Hons),1531,85.2,77.8,3203,3000,3355,3100,3000,4000,3355,3100,3000,4000
2015,National University of Singapore,Faculty of Science,Bachelor of Science,1532,84.3,64.2,2859,2900,3052,3000,2620,3200,3052,3000,2620,3200
2015,National University of Singapore,Faculty of Science,Bachelor of Science (Hons),1533,83.9,76.2,3245,3200,3321,3300,3000,3600,3321,3300,3000,3600
2015,National University of Singapore,Faculty of Science,Bachelor of Science (Computational Biology) **,1534,na,na,na,na,na,na,na,na,na,na,na,na
2015,National University of Singapore,Faculty of Science,Bachelor of Science (Pharmacy) (Hons) #,1535,99,97.9,3431,3500,3717,3500,3400,3929,3717,3500,3400,3929
2015,National University of Singapore,Multi-Disciplinary Programme,Bachelor of Environmental Studies,1536,71.9,59.4,3400,3462,3433,3500,3238,3550,3433,3500,3238,3550
2015,Singapore Management University,School of Accountancy (4-year programme) *,Accountancy,1537,97.3,93,3287,2900,3427,3000,2850,3500,3427,3000,2850,3500
2015,Singapore Management University,School of Accountancy (4-year programme) *,Accountancy Cum Laude and above,1538,97.7,97.7,3597,3100,3701,3200,2850,4110,3701,3200,2850,4110
2015,Singapore Management University,School of Business (4-year programme) *,Business Management,1539,93.9,88.2,3513,3200,3611,3300,3000,4000,3611,3300,3000,4000
2015,Singapore Management University,School of Business (4-year programme) *,Business Management Cum Laude and above,1540,98.3,93.3,4050,3800,4130,3868,3200,4600,4130,3868,3200,4600
2015,Singapore Management University,School of Economics (4-year programme) *,Economics,1541,90.3,85.8,3798,3500,3946,3500,3200,4100,3946,3500,3200,4100
2015,Singapore Management University,School of Economics (4-year programme) *,Economics Cum Laude and above,1542,98.2,92.7,4249,3800,4380,3850,3500,4700,4380,3850,3500,4700
2015,Singapore Management University,School of Information Systems (4-year programme) *,Information Systems Management,1543,94.8,85.9,3491,3500,3660,3500,3200,4110,3660,3500,3200,4110
2015,Singapore Management University,School of Information Systems (4-year programme) *,Information Systems Management Cum Laude and above,1544,97.4,92.1,3577,3800,3834,3800,3500,4166,3834,3800,3500,4166
2015,Singapore Management University,School of Social Sciences (4-year programme) *,Social Sciences,1545,89,83,3306,3100,3550,3200,2980,3600,3550,3200,2980,3600
2015,Singapore Management University,School of Social Sciences (4-year programme) *,Social Sciences Cum Laude and above,1546,93.1,89.7,3887,3500,4012,3560,3300,4583,4012,3560,3300,4583
2015,Singapore Management University,School of Law (4-year programme) *,Law #,1547,99,99,4889,4600,4997,4731,4350,5800,4997,4731,4350,5800
2015,Singapore Management University,School of Law (4-year programme) *,Law Cum Laude and above #,1548,100,100,5160,4766,5313,5000,4500,5995,5313,5000,4500,5995
2015,Singapore University of Technology and Design,na,Bachelor of Engineering (Engineering Product Development),1549,92.5,88.1,3595,3618,3565,3600,3400,3800,3565,3600,3400,3800
2015,Singapore University of Technology and Design,na,Bachelor of Engineering (Engineering Systems and Design),1550,80.3,71.8,3699,3450,3763,3500,3190,4100,3763,3500,3190,4100
2015,Singapore University of Technology and Design,na,Bachelor of Engineering (Information Systems Technology and Design),1551,86,83.7,3872,3700,3952,3950,3338,4450,3952,3950,3338,4450
2015,Singapore University of Technology and Design,na,Bachelor of Science (Architecture and Sustainable Design) ###,1552,na,na,na,na,na,na,na,na,na,na,na,na
2015,Singapore Institute of Technology,DigiPen Institute of Technology,Bachelor of Arts in Game Design **,1553,na,na,na,na,na,na,na,na,na,na,na,na
2015,Singapore Institute of Technology,DigiPen Institute of Technology,Bachelor of Fine Arts in Digital Arts & Animation,1554,88.5,65.4,2643,2700,2682,2700,2500,2800,2682,2700,2500,2800
2015,Singapore Institute of Technology,DigiPen Institute of Technology,Bachelor of Science in Computer Science & Game Design **,1555,na,na,na,na,na,na,na,na,na,na,na,na
2015,Singapore Institute of Technology,DigiPen Institute of Technology,Bachelor of Science in Computer Science in Real-Time Interactive Simulation,1556,95.2,90.5,3332,3200,3346,3233,3000,3500,3346,3233,3000,3500
2015,Singapore Institute of Technology,The Glasgow School of Art,Bachelor of Arts with Honours in Communication Design,1557,76.1,54.3,2896,2750,2922,2750,2523,2975,2922,2750,2523,2975
2015,Singapore Institute of Technology,The Glasgow School of Art,Bachelor of Arts with Honours in Interior Design,1558,87.5,71.9,2520,2600,2893,2700,2500,3025,2893,2700,2500,3025
2015,Singapore Institute of Technology,Newcastle University,Bachelor of Engineering with Honours in Chemical Engineering,1559,85.5,72.6,3097,3000,3405,3250,2900,3750,3405,3250,2900,3750
2015,Singapore Institute of Technology,Newcastle University,Bachelor of Engineering with Honours in Electrical Power Engineering,1560,83,77.4,3334,3100,3452,3300,3000,3550,3452,3300,3000,3550
2015,Singapore Institute of Technology,Newcastle University,Bachelor of Engineering with Honours in Marine Engineering,1561,91.7,91.7,3180,3025,3354,3225,3050,3500,3354,3225,3050,3500
2015,Singapore Institute of Technology,Newcastle University,Bachelor of Engineering with Honours in Mechanical Design & Manufacturing Engineering,1562,90.5,83.3,3069,3050,3266,3200,3000,3500,3266,3200,3000,3500
2015,Singapore Institute of Technology,Newcastle University,Bachelor of Engineering with Honours in Naval Architecture,1563,100,100,3211,3050,3266,3141,2900,3500,3266,3141,2900,3500
2015,Singapore Institute of Technology,Newcastle University,Bachelor of Engineering with Honours in Offshore Engineering,1564,100,94.7,3166,3125,3469,3350,3238,3575,3469,3350,3238,3575
2015,Singapore Institute of Technology,Newcastle University,Bachelor of Science with Honours in Food & Human Nutrition,1565,89.2,81.1,2683,2700,2876,2700,2475,3050,2876,2700,2475,3050
2015,Singapore Institute of Technology,Technische Universität München,Bachelor of Science in Chemical Engineering,1566,87.5,79.2,2759,2800,2970,2950,2800,3200,2970,2950,2800,3200
2015,Singapore Institute of Technology,Technische Universität München,Bachelor of Science in Electrical Engineering & Information Technology,1567,100,90,3044,3100,3339,3250,3000,3488,3339,3250,3000,3488
2015,Singapore Institute of Technology,The Culinary Institute of America,Bachelor of Professional Studies in Culinary Arts Management,1568,92.6,81.5,2482,2300,2586,2400,2000,2800,2586,2400,2000,2800
2015,Singapore Institute of Technology,Singapore Institute of Technology -Trinity College Dublin,Bachelor in Science (Diagnostic Radiography),1569,100,100,3322,3300,3486,3488,3313,3650,3486,3488,3313,3650
2015,Singapore Institute of Technology,Trinity College Dublin,Bachelor in Science (Occupational Therapy),1570,100,100,3126,3120,3149,3125,3000,3225,3149,3125,3000,3225
2015,Singapore Institute of Technology,Trinity College Dublin,Bachelor in Science (Physiotherapy),1571,100,98.3,3234,3200,3310,3222,3200,3500,3310,3222,3200,3500
2015,Singapore Institute of Technology,Trinity College Dublin,Bachelor in Science (Radiation Therapy) **,1572,na,na,na,na,na,na,na,na,na,na,na,na
2015,Singapore Institute of Technology,University of Glasgow,Bachelor of Engineering with Honours in Aeronautical Engineering,1573,81.6,73.7,2766,3000,2840,3000,2614,3293,2840,3000,2614,3293
2015,Singapore Institute of Technology,University of Glasgow,Bachelor of Engineering with Honours in Aerospace Systems,1574,83.3,70.8,3128,3000,3185,3000,2882,3300,3185,3000,2882,3300
2015,Singapore Institute of Technology,University of Glasgow,Bachelor of Engineering with Honours in Mechanical Design Engineering,1575,72.2,61.1,3160,3000,3685,3250,2960,4200,3685,3250,2960,4200
2015,Singapore Institute of Technology,University of Glasgow,Bachelor of Engineering with Honours in Mechatronics,1576,96.4,94.5,3202,3000,3404,3100,2975,3875,3404,3100,2975,3875
2015,Singapore Institute of Technology,University of Glasgow,Bachelor of Science with Honours in Computing Science,1577,95.6,86.7,3247,3250,3391,3300,3152,3400,3391,3300,3152,3400
2015,Singapore Institute of Technology,University of Manchester,Bachelor of Science with Honours in Nursing Practice,1578,98.3,96.7,3304,3400,3624,3615,3400,3838,3624,3615,3400,3838
2015,Singapore Institute of Technology,"University of Nevada, Las Vegas",Bachelor of Science (Major in Hospitality Management),1579,89.9,82.6,2515,2500,2607,2548,2338,2850,2607,2548,2338,2850
2015,Singapore Institute of Technology,Wheelock College,Bachelor of Science in Early Childhood Education,1580,100,96.4,2772,2700,2807,2700,2608,3000,2807,2700,2608,3000
2016,Nanyang Technological University,College of Business (Nanyang Business School),Accountancy,1581,97.3,95.1,3027,2900,3063,2900,2900,3100,3063,2900,2900,3100
2016,Nanyang Technological University,College of Business (Nanyang Business School),Accountancy and Business,1582,97.4,96.6,3836,3500,3893,3500,3100,4250,3893,3500,3100,4250
2016,Nanyang Technological University,College of Business (Nanyang Business School),Business,1583,89.6,77.1,3348,3200,3444,3300,3000,3800,3444,3300,3000,3800
2016,Nanyang Technological University,College of Business (Nanyang Business School),Business and Computing,1584,94.4,94.4,4232,4000,4407,4600,3800,5000,4407,4600,3800,5000
2016,Nanyang Technological University,College of Engineering,Aerospace Engineering,1585,82.4,77.9,3761,3625,3840,3675,3350,4435,3840,3675,3350,4435
2016,Nanyang Technological University,College of Engineering,Aerospace Engineering and Economics **,1586,na,na,na,na,na,na,na,na,na,na,na,na
2016,Nanyang Technological University,College of Engineering,Bioengineering,1587,77.8,63.9,3151,3200,3317,3237,3000,3510,3317,3237,3000,3510
2016,Nanyang Technological University,College of Engineering,Business and Computer Engineering **,1588,na,na,na,na,na,na,na,na,na,na,na,na
2016,Nanyang Technological University,College of Engineering,Chemical And Biomolecular Engineering,1589,80.6,72.6,3336,3225,3476,3400,3200,3800,3476,3400,3200,3800
2016,Nanyang Technological University,College of Engineering,Civil Engineering,1590,92.4,91.6,3407,3250,3505,3300,3200,3800,3505,3300,3200,3800
2016,Nanyang Technological University,College of Engineering,Computer Engineering,1591,83.3,75.9,3792,3500,3833,3500,3300,4420,3833,3500,3300,4420
2016,Nanyang Technological University,College of Engineering,Computer Science,1592,94.6,91.4,3784,3500,3848,3500,3300,4333,3848,3500,3300,4333
2016,Nanyang Technological University,College of Engineering,Electrical And Electronic Engineering,1593,89.1,83.6,3443,3300,3517,3400,3190,3800,3517,3400,3190,3800
2016,Nanyang Technological University,College of Engineering,Environmental Engineering,1594,80.6,74.2,3156,3100,3216,3100,2800,3400,3216,3100,2800,3400
2016,Nanyang Technological University,College of Engineering,Information Engineering And Media,1595,94.6,87.5,3496,3350,3570,3350,3000,4000,3570,3350,3000,4000
2016,Nanyang Technological University,College of Engineering,Maritime Studies,1596,94.2,88.5,3305,3300,3328,3398,3083,3500,3328,3398,3083,3500
2016,Nanyang Technological University,College of Engineering,Materials Engineering,1597,81.3,73.5,3197,3200,3317,3300,3000,3500,3317,3300,3000,3500
2016,Nanyang Technological University,College of Engineering,Materials Engineering and Economics **,1598,na,na,na,na,na,na,na,na,na,na,na,na
2016,Nanyang Technological University,College of Engineering,Mechanical Engineering,1599,86,79.9,3417,3300,3505,3350,3050,3959,3505,3350,3050,3959
2016,Nanyang Technological University,College of Engineering,Mechanical Engineering and Economics **,1600,na,na,na,na,na,na,na,na,na,na,na,na
2016,Nanyang Technological University,"College of Humanities, Arts & Social Sciences","Art, Design & Media",1601,79.7,46.6,2718,2700,2761,2700,2500,3000,2761,2700,2500,3000
2016,Nanyang Technological University,"College of Humanities, Arts & Social Sciences",Chinese,1602,91.1,74.7,3239,3300,3345,3300,3050,3500,3345,3300,3050,3500
2016,Nanyang Technological University,"College of Humanities, Arts & Social Sciences",Communication Studies,1603,87.7,69.6,2938,2900,2996,3000,2575,3365,2996,3000,2575,3365
2016,Nanyang Technological University,"College of Humanities, Arts & Social Sciences",Economics,1604,91.3,79.3,3385,3300,3440,3300,3000,3850,3440,3300,3000,3850
2016,Nanyang Technological University,"College of Humanities, Arts & Social Sciences",English,1605,75,54.2,2974,3000,2997,3000,2700,3400,2997,3000,2700,3400
2016,Nanyang Technological University,"College of Humanities, Arts & Social Sciences",History,1606,87.2,76.6,3027,3000,3082,3000,2700,3500,3082,3000,2700,3500
2016,Nanyang Technological University,"College of Humanities, Arts & Social Sciences",Linguistics And Multilingual Studies,1607,81.8,61.8,3283,3315,3368,3365,2960,3500,3368,3365,2960,3500
2016,Nanyang Technological University,"College of Humanities, Arts & Social Sciences",Psychology,1608,82.1,66.7,3083,3100,3136,3200,2800,3500,3136,3200,2800,3500
2016,Nanyang Technological University,"College of Humanities, Arts & Social Sciences",Public Policy And Global Affairs **,1609,na,na,na,na,na,na,na,na,na,na,na,na
2016,Nanyang Technological University,"College of Humanities, Arts & Social Sciences",Sociology,1610,86.1,63.9,3279,3300,3480,3500,3000,3850,3480,3500,3000,3850
2016,Nanyang Technological University,College of Sciences,Biomedical Sciences & Chinese Medicine #,1611,94.4,88.9,2525,2400,2577,2500,2150,2800,2577,2500,2150,2800
2016,Nanyang Technological University,College of Sciences,Biological Sciences,1612,80.5,64,3132,3100,3222,3175,3000,3550,3222,3175,3000,3550
2016,Nanyang Technological University,College of Sciences,Chemistry & Biological Chemistry,1613,80.6,64.2,3119,3000,3234,3149,2925,3500,3234,3149,2925,3500
2016,Nanyang Technological University,College of Sciences,Mathematical Sciences,1614,88.5,76.9,3453,3400,3535,3500,3200,3750,3535,3500,3200,3750
2016,Nanyang Technological University,College of Sciences,Mathematics & Economics,1615,89.4,72.7,3346,3150,3458,3300,3000,3750,3458,3300,3000,3750
2016,Nanyang Technological University,College of Sciences,Physics / Applied Physics,1616,85.7,77.1,3578,3350,3683,3450,3100,4000,3683,3450,3100,4000
2016,Nanyang Technological University,Sports Science and Management,Sports Science and Management,1617,83.1,66.1,3196,3100,3272,3200,2825,3500,3272,3200,2825,3500
2016,Nanyang Technological University,National Institute of Education (NIE),Arts (with Education),1618,100,100,3337,3500,3525,3525,3400,3615,3525,3525,3400,3615
2016,Nanyang Technological University,National Institute of Education (NIE),Science (with Education),1619,100,100,3438,3500,3546,3525,3500,3850,3546,3525,3500,3850
2016,National University of Singapore,Faculty of Arts & Social Sciences,Bachelor of Arts,1620,86.1,62.5,2971,3000,3063,3000,2600,3200,3063,3000,2600,3200
2016,National University of Singapore,Faculty of Arts & Social Sciences,Bachelor of Arts (Hons),1621,90.7,74.1,3258,3300,3321,3500,3000,3600,3321,3500,3000,3600
2016,National University of Singapore,Faculty of Arts & Social Sciences,Bachelor of Social Sciences,1622,89.5,73.3,3341,3300,3423,3300,3000,3650,3423,3300,3000,3650
2016,National University of Singapore,Faculty Of Dentistry,Bachelor of Dental Surgery,1623,100,100,4173,4050,4221,4050,4050,4450,4221,4050,4050,4450
2016,National University of Singapore,Faculty Of Engineering,Bachelor of Engineering (Biomedical Engineering),1624,91.9,80.6,3314,3100,3366,3200,3000,3500,3366,3200,3000,3500
2016,National University of Singapore,Faculty Of Engineering,Bachelor of Engineering (Chemical Engineering),1625,85.3,80.3,3414,3250,3562,3450,3150,4000,3562,3450,3150,4000
2016,National University of Singapore,Faculty Of Engineering,Bachelor of Engineering (Civil Engineering),1626,95.3,91.9,3402,3300,3509,3420,3200,3800,3509,3420,3200,3800
2016,National University of Singapore,Faculty Of Engineering,Bachelor of Engineering (Computer Engineering),1627,89.1,85.9,3884,3700,3942,3900,3467,4500,3942,3900,3467,4500
2016,National University of Singapore,Faculty Of Engineering,Bachelor of Engineering (Electrical Engineering),1628,91.9,87.6,3669,3400,3765,3500,3200,4200,3765,3500,3200,4200
2016,National University of Singapore,Faculty Of Engineering,Bachelor of Engineering (Engineering Science),1629,85.2,74.1,3549,3400,3707,3740,3350,4026,3707,3740,3350,4026
2016,National University of Singapore,Faculty Of Engineering,Bachelor of Engineering (Environmental Engineering),1630,79.3,65.5,3432,3300,3470,3350,3000,3832,3470,3350,3000,3832
2016,National University of Singapore,Faculty Of Engineering,Bachelor of Engineering (Industrial and Systems Engineering),1631,80.3,78.9,3788,3450,3879,3500,3300,4250,3879,3500,3300,4250
2016,National University of Singapore,Faculty Of Engineering,Bachelor of Engineering (Materials Science And Engineering),1632,90.2,78.4,3381,3300,3501,3540,3200,3900,3501,3540,3200,3900
2016,National University of Singapore,Faculty Of Engineering,Bachelor of Engineering (Mechanical Engineering),1633,86.6,81,3470,3300,3560,3400,3150,3800,3560,3400,3150,3800
2016,National University of Singapore,Faculty of Law,Bachelor of Laws (L.L.B) (Hons) #,1634,97.7,95.9,4844,4775,4898,4900,4200,5600,4898,4900,4200,5600
2016,National University of Singapore,Faculty of Science,Bachelor of Applied Science **,1635,na,na,na,na,na,na,na,na,na,na,na,na
2016,National University of Singapore,Faculty of Science,Bachelor of Applied Science (Hons),1636,81,61.9,2905,2800,3058,3130,2800,3350,3058,3130,2800,3350
2016,National University of Singapore,Faculty of Science,Bachelor of Science,1637,84.3,59.4,2895,3000,2995,3000,2600,3225,2995,3000,2600,3225
2016,National University of Singapore,Faculty of Science,Bachelor of Science (Hons),1638,84.9,71.7,3331,3300,3386,3300,3000,3650,3386,3300,3000,3650
2016,National University of Singapore,Faculty of Science,Bachelor of Science (Computational Biology) **,1639,na,na,na,na,na,na,na,na,na,na,na,na
2016,National University of Singapore,Faculty of Science,Bachelor of Science (Pharmacy)(Hons) #,1640,99.1,97.2,3500,3500,3597,3600,3300,3950,3597,3600,3300,3950
2016,National University of Singapore,NUS Business School,Bachelor of Business Administration,1641,93.6,80.7,3232,3000,3282,3000,2837,3500,3282,3000,2837,3500
2016,National University of Singapore,NUS Business School,Bachelor of Business Administration (Hons),1642,96.4,92.8,4126,3600,4207,3620,3258,4500,4207,3620,3258,4500
2016,National University of Singapore,NUS Business School,Bachelor of Business Administration (Accountancy),1643,88.6,86.4,2977,2900,3020,2963,2800,3100,3020,2963,2800,3100
2016,National University of Singapore,NUS Business School,Bachelor of Business Administration (Accountancy) (Hons),1644,99,99,3435,3000,3465,3075,2900,3800,3465,3075,2900,3800
2016,National University of Singapore,School of Computing,Bachelor of Computing (Communications And Media) **,1645,na,na,na,na,na,na,na,na,na,na,na,na
2016,National University of Singapore,School of Computing,Bachelor of Computing (Computer Science),1646,96.3,93.3,4320,4000,4385,4000,3500,5000,4385,4000,3500,5000
2016,National University of Singapore,School of Computing,Bachelor of Computing (Electronic Commerce) **,1647,na,na,na,na,na,na,na,na,na,na,na,na
2016,National University of Singapore,School of Computing,Bachelor of Computing (Information Systems),1648,94,94,3875,3800,3969,4000,3365,4500,3969,4000,3365,4500
2016,National University of Singapore,School of Design & Environment,Bachelor of Arts (Architecture) #,1649,93.2,89.8,3926,4000,3960,4000,3500,4250,3960,4000,3500,4250
2016,National University of Singapore,School of Design & Environment,Bachelor of Arts (Industrial Design),1650,90.6,65.6,3282,3000,3320,3000,2900,4000,3320,3000,2900,4000
2016,National University of Singapore,School of Design & Environment,Bachelor of Science (Project and Facilities Management),1651,87.8,84.7,3035,3000,3113,3000,2850,3276,3113,3000,2850,3276
2016,National University of Singapore,School of Design & Environment,Bachelor of Science (Real Estate),1652,94.6,92.4,3247,3000,3368,3200,2950,3735,3368,3200,2950,3735
2016,National University of Singapore,Yong Loo Lin School (Medicine),Bachelor of Medicine and Bachelor Of Surgery #,1653,99.4,99.4,4460,4500,4887,5000,4500,5200,4887,5000,4500,5200
2016,National University of Singapore,Yong Loo Lin School (Medicine),Bachelor of Science (Nursing),1654,93.2,90.9,3166,3200,3363,3400,3200,3425,3363,3400,3200,3425
2016,National University of Singapore,Yong Loo Lin School (Medicine),Bachelor of Science (Nursing) (Hons),1655,95.1,95.1,3308,3300,3529,3500,3400,3600,3529,3500,3400,3600
2016,National University of Singapore,Yong Siew Toh Conservatory of Music,Bachelor of Music,1656,85.7,14.3,3250,3250,3250,3250,2999,3500,3250,3250,2999,3500
2016,National University of Singapore,Multi-Disciplinary Programme,Bachelor of Environmental Studies,1657,83.8,67.6,3347,3250,3399,3300,3000,3500,3399,3300,3000,3500
2016,Singapore Management University,School of Accountancy (4-year programme) *,Accountancy,1658,98.5,96,3390,3000,3455,3000,2900,3600,3455,3000,2900,3600
2016,Singapore Management University,School of Accountancy (4-year programme) *,Accountancy Cum Laude and above,1659,100,100,3827,3500,3943,3600,3000,4583,3943,3600,3000,4583
2016,Singapore Management University,School of Business (4-year programme) *,Business Management,1660,92.4,84.6,3727,3400,3831,3500,3000,4000,3831,3500,3000,4000
2016,Singapore Management University,School of Business (4-year programme) *,Business Management Cum Laude and above,1661,96.1,92.1,4140,3550,4234,3660,3250,4583,4234,3660,3250,4583
2016,Singapore Management University,School of Economics (4-year programme) *,Economics,1662,93.4,84,3801,3500,3906,3700,3200,4300,3906,3700,3200,4300
2016,Singapore Management University,School of Economics (4-year programme) *,Economics Cum Laude and above,1663,97,92.5,4315,4000,4425,4107,3800,4750,4425,4107,3800,4750
2016,Singapore Management University,School of Information Systems (4-year programme) *,Information Systems Management,1664,95.7,91.5,3837,3500,3897,3600,3200,4167,3897,3600,3200,4167
2016,Singapore Management University,School of Information Systems (4-year programme) *,Information Systems Management Cum Laude and above,1665,97.5,95,4504,4167,4603,4167,3800,4750,4603,4167,3800,4750
2016,Singapore Management University,School of Social Sciences (4-year programme) *,Social Sciences,1666,91.5,80.4,3199,3100,3311,3145,3000,3500,3311,3145,3000,3500
2016,Singapore Management University,School of Social Sciences (4-year programme) *,Social Sciences Cum Laude and above,1667,94.9,87.2,3405,3300,3548,3400,3000,3668,3548,3400,3000,3668
2016,Singapore Management University,School of Law (4-year programme) *,Law #,1668,95.8,93.7,4810,4600,4915,4850,4200,5800,4915,4850,4200,5800
2016,Singapore Management University,School of Law (4-year programme) *,Law Cum Laude and above #,1669,96.7,96.7,4950,4950,5095,5300,4500,5800,5095,5300,4500,5800
2016,Singapore Institute of Technology,DigiPen Institute of Technology,Bachelor of Arts in Game Design **,1670,na,na,na,na,na,na,na,na,na,na,na,na
2016,Singapore Institute of Technology,DigiPen Institute of Technology,Bachelor of Fine Arts in Digital Arts & Animation,1671,73.3,53.3,3045,3000,3052,3000,2700,3016,3052,3000,2700,3016
2016,Singapore Institute of Technology,DigiPen Institute of Technology,Bachelor of Science in Computer Science & Game Design,1672,85.7,85.7,3312,3400,3329,3400,3100,3500,3329,3400,3100,3500
2016,Singapore Institute of Technology,DigiPen Institute of Technology,Bachelor of Science in Computer Science in Real-Time Interactive Simulation,1673,100,92.9,3729,3680,3803,4000,3500,4200,3803,4000,3500,4200
2016,Singapore Institute of Technology,The Glasgow School of Art,Bachelor of Arts with Honours in Communication Design,1674,91.1,58.9,2652,2600,2652,2600,2500,2700,2652,2600,2500,2700
2016,Singapore Institute of Technology,The Glasgow School of Art,Bachelor of Arts with Honours in Interior Design,1675,97.4,76.3,2467,2500,2485,2515,2200,2800,2485,2515,2200,2800
2016,Singapore Institute of Technology,Newcastle University,Bachelor of Engineering with Honours in Chemical Engineering,1676,85.9,71.8,3201,3100,3463,3300,3080,3650,3463,3300,3080,3650
2016,Singapore Institute of Technology,Newcastle University,Bachelor of Engineering with Honours in Electrical Power Engineering,1677,86.4,79.7,3239,3000,3440,3200,2800,3700,3440,3200,2800,3700
2016,Singapore Institute of Technology,Newcastle University,Bachelor of Engineering with Honours in Marine Engineering,1678,95.2,81,3812,3425,3956,3840,3200,4530,3956,3840,3200,4530
2016,Singapore Institute of Technology,Newcastle University,Bachelor of Engineering with Honours in Mechanical Design & Manufacturing Engineering,1679,87,77.8,3162,3000,3344,3200,2900,3575,3344,3200,2900,3575
2016,Singapore Institute of Technology,Newcastle University,Bachelor of Engineering with Honours in Naval Architecture,1680,90,90,3172,3250,3239,3300,3000,3500,3239,3300,3000,3500
2016,Singapore Institute of Technology,Newcastle University,Bachelor of Engineering with Honours in Offshore Engineering,1681,86.4,72.7,3172,3275,3286,3430,3000,3600,3286,3430,3000,3600
2016,Singapore Institute of Technology,Newcastle University,Bachelor of Science with Honours in Food & Human Nutrition,1682,86.7,62.2,2598,2600,2707,2600,2420,2800,2707,2600,2420,2800
2016,Singapore Institute of Technology,Technische Universität München,Bachelor of Science in Chemical Engineering,1683,78.6,67.9,2776,2900,3149,3130,2500,3700,3149,3130,2500,3700
2016,Singapore Institute of Technology,Technische Universität München,Bachelor of Science in Electrical Engineering & Information Technology,1684,90.9,86.4,2978,3000,3042,3000,2825,3350,3042,3000,2825,3350
2016,Singapore Institute of Technology,The Culinary Institute of America,Bachelor of Professional Studies in Culinary Arts Management,1685,86.2,69,2231,2250,2344,2300,2000,2500,2344,2300,2000,2500
2016,Singapore Institute of Technology,Trinity College Dublin / Singapore Institute of Technology-Trinity College Dublin,Bachelor in Science (Diagnostic Radiography),1686,88.2,88.2,3406,3385,3628,3660,3400,3930,3628,3660,3400,3930
2016,Singapore Institute of Technology,Trinity College Dublin / Singapore Institute of Technology-Trinity College Dublin,Bachelor in Science (Occupational Therapy),1687,100,100,3297,3200,3301,3200,3100,3500,3301,3200,3100,3500
2016,Singapore Institute of Technology,Trinity College Dublin / Singapore Institute of Technology-Trinity College Dublin,Bachelor in Science (Physiotherapy),1688,100,100,3310,3300,3344,3300,3240,3500,3344,3300,3240,3500
2016,Singapore Institute of Technology,Trinity College Dublin / Singapore Institute of Technology-Trinity College Dublin,Bachelor in Science (Radiation Therapy) **,1689,na,na,na,na,na,na,na,na,na,na,na,na
2016,Singapore Institute of Technology,University of Glasgow,Bachelor of Engineering with Honours in Aeronautical Engineering,1690,81.6,65.3,3042,3000,3277,3200,2800,3700,3277,3200,2800,3700
2016,Singapore Institute of Technology,University of Glasgow,Bachelor of Engineering with Honours in Aerospace Systems,1691,82.2,64.4,3312,3225,3390,3275,2900,4009,3390,3275,2900,4009
2016,Singapore Institute of Technology,University of Glasgow,Bachelor of Engineering with Honours in Mechanical Design Engineering,1692,87,70.4,3187,3000,3273,3200,3000,3365,3273,3200,3000,3365
2016,Singapore Institute of Technology,University of Glasgow,Bachelor of Engineering with Honours in Mechatronics,1693,88.7,80.3,3406,3200,3523,3300,3000,3800,3523,3300,3000,3800
2016,Singapore Institute of Technology,University of Glasgow,Bachelor of Science with Honours in Computing Science,1694,89.8,81.6,3645,3600,3704,3600,3400,3900,3704,3600,3400,3900
2016,Singapore Institute of Technology,University of Manchester,Bachelor of Science with Honours in Nursing Practice,1695,92.7,85.5,3378,3400,3600,3600,3400,3750,3600,3600,3400,3750
2016,Singapore Institute of Technology,University of Liverpool,Bachelor of Arts with Honours in Criminology and Security,1696,92.6,81.5,4096,4200,4131,4200,3700,4600,4131,4200,3700,4600
2016,Singapore Institute of Technology,Wheelock College,Bachelor of Science in Early Childhood Education,1697,98,92,2705,2700,2707,2700,2600,2850,2707,2700,2600,2850
2016,Singapore University of Technology and Design,na,Bachelor of Engineering (Engineering Product Development),1698,87,79.7,3620,3500,3690,3600,3300,3750,3690,3600,3300,3750
2016,Singapore University of Technology and Design,na,Bachelor of Engineering (Information Systems Technology and Design),1699,91.9,91.9,4197,4000,4232,4000,3500,4950,4232,4000,3500,4950
2016,Singapore University of Technology and Design,na,Bachelor of Engineering (Engineering Systems and Design),1700,100,93.5,3695,3600,3830,3650,3550,4200,3830,3650,3550,4200
2016,Singapore University of Technology and Design,na,Bachelor of Science (Architecture and Sustainable Design) ###,1701,na,na,na,na,na,na,na,na,na,na,na,na
2017,Nanyang Technological University,College of Business (Nanyang Business School),Bachelor of Accountancy (Hons),1702,97.1,94.5,3121,3000,3166,3000,2900,3100,3166,3000,2900,3100
2017,Nanyang Technological University,College of Business (Nanyang Business School),Double Degree in Bachelor of Accountancy (Hons) and Bachelor of Business (Hons),1703,97.2,94.3,3830,3500,3892,3600,3013,4317,3892,3600,3013,4317
2017,Nanyang Technological University,College of Business (Nanyang Business School),Bachelor of Business (Hons),1704,93,80.8,3530,3300,3643,3300,3000,3800,3643,3300,3000,3800
2017,Nanyang Technological University,College of Business (Nanyang Business School),Double Degree in Bachelor of Business (Hons) and Bachelor of Engineering (Hons) (Computer Science),1705,100,95,5036,4750,5225,5000,4000,5362,5225,5000,4000,5362
2017,Nanyang Technological University,College of Engineering,Bachelor of Engineering (Hons) (Aerospace Engineering),1706,80,75,3645,3492,3702,3500,3250,4210,3702,3500,3250,4210
2017,Nanyang Technological University,College of Engineering,Double Degree in Bachelor of Engineering (Hons) (Aerospace Engineering) and Bachelor of Arts (Hons) in Economics **,1707,na,na,na,na,na,na,na,na,na,na,na,na
2017,Nanyang Technological University,College of Engineering,Bachelor of Engineering (Hons) (Bioengineering),1708,78.3,65.2,3326,3200,3486,3419,3000,3825,3486,3419,3000,3825
2017,Nanyang Technological University,College of Engineering,Bachelor of Engineering  (Hons) (Chemical And Biomolecular Engineering),1709,82.3,75.3,3326,3200,3577,3500,3200,4000,3577,3500,3200,4000
2017,Nanyang Technological University,College of Engineering,Double Degree in Bachelor of Engineering  (Hons) (Chemical And Biomolecular Engineering) and Bachelor of Arts (Hons) in Economics **,1710,na,na,na,na,na,na,na,na,na,na,na,na
2017,Nanyang Technological University,College of Engineering,Bachelor of Engineering (Hons) (Civil Engineering),1711,98.5,96.9,3373,3300,3442,3400,3190,3675,3442,3400,3190,3675
2017,Nanyang Technological University,College of Engineering,Double Degree in Bachelor of Engineering (Hons) (Civil Engineering) and Bachelor of Arts (Hons) in Economics **,1712,na,na,na,na,na,na,na,na,na,na,na,na
2017,Nanyang Technological University,College of Engineering,Bachelor of Engineering (Hons) (Computer Engineering),1713,95.1,87.8,3667,3600,3743,3600,3450,3925,3743,3600,3450,3925
2017,Nanyang Technological University,College of Engineering,Bachelor of Engineering (Hons) (Computer Science),1714,92.4,86.7,4078,3750,4160,3850,3500,4500,4160,3850,3500,4500
2017,Nanyang Technological University,College of Engineering,Double Degree in Bachelor of Business (Hons) and Bachelor of Engineering (Hons) (Computer Engineering) **,1715,na,na,na,na,na,na,na,na,na,na,na,na
2017,Nanyang Technological University,College of Engineering,Bachelor of Engineering (Hons) (Electrical & Electronic Engineering),1716,89.3,85,3532,3500,3657,3600,3200,4000,3657,3600,3200,4000
2017,Nanyang Technological University,College of Engineering,Bachelor of Engineering (Hons) (Environmental Engineering),1717,71.8,64.1,3538,3475,3588,3635,3200,3950,3588,3635,3200,3950
2017,Nanyang Technological University,College of Engineering,Bachelor of Engineering (Hons) (Information Engineering & Media),1718,86.9,78.7,3685,3677,3790,3700,3350,4200,3790,3700,3350,4200
2017,Nanyang Technological University,College of Engineering,Double Degree in Bachelor of Engineering (Hons) (Information Engineering & Media) and Bachelor of Arts (Hons) in Economics **,1719,na,na,na,na,na,na,na,na,na,na,na,na
2017,Nanyang Technological University,College of Engineering,Bachelor of Science (Hons) (Maritime Studies),1720,92.2,92.2,3279,3200,3333,3320,3000,3500,3333,3320,3000,3500
2017,Nanyang Technological University,College of Engineering,Bachelor of Engineering (Hons) (Materials Engineering),1721,84.9,75.6,3288,3200,3434,3375,3200,3700,3434,3375,3200,3700
2017,Nanyang Technological University,College of Engineering,Double Degree in Bachelor of Engineering (Hons) (Materials Engineering) and Bachelor of Arts (Hons) in Economics **,1722,na,na,na,na,na,na,na,na,na,na,na,na
2017,Nanyang Technological University,College of Engineering,Bachelor of Engineering (Hons) (Mechanical Engineering),1723,82.7,74.9,3422,3300,3579,3450,3100,4000,3579,3450,3100,4000
2017,Nanyang Technological University,College of Engineering,Double Degree in Bachelor of Engineering (Hons) (Mechanical Engineering) and Bachelor of Arts (Hons) in Economics **,1724,na,na,na,na,na,na,na,na,na,na,na,na
2017,Nanyang Technological University,College of Engineering,Bachelor of Fine Arts (Hons),1725,88.5,54,2862,2800,2909,2800,2500,3200,2909,2800,2500,3200
2017,Nanyang Technological University,College of Engineering,Bachelor of Arts (Hons) in Chinese,1726,84.6,67.7,3119,3300,3147,3300,2750,3500,3147,3300,2750,3500
2017,Nanyang Technological University,College of Engineering,Bachelor of Communication Studies (Hons),1727,92.6,62.2,3134,3000,3184,3000,2775,3500,3184,3000,2775,3500
2017,Nanyang Technological University,College of Engineering,Bachelor of Arts (Hons) in Economics,1728,84.7,75.5,3286,3200,3379,3240,3000,3720,3379,3240,3000,3720
2017,Nanyang Technological University,College of Engineering,Bachelor of Arts (Hons) in English,1729,77.8,50.8,3042,3000,3149,3000,2800,3300,3149,3000,2800,3300
2017,Nanyang Technological University,College of Engineering,Bachelor of Arts (Hons) in History,1730,86,68.4,3206,3100,3265,3200,3000,3600,3265,3200,3000,3600
2017,Nanyang Technological University,College of Engineering,Bachelor of Arts (Hons) in Linguistics And Multilingual Studies,1731,80,60,3042,3000,3117,3100,2600,3500,3117,3100,2600,3500
2017,Nanyang Technological University,College of Engineering,Bachelor of Arts (Hons) in Philosophy **,1732,na,na,na,na,na,na,na,na,na,na,na,na
2017,Nanyang Technological University,College of Engineering,Bachelor of Arts (Hons) in Psychology,1733,78.9,59.2,3107,3107,3151,3200,2890,3500,3151,3200,2890,3500
2017,Nanyang Technological University,College of Engineering,Bachelor of Arts (Hons) in Public Policy And Global Affairs,1734,74.1,66.7,3353,3300,3479,3395,3160,3750,3479,3395,3160,3750
2017,Nanyang Technological University,College of Engineering,Bachelor of Arts (Hons) in Sociology,1735,77.6,62.1,3263,3200,3309,3228,2970,3500,3309,3228,2970,3500
2017,Nanyang Technological University,College of Sciences,Double Degree in Bachelor of Science (Hons) in Biomedical Sciences and Bachelor of Medicine (Chinese Medicine) #,1736,92,80,2722,2928,2792,2950,2500,3035,2792,2950,2500,3035
2017,Nanyang Technological University,College of Sciences,Bachelor of Science (Hons) in Biological Sciences,1737,80.4,62.6,3177,3100,3255,3200,3000,3500,3255,3200,3000,3500
2017,Nanyang Technological University,College of Sciences,Bachelor of Science (Hons) in Chemistry & Biological Chemistry,1738,70.1,51.1,3035,3000,3173,3100,2800,3488,3173,3100,2800,3488
2017,Nanyang Technological University,College of Sciences,Bachelor of Science (Hons) in Mathematical Sciences,1739,89.7,79.5,3517,3400,3580,3500,3100,3800,3580,3500,3100,3800
2017,Nanyang Technological University,College of Sciences,Bachelor of Science (Hons) in Mathematics & Economics,1740,89.8,83.1,3504,3290,3625,3400,3013,3775,3625,3400,3013,3775
2017,Nanyang Technological University,College of Sciences,Bachelor of Science (Hons) in Physics/Applied Physics,1741,81.6,61.8,3367,3300,3490,3300,3000,3819,3490,3300,3000,3819
2017,Nanyang Technological University,Sports Science and Management,Bachelor of Science (Hons) (Sport Science & Management),1742,81.1,48.6,3372,3285,3486,3450,2800,4000,3486,3450,2800,4000
2017,Nanyang Technological University,National Institute of Education (NIE),Bachelor of Arts (Hons) (Education),1743,100,100,3489,3600,3589,3600,3500,3800,3589,3600,3500,3800
2017,Nanyang Technological University,National Institute of Education (NIE),Bachelor of Science (Hons) (Education),1744,100,100,3610,3603,3701,3701,3500,3958,3701,3701,3500,3958
2017,National University of Singapore,Faculty of Arts & Social Sciences,Bachelor of Arts,1745,85.8,61.9,3005,3000,3107,3000,2700,3300,3107,3000,2700,3300
2017,National University of Singapore,Faculty of Arts & Social Sciences,Bachelor of Arts (Hons),1746,88.2,66.7,3309,3300,3391,3360,3000,3600,3391,3360,3000,3600
2017,National University of Singapore,Faculty of Arts & Social Sciences,Bachelor of Social Sciences,1747,88.3,74.7,3365,3300,3443,3300,3000,3750,3443,3300,3000,3750
2017,National University of Singapore,Faculty Of Dentistry,Bachelor of Dental Surgery,1748,100,100,4124,4050,4143,4050,4000,4400,4143,4050,4000,4400
2017,National University of Singapore,Faculty Of Engineering,Bachelor of Engineering (Biomedical Engineering),1749,90.6,81.3,3215,3200,3367,3300,3000,3700,3367,3300,3000,3700
2017,National University of Singapore,Faculty Of Engineering,Bachelor of Engineering (Chemical Engineering),1750,87.8,81.3,3550,3500,3727,3600,3300,4000,3727,3600,3300,4000
2017,National University of Singapore,Faculty Of Engineering,Bachelor of Engineering (Civil Engineering),1751,95.5,90.9,3361,3300,3427,3300,3135,3700,3427,3300,3135,3700
2017,National University of Singapore,Faculty Of Engineering,Bachelor of Engineering (Electrical Engineering),1752,89.4,86.5,3529,3500,3641,3600,3300,3900,3641,3600,3300,3900
2017,National University of Singapore,Faculty Of Engineering,Bachelor of Engineering (Engineering Science),1753,76.5,64.7,3783,3600,3827,3675,3440,4200,3827,3675,3440,4200
2017,National University of Singapore,Faculty Of Engineering,Bachelor of Engineering (Environmental Engineering),1754,86.3,71.2,3425,3100,3546,3350,3000,3800,3546,3350,3000,3800
2017,National University of Singapore,Faculty Of Engineering,Bachelor of Engineering (Industrial and Systems Engineering),1755,93.3,89.9,3905,3725,4035,3875,3450,4200,4035,3875,3450,4200
2017,National University of Singapore,Faculty Of Engineering,Bachelor of Engineering (Materials Science And Engineering),1756,94,86,3269,3200,3570,3388,3200,3950,3570,3388,3200,3950
2017,National University of Singapore,Faculty Of Engineering,Bachelor of Engineering (Mechanical Engineering),1757,87.3,82.3,3537,3400,3657,3450,3100,4000,3657,3450,3100,4000
2017,National University of Singapore,Faculty of Law,Bachelor of Laws #,1758,95.8,92.3,4958,5000,5121,5000,4500,5600,5121,5000,4500,5600
2017,National University of Singapore,Faculty of Science,Bachelor of Applied Science **,1759,na,na,na,na,na,na,na,na,na,na,na,na
2017,National University of Singapore,Faculty of Science,Bachelor of Applied Science (Hons),1760,82.1,50,3186,3075,3187,3085,2800,3200,3187,3085,2800,3200
2017,National University of Singapore,Faculty of Science,Bachelor of Science,1761,76.9,54.5,3053,3000,3214,3082,2800,3400,3214,3082,2800,3400
2017,National University of Singapore,Faculty of Science,Bachelor of Science (Hons),1762,85.9,69.3,3340,3200,3435,3300,3000,3700,3435,3300,3000,3700
2017,National University of Singapore,Faculty of Science,Bachelor of Science (Computational Biology) **,1763,na,na,na,na,na,na,na,na,na,na,na,na
2017,National University of Singapore,Faculty of Science,Bachelor of Science (Pharmacy) #,1764,99.1,94.5,3473,3500,3616,3600,3500,3800,3616,3600,3500,3800
2017,National University of Singapore,NUS Business School,Bachelor of Business Administration,1765,94.9,87.3,3770,3400,4031,3500,3000,4333,4031,3500,3000,4333
2017,National University of Singapore,NUS Business School,Bachelor of Business Administration (Hons),1766,98.2,93.6,4272,3725,4388,3800,3450,4782,4388,3800,3450,4782
2017,National University of Singapore,NUS Business School,Bachelor of Business Administration (Accountancy),1767,97.2,94.4,3396,3000,3473,3025,3000,3600,3473,3025,3000,3600
2017,National University of Singapore,NUS Business School,Bachelor of Business Administration (Accountancy) (Hons),1768,100,100,3689,3100,3744,3125,3000,4023,3744,3125,3000,4023
2017,National University of Singapore,School of Computing,Bachelor of Computing (Communications And Media) **,1769,na,na,na,na,na,na,na,na,na,na,na,na
2017,National University of Singapore,School of Computing,Bachelor of Computing (Computational Biology) **,1770,na,na,na,na,na,na,na,na,na,na,na,na
2017,National University of Singapore,School of Computing,Bachelor of Computing (Computer Science),1771,93.5,89.4,4510,4200,4628,4285,3656,5000,4628,4285,3656,5000
2017,National University of Singapore,School of Computing,Bachelor of Computing (Electronic Commerce) **,1772,na,na,na,na,na,na,na,na,na,na,na,na
2017,National University of Singapore,School of Computing,Bachelor of Computing (Information Security) **,1773,na,na,na,na,na,na,na,na,na,na,na,na
2017,National University of Singapore,School of Computing,Bachelor of Computing (Information Systems),1774,94.5,91.8,4061,4000,4192,4000,3550,4592,4192,4000,3550,4592
2017,National University of Singapore,School of Computing,Bachelor of Science (Business Analytics),1775,97.6,97.6,4114,3810,4203,4000,3500,4766,4203,4000,3500,4766
2017,National University of Singapore,School of Design & Environment,Bachelor of Arts (Architecture) #,1776,91.3,86.4,4037,4000,4079,4000,3780,4300,4079,4000,3780,4300
2017,National University of Singapore,School of Design & Environment,Bachelor of Arts (Industrial Design),1777,93.3,60,3034,2890,3079,2920,2600,3200,3079,2920,2600,3200
2017,National University of Singapore,School of Design & Environment,Bachelor of Science (Project and Facilities Management),1778,90.8,81.7,3105,3000,3162,3000,2900,3300,3162,3000,2900,3300
2017,National University of Singapore,School of Design & Environment,Bachelor of Science (Real Estate),1779,93.8,88.7,3090,3000,3168,3000,2800,3300,3168,3000,2800,3300
2017,National University of Singapore,Yong Loo Lin School (Medicine),Bachelor of Medicine And Bachelor Of Surgery #,1780,100,100,4367,4500,4882,5000,4500,5305,4882,5000,4500,5305
2017,National University of Singapore,Yong Loo Lin School (Medicine),Bachelor of Science (Nursing),1781,97.4,97.4,3165,3200,3328,3400,3200,3450,3328,3400,3200,3450
2017,National University of Singapore,Yong Loo Lin School (Medicine),Bachelor of Science (Nursing) (Hons),1782,91.8,89.8,3280,3300,3462,3500,3300,3650,3462,3500,3300,3650
2017,National University of Singapore,YST Conservatory Of Music,Bachelor of Music,1783,73.3,26.7,2298,2025,2500,2225,2050,2950,2500,2225,2050,2950
2017,National University of Singapore,Yale-NUS College,Bachelor of Arts with Honours,1784,93.5,76.6,3812,3500,3956,3500,3075,4000,3956,3500,3075,4000
2017,National University of Singapore,Yale-NUS College,Bachelor of Science with Honours,1785,91.7,75,4362,4083,4362,4083,3600,4875,4362,4083,3600,4875
2017,National University of Singapore,Multi-Disciplinary Programmes,Bachelor of Engineering (Computer Engineering),1786,89.4,84.7,4010,3600,4131,3900,3588,4500,4131,3900,3588,4500
2017,National University of Singapore,Multi-Disciplinary Programmes,Bachelor of Environmental Studies,1787,88.7,62.3,3297,3200,3419,3300,3000,3600,3419,3300,3000,3600
2017,Singapore Management University,School of Accountancy (4-years programme) *,Accountancy,1788,98,96.6,3569,3000,3646,3000,2920,3600,3646,3000,2920,3600
2017,Singapore Management University,School of Accountancy (4-years programme) *,Accountancy Cum Laude and above,1789,97.8,97.8,4037,3200,4089,3200,3000,4645,4089,3200,3000,4645
2017,Singapore Management University,School of Business (4-years programme) *,Business Management,1790,93.3,85.7,3862,3475,3995,3500,3050,4362,3995,3500,3050,4362
2017,Singapore Management University,School of Business (4-years programme) *,Business Management Cum Laude and above,1791,95.8,92,4364,3880,4504,4000,3300,5000,4504,4000,3300,5000
2017,Singapore Management University,School of Economics (4-years programme) *,Economics,1792,91.3,82.6,4013,3600,4143,3700,3300,4583,4143,3700,3300,4583
2017,Singapore Management University,School of Economics (4-years programme) *,Economics Cum Laude and above,1793,93.2,90.5,4591,4000,4737,4100,3600,5113,4737,4100,3600,5113
2017,Singapore Management University,School of Information Systems (4-years programme) *,Information Systems Management,1794,95.1,91.3,3922,3905,4014,4000,3550,4500,4014,4000,3550,4500
2017,Singapore Management University,School of Information Systems (4-years programme) *,Information Systems Management Cum Laude and above,1795,96.1,94.1,4211,4334,4305,4334,4000,4750,4305,4334,4000,4750
2017,Singapore Management University,School of Social Sciences (4-years programme) *,Social Sciences,1796,91.3,78,3344,3250,3493,3300,3000,3750,3493,3300,3000,3750
2017,Singapore Management University,School of Social Sciences (4-years programme) *,Social Sciences Cum Laude and above,1797,87.9,81.8,3810,3600,3938,3630,3300,4000,3938,3630,3300,4000
2017,Singapore Management University,School of Law (4-years programme) *,Law #,1798,97.6,94,4778,4500,4941,5000,4000,5840,4941,5000,4000,5840
2017,Singapore Management University,School of Law (4-years programme) *,Law Cum Laude and above #,1799,97.9,97.9,5163,5450,5287,5600,4200,6000,5287,5600,4200,6000
2017,Singapore Institute of Technology,DigiPen Institute of Technology,Bachelor of Arts in Game Design ^,1800,96.2,92.3,3040,3000,3067,3000,2800,3200,3067,3000,2800,3200
2017,Singapore Institute of Technology,DigiPen Institute of Technology,Bachelor of Fine Arts in Digital Arts & Animation ^,1801,88.5,69.2,2859,2825,2876,2875,2700,3000,2876,2875,2700,3000
2017,Singapore Institute of Technology,DigiPen Institute of Technology,Bachelor of Science in Computer Science & Game Design ^,1802,100,100,3232,3250,3291,3250,2900,3600,3291,3250,2900,3600
2017,Singapore Institute of Technology,DigiPen Institute of Technology,Bachelor of Science in Computer Science in Real-Time Interactive Simulation,1803,96.9,90.6,3898,3800,3904,3800,3558,4140,3904,3800,3558,4140
2017,Singapore Institute of Technology,The Glasgow School of Art,Bachelor of Arts with Honours in Communication Design,1804,90.7,68.5,2819,2600,2949,2700,2500,3200,2949,2700,2500,3200
2017,Singapore Institute of Technology,The Glasgow School of Art,Bachelor of Arts with Honours in Interior Design,1805,92.3,87.2,2818,2700,2841,2700,2500,3000,2841,2700,2500,3000
2017,Singapore Institute of Technology,Newcastle University,Bachelor of Engineering with Honours in Chemical Engineering,1806,77.3,62.1,3061,3100,3290,3255,2975,3600,3290,3255,2975,3600
2017,Singapore Institute of Technology,Newcastle University,Bachelor of Engineering with Honours in Electrical Power Engineering,1807,94.4,88.9,3191,3200,3269,3200,3000,3450,3269,3200,3000,3450
2017,Singapore Institute of Technology,Newcastle University,Bachelor of Engineering with Honours in Marine Engineering ^,1808,96.2,88.5,3461,3300,3541,3500,3000,4000,3541,3500,3000,4000
2017,Singapore Institute of Technology,Newcastle University,Bachelor of Engineering with Honours in Mechanical Design & Manufacturing Engineering,1809,90.5,85.7,3063,3000,3145,3000,2800,3350,3145,3000,2800,3350
2017,Singapore Institute of Technology,Newcastle University,Bachelor of Engineering with Honours in Naval Architecture ^,1810,95.5,95.5,3451,3300,3537,3300,3200,3500,3537,3300,3200,3500
2017,Singapore Institute of Technology,Newcastle University,Bachelor of Engineering with Honours in Offshore Engineering ^,1811,100,86.7,3792,3300,3866,3300,3300,3950,3866,3300,3300,3950
2017,Singapore Institute of Technology,Newcastle University,Bachelor of Science with Honours in Food & Human Nutrition,1812,97.7,79.1,2784,2600,2980,2700,2475,3200,2980,2700,2475,3200
2017,Singapore Institute of Technology,Technische Universität München,Bachelor of Science in Chemical Engineering,1813,84.5,74.1,3061,3000,3301,3200,3000,3375,3301,3200,3000,3375
2017,Singapore Institute of Technology,Technische Universität München,Bachelor of Science in Electrical Engineering & Information Technology,1814,82.8,82.8,3504,3175,3591,3400,3000,4000,3591,3400,3000,4000
2017,Singapore Institute of Technology,The Culinary Institute of America,Bachelor of Professional Studies in Culinary Arts Management,1815,87.9,54.5,2357,2300,2598,2300,2200,3259,2598,2300,2200,3259
2017,Singapore Institute of Technology,Singapore Institute of Technology -Trinity College Dublin / Trinity College Dublin,Bachelor in Science (Diagnostic Radiography) **,1816,na,na,na,na,na,na,na,na,na,na,na,na
2017,Singapore Institute of Technology,Singapore Institute of Technology -Trinity College Dublin / Trinity College Dublin,Bachelor in Science (Occupational Therapy),1817,100,97.1,3217,3250,3258,3300,3020,3450,3258,3300,3020,3450
2017,Singapore Institute of Technology,Singapore Institute of Technology -Trinity College Dublin / Trinity College Dublin,Bachelor in Science (Physiotherapy),1818,100,96.8,3483,3350,3489,3400,3300,3500,3489,3400,3300,3500
2017,Singapore Institute of Technology,Singapore Institute of Technology -Trinity College Dublin / Trinity College Dublin,Bachelor in Science (Radiation Therapy) **,1819,na,na,na,na,na,na,na,na,na,na,na,na
2017,Singapore Institute of Technology,University of Glasgow,Bachelor of Engineering with Honours in Aeronautical Engineering,1820,81.3,65.6,3367,3100,3481,3200,2950,3700,3481,3200,2950,3700
2017,Singapore Institute of Technology,University of Glasgow,Bachelor of Engineering with Honours in Aerospace Systems,1821,80,52.5,3207,3125,3280,3125,2625,3650,3280,3125,2625,3650
2017,Singapore Institute of Technology,University of Glasgow,Bachelor of Engineering with Honours in Mechanical Design Engineering,1822,96.6,87.9,3608,3100,3670,3200,3000,3700,3670,3200,3000,3700
2017,Singapore Institute of Technology,University of Glasgow,Bachelor of Engineering with Honours in Mechatronics,1823,94.6,86.5,3412,3050,3595,3400,3000,4000,3595,3400,3000,4000
2017,Singapore Institute of Technology,University of Glasgow,Bachelor of Science with Honours in Computing Science,1824,95.8,85.9,3633,3600,3724,3600,3300,4200,3724,3600,3300,4200
2017,Singapore Institute of Technology,University of Manchester,Bachelor of Science with Honours in Nursing Practice,1825,98.2,96.5,3507,3400,3741,3650,3600,3900,3741,3650,3600,3900
2017,Singapore Institute of Technology,University of Liverpool,Bachelor of Arts with Honours in Criminology and Security,1826,86.4,69.5,3759,3800,3825,3800,3050,4160,3825,3800,3050,4160
2017,Singapore Institute of Technology,Wheelock College,Bachelor of Science in Early Childhood Education,1827,96.4,92.9,2883,2900,2890,2900,2800,3000,2890,2900,2800,3000
2017,Singapore Institute of Technology,Singapore Institute of Technology,Bachelor of Accountancy with Honours,1828,94.1,92.1,3073,3050,3113,3088,2975,3250,3113,3088,2975,3250
2017,Singapore Institute of Technology,Singapore Institute of Technology,Bachelor of Hospitality Business with Honours ^,1829,94.7,84.2,2713,2700,2829,2800,2500,3100,2829,2800,2500,3100
2017,Singapore University of Technology and Design,na,Bachelor of Engineering (Engineering Product Development),1830,89.9,87.3,3594,3600,3638,3600,3450,3800,3638,3600,3450,3800
2017,Singapore University of Technology and Design,na,Bachelor of Engineering (Information Systems Technology and Design),1831,100,100,4146,4000,4175,4023,3600,4900,4175,4023,3600,4900
2017,Singapore University of Technology and Design,na,Bachelor of Engineering (Engineering Systems and Design),1832,91.7,85.4,3856,3800,3956,3850,3600,4210,3956,3850,3600,4210
2017,Singapore University of Technology and Design,na,Bachelor of Science (Architecture and Sustainable Design) ###,1833,na,na,na,na,na,na,na,na,na,na,na,na
2018,Nanyang Technological University,College of Business (Nanyang Business School),Accountancy,1834,94.6,92.2,3214,3000,3245,3000,3000,3200,3245,3000,3000,3200
2018,Nanyang Technological University,College of Business (Nanyang Business School),Accountancy and Business,1835,99.2,97.7,4391,4000,4456,4000,3600,4633,4456,4000,3600,4633
2018,Nanyang Technological University,College of Business (Nanyang Business School),Business,1836,92.6,84.3,3646,3500,3776,3500,3200,4000,3776,3500,3200,4000
2018,Nanyang Technological University,College of Business (Nanyang Business School),Business and Computing ^,1837,100,100,4536,4450,4572,4575,4200,4900,4572,4575,4200,4900
2018,Nanyang Technological University,College of Engineering,Aerospace Engineering,1838,95.3,88.4,3710,3625,3873,3800,3365,4280,3873,3800,3365,4280
2018,Nanyang Technological University,College of Engineering,Aerospace Engineering and Economics **,1839,na,na,na,na,na,na,na,na,na,na,na,na
2018,Nanyang Technological University,College of Engineering,Bioengineering,1840,77.5,66.2,3457,3500,3660,3500,3200,4000,3660,3500,3200,4000
2018,Nanyang Technological University,College of Engineering,Business and Computer Engineering **,1841,na,na,na,na,na,na,na,na,na,na,na,na
2018,Nanyang Technological University,College of Engineering,Chemical & Biomolecular Engineering,1842,91.6,86,3461,3500,3782,3600,3300,4200,3782,3600,3300,4200
2018,Nanyang Technological University,College of Engineering,Chemical & Biomolecular Engineering and Economics **,1843,na,na,na,na,na,na,na,na,na,na,na,na
2018,Nanyang Technological University,College of Engineering,Civil Engineering,1844,96.5,96.5,3521,3400,3597,3500,3200,3816,3597,3500,3200,3816
2018,Nanyang Technological University,College of Engineering,Computer Engineering,1845,95.8,95.8,3749,3700,3865,3775,3400,4200,3865,3775,3400,4200
2018,Nanyang Technological University,College of Engineering,Computer Engineering and Economics **,1846,na,na,na,na,na,na,na,na,na,na,na,na
2018,Nanyang Technological University,College of Engineering,Computer Science,1847,94.4,93,3970,3800,4062,4000,3500,4500,4062,4000,3500,4500
2018,Nanyang Technological University,College of Engineering,Electrical & Electronic Engineering,1848,92.7,91,3625,3500,3772,3600,3323,4000,3772,3600,3323,4000
2018,Nanyang Technological University,College of Engineering,Environmental Engineering,1849,92.1,81.6,3388,3360,3485,3400,3000,3500,3485,3400,3000,3500
2018,Nanyang Technological University,College of Engineering,Environmental Engineering and Economics **,1850,na,na,na,na,na,na,na,na,na,na,na,na
2018,Nanyang Technological University,College of Engineering,Information Engineering & Media,1851,93.2,89,3724,3725,3800,3750,3500,4140,3800,3750,3500,4140
2018,Nanyang Technological University,College of Engineering,Maritime Studies,1852,93.3,90,3351,3300,3409,3350,3000,3640,3409,3350,3000,3640
2018,Nanyang Technological University,College of Engineering,Materials Engineering,1853,86.5,81.9,3457,3400,3650,3500,3200,4000,3650,3500,3200,4000
2018,Nanyang Technological University,College of Engineering,Mechanical Engineering,1854,85.6,81.1,3448,3500,3653,3500,3200,4000,3653,3500,3200,4000
2018,Nanyang Technological University,"College of Humanities, Arts & Social Sciences","Art, Design & Media",1855,85.7,53.8,2930,2800,2986,3000,2600,3300,2986,3000,2600,3300
2018,Nanyang Technological University,"College of Humanities, Arts & Social Sciences",Chinese,1856,86.4,76.3,3149,3150,3260,3500,3000,3518,3260,3500,3000,3518
2018,Nanyang Technological University,"College of Humanities, Arts & Social Sciences",Communication Studies,1857,95,84.2,3085,3000,3166,3000,2750,3500,3166,3000,2750,3500
2018,Nanyang Technological University,"College of Humanities, Arts & Social Sciences",Economics,1858,90.1,84,3604,3500,3755,3536,3200,3959,3755,3536,3200,3959
2018,Nanyang Technological University,"College of Humanities, Arts & Social Sciences",English,1859,81.6,59.2,3051,3000,3124,3000,2600,3500,3124,3000,2600,3500
2018,Nanyang Technological University,"College of Humanities, Arts & Social Sciences",History,1860,74.4,56.4,3593,3500,3719,3500,3260,4150,3719,3500,3260,4150
2018,Nanyang Technological University,"College of Humanities, Arts & Social Sciences",Linguistics & Multilingual Studies,1861,79.2,45.8,3074,3200,3091,3200,2900,3500,3091,3200,2900,3500
2018,Nanyang Technological University,"College of Humanities, Arts & Social Sciences",Philosophy,1862,80,76,3031,3000,3126,3000,2550,3500,3126,3000,2550,3500
2018,Nanyang Technological University,"College of Humanities, Arts & Social Sciences",Psychology,1863,90.1,78,3316,3300,3355,3370,3000,3684,3355,3370,3000,3684
2018,Nanyang Technological University,"College of Humanities, Arts & Social Sciences",Public Policy and Global Affairs,1864,80.6,71,3501,3350,3619,3350,3050,4018,3619,3350,3050,4018
2018,Nanyang Technological University,"College of Humanities, Arts & Social Sciences",Sociology,1865,80.2,60.4,3275,3175,3374,3220,3000,3841,3374,3220,3000,3841
2018,Nanyang Technological University,College of Sciences,Biological Sciences,1866,80.1,67,3232,3200,3319,3250,3035,3650,3319,3250,3035,3650
2018,Nanyang Technological University,College of Sciences,Biomedical Sciences **,1867,na,na,na,na,na,na,na,na,na,na,na,na
2018,Nanyang Technological University,College of Sciences,Biomedical Sciences & Chinese Medicine # ^,1868,90.9,81.8,2941,3000,2953,3000,2700,3100,2953,3000,2700,3100
2018,Nanyang Technological University,College of Sciences,Chemistry & Biological Chemistry,1869,77.6,63.9,3205,3167,3427,3200,3000,3725,3427,3200,3000,3725
2018,Nanyang Technological University,College of Sciences,Environmental Earth Systems Sciences ^,1870,76.2,57.1,3347,3440,3389,3440,3150,3900,3389,3440,3150,3900
2018,Nanyang Technological University,College of Sciences,Mathematical Sciences,1871,87.1,75.9,3661,3600,3744,3650,3360,4000,3744,3650,3360,4000
2018,Nanyang Technological University,College of Sciences,Mathematics & Economics,1872,96.3,83.3,3481,3500,3569,3600,3200,4000,3569,3600,3200,4000
2018,Nanyang Technological University,College of Sciences,Physics & Applied Physics,1873,80.2,74.1,3468,3300,3576,3400,3025,3800,3576,3400,3025,3800
2018,Nanyang Technological University,National Institute of Education (NIE),Arts (With Education),1874,100,99.2,3618,3750,3751,3800,3600,3806,3751,3800,3600,3806
2018,Nanyang Technological University,National Institute of Education (NIE),Science (With Education),1875,100,100,3600,3800,3738,3800,3600,4000,3738,3800,3600,4000
2018,Nanyang Technological University,Sports Science and Management,Sport Science and Management,1876,87,61.1,3172,3200,3382,3300,3000,3600,3382,3300,3000,3600
2018,Nanyang Technological University,Lee Kong Chian School of Medicine,Medicine ##,1877,na,na,na,na,na,na,na,na,na,na,na,na
2018,National University of Singapore,Faculty of Arts & Social Sciences,Bachelor of Arts,1878,83.7,56.6,3169,3070,3322,3200,2800,3600,3322,3200,2800,3600
2018,National University of Singapore,Faculty of Arts & Social Sciences,Bachelor of Arts (Hons),1879,87.5,60.8,3290,3300,3377,3300,3000,3600,3377,3300,3000,3600
2018,Singapore University of Social Sciences,School of Business,Bachelor of Accountancy,1880,98.7,97.5,2858,2850,2879,3000,2700,3000,2879,3000,2700,3000
2018,National University of Singapore,Faculty of Arts & Social Sciences,Bachelor of Social Sciences,1881,88.2,74.5,3459,3400,3526,3400,3200,3800,3526,3400,3200,3800
2018,National University of Singapore,Faculty of Dentistry,Bachelor of Dental Surgery,1882,100,100,4148,4050,4228,4050,4000,4450,4228,4050,4000,4450
2018,National University of Singapore,Faculty of Engineering,Bachelor of Engineering (Biomedical Engineering),1883,79.4,69.8,3357,3300,3444,3389,3280,3650,3444,3389,3280,3650
2018,National University of Singapore,Faculty of Engineering,Bachelor of Engineering (Chemical Engineering),1884,89.9,84.1,3768,3700,4050,4000,3500,4300,4050,4000,3500,4300
2018,National University of Singapore,Faculty of Engineering,Bachelor of Engineering (Civil Engineering),1885,91.8,89.8,3520,3500,3627,3500,3300,3900,3627,3500,3300,3900
2018,National University of Singapore,Faculty of Engineering,Bachelor of Engineering (Electrical Engineering),1886,91,83.4,3712,3600,3982,3700,3400,4546,3982,3700,3400,4546
2018,National University of Singapore,Faculty of Engineering,Bachelor of Engineering (Engineering Science) **,1887,na,na,na,na,na,na,na,na,na,na,na,na
2018,National University of Singapore,Faculty of Engineering,Bachelor of Engineering (Environmental Engineering),1888,88.9,74.6,3411,3300,3518,3400,3000,3868,3518,3400,3000,3868
2018,National University of Singapore,Faculty of Engineering,Bachelor of Engineering (Industrial and Systems Engineering),1889,91.5,87.8,3889,3800,4051,3895,3600,4500,4051,3895,3600,4500
2018,National University of Singapore,Faculty of Engineering,Bachelor of Engineering (Materials Science and Engineering),1890,88.6,86.4,3550,3600,3794,3600,3500,4305,3794,3600,3500,4305
2018,National University of Singapore,Faculty of Engineering,Bachelor of Engineering (Mechanical Engineering),1891,92.8,86.9,3684,3500,3877,3700,3300,4100,3877,3700,3300,4100
2018,National University of Singapore,Faculty of Law,Bachelor of Laws #,1892,97.3,92.6,5070,5000,5263,5500,4500,5840,5263,5500,4500,5840
2018,National University of Singapore,Faculty of Science,Bachelor of Science,1893,81.6,47.2,3146,3000,3289,3100,2900,3850,3289,3100,2900,3850
2018,National University of Singapore,Faculty of Science,Bachelor of Science (Hons),1894,87.3,72.8,3371,3300,3460,3400,3000,3725,3460,3400,3000,3725
2018,National University of Singapore,Faculty of Science,Bachelor of Science (Computational Biology) **,1895,na,na,na,na,na,na,na,na,na,na,na,na
2018,National University of Singapore,Faculty of Science,Bachelor of Science (Pharmacy) #,1896,96.6,93.2,3549,3500,3723,3650,3500,3900,3723,3650,3500,3900
2018,National University of Singapore,NUS Business School,Bachelor of Business Administration,1897,95.7,84.8,3633,3150,3732,3225,3000,3750,3732,3225,3000,3750
2018,National University of Singapore,NUS Business School,Bachelor of Business Administration (Hons),1898,96.6,90.9,4286,3800,4424,3895,3300,4748,4424,3895,3300,4748
2018,National University of Singapore,NUS Business School,Bachelor of Business Administration (Accountancy) ^,1899,95.2,95.2,3209,3000,3522,3020,2700,3500,3522,3020,2700,3500
2018,National University of Singapore,NUS Business School,Bachelor of Business Administration (Accountancy) (Hons),1900,97.6,95.3,3643,3100,3683,3200,3000,4000,3683,3200,3000,4000
2018,National University of Singapore,School of Computing,Bachelor of Computing (Communications and Media) **,1901,na,na,na,na,na,na,na,na,na,na,na,na
2018,National University of Singapore,School of Computing,Bachelor of Computing (Computational Biology) **,1902,na,na,na,na,na,na,na,na,na,na,na,na
2018,National University of Singapore,School of Computing,Bachelor of Computing (Computer Science),1903,96.9,91.8,4577,4280,4658,4320,3900,5000,4658,4320,3900,5000
2018,National University of Singapore,School of Computing,Bachelor of Computing (Electronic Commerce) **,1904,na,na,na,na,na,na,na,na,na,na,na,na
2018,National University of Singapore,School of Computing,Bachelor of Computing (Information Security) **,1905,na,na,na,na,na,na,na,na,na,na,na,na
2018,National University of Singapore,School of Computing,Bachelor of Computing (Information Systems),1906,98.4,95.3,4338,4375,4472,4458,4000,5000,4472,4458,4000,5000
2018,National University of Singapore,School of Computing,Bachelor of Science (Business Analytics),1907,93.5,93.5,4432,4400,4499,4500,4000,5000,4499,4500,4000,5000
2018,National University of Singapore,School of Design & Environment,Bachelor of Arts (Architecture) # **,1908,na,na,na,na,na,na,na,na,na,na,na,na
2018,National University of Singapore,School of Design & Environment,Bachelor of Arts (Industrial Design),1909,87,69.6,3309,3200,3371,3250,3000,3800,3371,3250,3000,3800
2018,National University of Singapore,School of Design & Environment,Bachelor of Science (Project and Facilities Management),1910,89,84.6,3189,3040,3237,3060,3000,3300,3237,3060,3000,3300
2018,National University of Singapore,School of Design & Environment,Bachelor of Science (Real Estate),1911,91.7,85.1,3295,3300,3372,3300,3000,3600,3372,3300,3000,3600
2018,National University of Singapore,YLL School of Medicine,Bachelor of Medicine and Bachelor of Surgery # **,1912,na,na,na,na,na,na,na,na,na,na,na,na
2018,National University of Singapore,YLL School of Medicine,Bachelor of Science (Nursing),1913,94.6,94.6,3230,3250,3469,3450,3300,3500,3469,3450,3300,3500
2018,National University of Singapore,YLL School of Medicine,Bachelor of Science (Nursing) (Hons),1914,98,98,3306,3350,3546,3550,3400,3750,3546,3550,3400,3750
2018,National University of Singapore,Yong Siew Toh Conservatory of Music,Bachelor of Music,1915,81,23.8,2000,1750,2100,1800,1500,2700,2100,1800,1500,2700
2018,National University of Singapore,Yale-NUS College,Bachelor of Arts with Honours,1916,90.5,81.1,4283,3600,4381,3630,3275,4642,4381,3630,3275,4642
2018,National University of Singapore,Yale-NUS College,Bachelor of Science with Honours ^,1917,89.5,78.9,5017,4800,5136,4800,3600,6435,5136,4800,3600,6435
2018,National University of Singapore,Multidisciplinary Programmes,Bachelor of Engineering (Computer Engineering),1918,88.6,84.3,4105,3800,4188,3975,3500,4900,4188,3975,3500,4900
2018,National University of Singapore,Multidisciplinary Programmes,Bachelor of Environmental Studies,1919,84.2,55.3,3371,3414,3385,3414,3000,3600,3385,3414,3000,3600
2018,Singapore Institute of Technology,DigiPen Institute of Technology,Bachelor of Arts in Game Design ^,1920,86.7,86.7,3277,3300,3324,3300,3196,3500,3324,3300,3196,3500
2018,Singapore Institute of Technology,DigiPen Institute of Technology,Bachelor of Fine Arts in Digital Art and Animation,1921,91.2,52.9,2854,2800,2861,2800,2600,3000,2861,2800,2600,3000
2018,Singapore Institute of Technology,DigiPen Institute of Technology,Bachelor of Science in Computer Science and Game Design ^,1922,94.7,89.5,3570,3600,3576,3600,3300,4000,3576,3600,3300,4000
2018,Singapore Institute of Technology,DigiPen Institute of Technology,Bachelor of Science in Computer Science in Real-Time Interactive Simulation,1923,96.8,96.8,4031,4000,4088,4016,3830,4200,4088,4016,3830,4200
2018,Singapore Institute of Technology,Newcastle University,Bachelor of Engineering with Honours in Chemical Engineering,1924,84.6,76.9,3193,3100,3451,3300,3000,3600,3451,3300,3000,3600
2020,National University of Singapore,Yale-NUS College,Bachelor of Arts with Honours,1925,90.5,65.7,4242,3800,4370,3890,3475,5000,4370,3890,3475,5000
2018,Singapore Institute of Technology,Newcastle University,Bachelor of Engineering with Honours in Electrical Power Engineering,1926,94.5,81.8,3382,3300,3438,3343,3050,3500,3438,3343,3050,3500
2018,Singapore Institute of Technology,Newcastle University,Bachelor of Engineering with Honours in Marine Engineering,1927,97.1,94.3,3374,3250,3439,3250,3000,3600,3439,3250,3000,3600
2018,Singapore Institute of Technology,Newcastle University,Bachelor of Engineering with Honours in Mechanical Design and Manufacturing Engineering,1928,93.5,82.3,3343,3200,3484,3253,3100,3600,3484,3253,3100,3600
2018,Singapore Institute of Technology,Newcastle University,Bachelor of Engineering with Honours in Naval Architecture ^,1929,100,100,3368,3300,3479,3400,3300,3800,3479,3400,3300,3800
2018,Singapore Institute of Technology,Newcastle University,Bachelor of Engineering with Honours in Offshore Engineering ^,1930,92.3,84.6,3245,3100,3545,3510,3100,3850,3545,3510,3100,3850
2018,Singapore Institute of Technology,Newcastle University,Bachelor of Science with Honours in Food and Human Nutrition,1931,90.4,69.2,2837,2800,2895,2900,2625,3200,2895,2900,2625,3200
2018,Singapore Institute of Technology,Singapore Institute of Technology (SIT),Bachelor of Accountancy with Honours,1932,96.3,91.5,3188,3050,3216,3075,3000,3250,3216,3075,3000,3250
2018,Singapore Institute of Technology,Singapore Institute of Technology (SIT),Bachelor of Engineering with Honours in Information & Communications Technology (Information Security) ^,1933,100,100,4111,4000,4116,4045,4000,4400,4116,4045,4000,4400
2018,Singapore Institute of Technology,Singapore Institute of Technology (SIT),Bachelor of Engineering with Honours in Information & Communications Technology (Software Engineering),1934,95.7,95.7,3838,4000,3914,4000,3600,4300,3914,4000,3600,4300
2018,Singapore Institute of Technology,Singapore Institute of Technology (SIT),Bachelor of Engineering with Honours in Sustainable Infrastructure Engineering (Land),1935,98.3,96.6,3618,3456,3688,3550,3400,3800,3688,3550,3400,3800
2018,Singapore Institute of Technology,Singapore Institute of Technology (SIT),Bachelor of Hospitality Business with Honours,1936,92.1,81.6,2898,2800,2991,2825,2600,3175,2991,2825,2600,3175
2018,Singapore Institute of Technology,SIT-University of Glasgow,Bachelor of Science with Honours in Nursing,1937,95.3,90.7,3260,3350,3536,3500,3350,3800,3536,3500,3350,3800
2018,Singapore Institute of Technology,SIT-Trinity College Dublin / Trinity College Dublin,Bachelor in Science (Diagnostic Radiography) ^,1938,95.8,87.5,3476,3300,3571,3350,3300,3800,3571,3350,3300,3800
2018,Singapore Institute of Technology,SIT-Trinity College Dublin / Trinity College Dublin,Bachelor in Science (Occupational Therapy),1939,96.6,96.6,3409,3450,3431,3460,3300,3610,3431,3460,3300,3610
2018,Singapore Institute of Technology,SIT-Trinity College Dublin / Trinity College Dublin,Bachelor in Science (Physiotherapy),1940,100,100,3258,3300,3276,3300,3000,3600,3276,3300,3000,3600
2018,Singapore Institute of Technology,SIT-Trinity College Dublin / Trinity College Dublin,Bachelor in Science (Radiation Therapy) **,1941,na,na,na,na,na,na,na,na,na,na,na,na
2018,Singapore Institute of Technology,Technische Universität München,Bachelor of Science in Chemical Engineering,1942,83.7,75.5,3048,3000,3298,3200,3000,3550,3298,3200,3000,3550
2018,Singapore Institute of Technology,Technische Universität München,Bachelor of Science in Electrical Engineering & Information Technology,1943,83.3,69.4,3506,3500,3609,3500,3300,4000,3609,3500,3300,4000
2018,Singapore Institute of Technology,The Culinary Institute of America,Bachelor of Business Administration in Food Business Management,1944,86.5,64.9,2643,2530,2929,2663,2415,3300,2929,2663,2415,3300
2018,Singapore Institute of Technology,The Glasgow School of Art,Bachelor of Arts with Honours in Communication Design,1945,84.9,54.7,2818,2850,3055,2950,2550,3000,3055,2950,2550,3000
2018,Singapore Institute of Technology,The Glasgow School of Art,Bachelor of Arts with Honours in Interior Design,1946,92.3,76.9,2710,2700,2796,2775,2500,3000,2796,2775,2500,3000
2018,Singapore Institute of Technology,University of Glasgow,Bachelor of Engineering with Honours in Aeronautical Engineering,1947,78,70.7,3440,3200,3454,3200,3000,3500,3454,3200,3000,3500
2018,Singapore Institute of Technology,University of Glasgow,Bachelor of Engineering with Honours in Aerospace Systems,1948,82.4,61.8,3412,3300,3451,3380,3025,3875,3451,3380,3025,3875
2018,Singapore Institute of Technology,University of Glasgow,Bachelor of Engineering with Honours in Mechanical Design Engineering,1949,94.3,90.6,3587,3400,3718,3500,3100,4000,3718,3500,3100,4000
2018,Singapore Institute of Technology,University of Glasgow,Bachelor of Engineering with Honours in Mechatronics,1950,93.7,87.3,3633,3500,3812,3600,3275,4298,3812,3600,3275,4298
2018,Singapore Institute of Technology,University of Glasgow,Bachelor of Science with Honours in Computing Science,1951,94.7,89.3,3926,3929,3996,4000,3500,4225,3996,4000,3500,4225
2018,Singapore Institute of Technology,University of Liverpool,Bachelor of Arts with Honours in Criminology and Security,1952,91.9,74.2,3645,3500,3726,3729,3260,4100,3726,3729,3260,4100
2018,Singapore Institute of Technology,Wheelock College,Bachelor of Science in Early Childhood Education,1953,100,98.2,2897,2925,2911,2925,2800,3100,2911,2925,2800,3100
2018,Singapore Management University,School of Accountancy (4-year programme) *,Accountancy,1954,96.4,92.3,3576,3000,3607,3000,3000,3650,3607,3000,3000,3650
2018,Singapore Management University,School of Accountancy (4-year programme) *,Accountancy (Cum Laude and above),1955,96.3,95.1,4396,3450,4439,3550,3013,4773,4439,3550,3013,4773
2018,Singapore Management University,School of Business (4-year programme) *,Business Management,1956,91.6,86.5,4017,3600,4133,3700,3250,4500,4133,3700,3250,4500
2018,Singapore Management University,School of Business (4-year programme) *,Business Management (Cum Laude and above),1957,97.4,95.6,4433,4000,4544,4000,3500,4800,4544,4000,3500,4800
2018,Singapore Management University,School of Economics (4-year programme) *,Economics,1958,91.1,85.6,4017,3500,4140,3700,3200,4600,4140,3700,3200,4600
2018,Singapore Management University,School of Economics (4-year programme) *,Economics (Cum Laude and above),1959,93.4,89.5,4599,4000,4721,4000,3500,5200,4721,4000,3500,5200
2018,Singapore Management University,School of Information Systems (4-year programme) *,Information Systems,1960,93.6,89.5,4058,4000,4160,4000,3600,4600,4160,4000,3600,4600
2018,Singapore Management University,School of Information Systems (4-year programme) *,Information Systems (Cum Laude and above),1961,100,97.2,4584,4650,4659,4685,4200,5000,4659,4685,4200,5000
2018,Singapore Management University,School of Social Sciences (4-year programme) *,Social Sciences,1962,85.6,74.4,3336,3200,3409,3210,3000,3710,3409,3210,3000,3710
2018,Singapore Management University,School of Social Sciences (4-year programme) *,Social Sciences (Cum Laude and above),1963,84.2,78.9,3818,3550,3880,3600,3200,4100,3880,3600,3200,4100
2018,Singapore Management University,School of Law (4-year programme) *,Law #,1964,92.7,90.8,4704,4500,4856,4500,4050,5600,4856,4500,4050,5600
2018,Singapore Management University,School of Law (4-year programme) *,Law (Cum Laude and above) #,1965,94.4,92.6,4986,4750,5256,5513,4500,6000,5256,5513,4500,6000
2018,Singapore University of Social Sciences,School of Business,Bachelor of Science in Finance,1966,88,84,3364,3400,3393,3400,3200,3500,3393,3400,3200,3500
2018,Singapore University of Social Sciences,School of Business,Bachelor of Science in Marketing,1967,94,84,2925,3000,3023,3000,2650,3245,3023,3000,2650,3245
2018,Singapore University of Technology and Design,na,Bachelor of Engineering (Engineering Product Development),1968,94.7,86.3,3773,3700,3826,3700,3500,4000,3826,3700,3500,4000
2018,Singapore University of Technology and Design,na,Bachelor of Engineering (Information Systems Technology and Design),1969,97.3,93.3,4448,4300,4544,4400,4000,5000,4544,4400,4000,5000
2018,Singapore University of Technology and Design,na,Bachelor of Engineering (Engineering Systems and Design),1970,90,90,3798,3800,3893,3800,3600,4000,3893,3800,3600,4000
2018,Singapore University of Technology and Design,na,Bachelor of Science (Architecture and Sustainable Design),1971,95.1,88.5,3848,3900,3945,4000,3600,4215,3945,4000,3600,4215
2019,Nanyang Technological University,College of Business (Nanyang Business School),Accountancy,1972,97.5,94,3220,3000,3254,3000,3000,3200,3254,3000,3000,3200
2019,Nanyang Technological University,College of Business (Nanyang Business School),Accountancy and Business,1973,97.9,95.2,4284,4000,4359,4000,3200,4600,4359,4000,3200,4600
2019,Nanyang Technological University,College of Business (Nanyang Business School),Business,1974,93.8,83.1,3707,3500,3797,3600,3200,4000,3797,3600,3200,4000
2019,Nanyang Technological University,College of Business (Nanyang Business School),Business and Computing ^,1975,94.4,83.3,4479,4833,4562,4833,3600,5000,4562,4833,3600,5000
2019,Nanyang Technological University,College of Engineering,Aerospace Engineering,1976,87.5,80.7,3816,3700,3939,3800,3500,4600,3939,3800,3500,4600
2019,Nanyang Technological University,College of Engineering,Aerospace Engineering and Economics **,1977,na,na,na,na,na,na,na,na,na,na,na,na
2019,Nanyang Technological University,College of Engineering,Bioengineering,1978,81.3,64.1,3445,3400,3548,3500,3200,3700,3548,3500,3200,3700
2019,Nanyang Technological University,College of Engineering,Business and Computer Engineering **,1979,na,na,na,na,na,na,na,na,na,na,na,na
2019,Nanyang Technological University,College of Engineering,Chemical and Biomolecular Engineering,1980,88.6,78.1,3681,3600,3921,3800,3500,4300,3921,3800,3500,4300
2019,Nanyang Technological University,College of Engineering,Chemical and Biomolecular Engineering and Economics **,1981,na,na,na,na,na,na,na,na,na,na,na,na
2019,Nanyang Technological University,College of Engineering,Civil Engineering,1982,94.9,90.6,3525,3400,3582,3500,3300,3900,3582,3500,3300,3900
2019,Nanyang Technological University,College of Engineering,Civil Engineering and Economics **,1983,na,na,na,na,na,na,na,na,na,na,na,na
2019,Nanyang Technological University,College of Engineering,Computer Engineering,1984,94.6,94.6,3994,4000,4074,4000,3600,4500,4074,4000,3600,4500
2019,Nanyang Technological University,College of Engineering,Computer Science,1985,97.4,95.9,4270,4050,4309,4200,3800,4900,4309,4200,3800,4900
2019,Nanyang Technological University,College of Engineering,Electrical and Electronic Engineering,1986,92.6,87.1,3769,3700,3884,3700,3500,4000,3884,3700,3500,4000
2019,Nanyang Technological University,College of Engineering,Environmental Engineering,1987,83.9,77.4,3574,3500,3596,3510,3400,3800,3596,3510,3400,3800
2019,Nanyang Technological University,College of Engineering,Environmental Engineering and Economics **,1988,na,na,na,na,na,na,na,na,na,na,na,na
2019,Nanyang Technological University,College of Engineering,Information Engineering and Media,1989,90.7,85.3,3934,3970,4006,4000,3600,4350,4006,4000,3600,4350
2019,Nanyang Technological University,College of Engineering,Maritime Studies,1990,98.3,93.2,3512,3400,3669,3500,3300,3700,3669,3500,3300,3700
2019,Nanyang Technological University,College of Engineering,Materials Engineering,1991,82,76,3601,3500,3817,3600,3300,4175,3817,3600,3300,4175
2019,Nanyang Technological University,College of Engineering,Materials Engineering and Economics **,1992,na,na,na,na,na,na,na,na,na,na,na,na
2019,Nanyang Technological University,College of Engineering,Mechanical Engineering,1993,84.5,82.1,3608,3500,3728,3600,3380,4005,3728,3600,3380,4005
2019,Nanyang Technological University,College of Engineering,Mechanical Engineering and Economics **,1994,na,na,na,na,na,na,na,na,na,na,na,na
2019,Nanyang Technological University,"College of Humanities, Arts & Social Sciences","Art, Design & Media",1995,83.6,50.9,3031,3000,3068,3000,2800,3500,3068,3000,2800,3500
2019,Nanyang Technological University,"College of Humanities, Arts & Social Sciences",Chinese,1996,90.1,79,3158,3150,3260,3210,2980,3500,3260,3210,2980,3500
2019,Nanyang Technological University,"College of Humanities, Arts & Social Sciences",Communication Studies,1997,90.4,69.4,3220,3200,3264,3200,2800,3500,3264,3200,2800,3500
2019,Nanyang Technological University,"College of Humanities, Arts & Social Sciences",Economics,1998,88.2,79.8,3385,3300,3453,3400,3050,3600,3453,3400,3050,3600
2019,Nanyang Technological University,"College of Humanities, Arts & Social Sciences",English,1999,83.8,64.9,2987,3000,2997,3000,2565,3500,2997,3000,2565,3500
2019,Nanyang Technological University,"College of Humanities, Arts & Social Sciences",History,2000,73,56.8,3449,3500,3498,3500,3200,3800,3498,3500,3200,3800
2019,Nanyang Technological University,"College of Humanities, Arts & Social Sciences",Linguistics And Multilingual Studies,2001,81.7,65,3265,3160,3365,3200,3000,3740,3365,3200,3000,3740
2019,Nanyang Technological University,"College of Humanities, Arts & Social Sciences",Philosophy ^,2002,82.6,69.6,3288,3300,3369,3500,3300,3584,3369,3500,3300,3584
2019,Nanyang Technological University,"College of Humanities, Arts & Social Sciences",Psychology,2003,89.2,73.1,3463,3350,3506,3400,3100,3800,3506,3400,3100,3800
2019,Nanyang Technological University,"College of Humanities, Arts & Social Sciences",Public Policy And Global Affairs,2004,90.2,87.8,3756,3691,3868,3850,3500,4345,3868,3850,3500,4345
2019,Nanyang Technological University,"College of Humanities, Arts & Social Sciences",Sociology,2005,86.9,70.5,3305,3200,3441,3300,3040,3600,3441,3300,3040,3600
2019,Nanyang Technological University,College of Sciences,Biological Sciences,2006,81.6,66.3,3315,3300,3450,3300,3100,3600,3450,3300,3100,3600
2019,Nanyang Technological University,College of Sciences,Biomedical Sciences & Chinese Medicine # ^,2007,95.2,85.7,2964,3000,2979,3000,2780,3200,2979,3000,2780,3200
2019,Nanyang Technological University,College of Sciences,Chemistry & Biological Chemistry,2008,80.9,66.2,3246,3200,3338,3400,3000,3600,3338,3400,3000,3600
2019,Nanyang Technological University,College of Sciences,Environmental Earth Systems Sciences ^,2009,87.5,79.2,3401,3500,3416,3500,3200,3500,3416,3500,3200,3500
2019,Nanyang Technological University,College of Sciences,Mathematical Sciences,2010,91.2,79.6,3741,3549,3848,3599,3215,4070,3848,3599,3215,4070
2019,Nanyang Technological University,College of Sciences,Mathematics & Economics,2011,93.5,84.8,3838,3570,3996,3700,3400,4167,3996,3700,3400,4167
2019,Nanyang Technological University,College of Sciences,Physics & Applied Physics,2012,90,78.6,3782,3500,3849,3500,3300,4200,3849,3500,3300,4200
2019,Nanyang Technological University,Sports Science and Management,Sports Science and Management,2013,87,55.6,3289,3200,3438,3350,3000,3660,3438,3350,3000,3660
2019,Nanyang Technological University,National Institute of Education (NIE),Arts (with Education),2014,100,100,3629,3800,3710,3800,3600,3806,3710,3800,3600,3806
2019,Nanyang Technological University,National Institute of Education (NIE),Science (with Education),2015,100,100,3719,3800,3758,3800,3660,3840,3758,3800,3660,3840
2019,Nanyang Technological University,Lee Kong Chian School of Medicine,Medicine #,2016,100,100,4932,4700,5661,5700,5200,6092,5661,5700,5200,6092
2019,National University of Singapore,Faculty of Arts & Social Sciences,Bachelor of Arts,2017,84.9,64.5,3225,3000,3456,3200,2800,3700,3456,3200,2800,3700
2019,National University of Singapore,Faculty of Arts & Social Sciences,Bachelor of Arts (Hons),2018,92.7,68.2,3421,3500,3537,3500,3250,3800,3537,3500,3250,3800
2019,National University of Singapore,Faculty of Arts & Social Sciences,Bachelor of Social Sciences,2019,88,75.9,3590,3500,3674,3500,3212,3850,3674,3500,3212,3850
2019,National University of Singapore,Faculty of Dentistry,Bachelor of Dental Surgery,2020,100,97.3,4057,4200,4068,4200,4000,4500,4068,4200,4000,4500
2019,National University of Singapore,Faculty of Engineering,Bachelor of Engineering (Biomedical Engineering),2021,80.4,68.6,3480,3500,3535,3500,3200,3800,3535,3500,3200,3800
2019,National University of Singapore,Faculty of Engineering,Bachelor of Engineering (Chemical Engineering),2022,92.4,86.7,3802,3700,3959,3950,3500,4300,3959,3950,3500,4300
2019,National University of Singapore,Faculty of Engineering,Bachelor of Engineering (Civil Engineering),2023,95,93,3685,3500,3746,3600,3400,4025,3746,3600,3400,4025
2019,National University of Singapore,Faculty of Engineering,Bachelor of Engineering (Electrical Engineering),2024,89.6,85.2,3957,3800,4101,4000,3600,4600,4101,4000,3600,4600
2019,National University of Singapore,Faculty of Engineering,Bachelor of Engineering (Engineering Science) ^,2025,84.6,84.6,4115,3500,4285,3750,3400,5200,4285,3750,3400,5200
2019,National University of Singapore,Faculty of Engineering,Bachelor of Engineering (Environmental Engineering),2026,89.5,80.7,3473,3400,3569,3400,3200,3900,3569,3400,3200,3900
2019,National University of Singapore,Faculty of Engineering,Bachelor of Engineering (Industrial and Systems Engineering),2027,97.6,96.5,4303,3850,4451,4000,3500,4600,4451,4000,3500,4600
2019,National University of Singapore,Faculty of Engineering,Bachelor of Engineering (Materials Science and Engineering),2028,78.6,76.2,3796,3700,4086,4000,3700,4600,4086,4000,3700,4600
2019,National University of Singapore,Faculty of Engineering,Bachelor of Engineering (Mechanical Engineering),2029,88.6,86.7,3745,3500,3847,3700,3400,4300,3847,3700,3400,4300
2019,National University of Singapore,Faculty of Law,Bachelor of Laws #,2030,95.7,93,5068,5000,5160,5400,4500,5800,5160,5400,4500,5800
2019,National University of Singapore,Faculty of Science,Bachelor of Science,2031,84,59.3,3181,3000,3320,3100,2900,3600,3320,3100,2900,3600
2019,National University of Singapore,Faculty of Science,Bachelor of Science (Hons) ^,2032,88.5,72.3,3510,3355,3605,3500,3100,3800,3605,3500,3100,3800
2019,National University of Singapore,Faculty of Science,Bachelor of Science (Computational Biology) **,2033,na,na,na,na,na,na,na,na,na,na,na,na
2019,National University of Singapore,Faculty of Science,Bachelor of Science (Pharmacy) #,2034,100,95.5,3648,3600,3840,3750,3500,4000,3840,3750,3500,4000
2019,National University of Singapore,NUS Business School,Bachelor of Business Administration,2035,100,82.6,4799,4000,4925,4000,3400,5500,4925,4000,3400,5500
2019,National University of Singapore,NUS Business School,Bachelor of Business Administration (Hons),2036,95.5,91,4451,4000,4593,4150,3500,5000,4593,4150,3500,5000
2019,National University of Singapore,NUS Business School,Bachelor of Business Administration (Accountancy) ^,2037,93.8,93.8,3897,3000,4005,3000,3000,3800,4005,3000,3000,3800
2019,National University of Singapore,NUS Business School,Bachelor of Business Administration (Accountancy) (Hons),2038,97.8,97.8,4008,3500,4093,3600,3000,4500,4093,3600,3000,4500
2019,National University of Singapore,School of Computing,Bachelor of Computing (Computer Science),2039,92.8,90.6,5477,5000,5571,5000,4205,5585,5571,5000,4205,5585
2019,National University of Singapore,School of Computing,Bachelor of Computing (Electronic Commerce) **,2040,na,na,na,na,na,na,na,na,na,na,na,na
2019,National University of Singapore,School of Computing,Bachelor of Computing (Information Security) **,2041,na,na,na,na,na,na,na,na,na,na,na,na
2019,National University of Singapore,School of Computing,Bachelor of Computing (Information Systems),2042,95.9,95.9,4210,4000,4330,4228,4000,4685,4330,4228,4000,4685
2019,National University of Singapore,School of Computing,Bachelor of Science (Business Analytics),2043,100,100,4811,5000,4881,5000,4050,5200,4881,5000,4050,5200
2019,National University of Singapore,School of Design & Environment,Bachelor of Arts (Architecture) #,2044,100,96,4156,4010,4199,4100,3800,4500,4199,4100,3800,4500
2019,National University of Singapore,School of Design & Environment,Bachelor of Arts (Industrial Design) ^,2045,86.2,48.3,3142,3200,3245,3300,3000,3500,3245,3300,3000,3500
2019,National University of Singapore,School of Design & Environment,Bachelor of Science (Project and Facilities Management),2046,88.3,80.6,3189,3100,3243,3155,3000,3480,3243,3155,3000,3480
2019,National University of Singapore,School of Design & Environment,Bachelor of Science (Real Estate),2047,95.3,89.6,3431,3400,3494,3400,3100,3650,3494,3400,3100,3650
2019,National University of Singapore,Yong Loo Lin School (Medicine),Bachelor of Medicine and Bachelor of Surgery #,2048,99.5,99.5,4607,4600,5218,5237,4950,5657,5218,5237,4950,5657
2019,National University of Singapore,Yong Loo Lin School (Medicine),Bachelor of Science (Nursing),2049,93.5,89.1,3123,3250,3314,3358,3200,3450,3314,3358,3200,3450
2019,National University of Singapore,Yong Loo Lin School (Medicine),Bachelor of Science (Nursing) (Hons),2050,98.8,97.5,3389,3450,3612,3650,3515,3750,3612,3650,3515,3750
2019,National University of Singapore,YST Conservatory of Music,Bachelor of Music,2051,82.6,39.1,3531,3500,3575,3500,2875,3900,3575,3500,2875,3900
2019,National University of Singapore,Yale-NUS College,Bachelor of Arts with Honours,2052,96,77,4066,3600,4197,3684,3400,4567,4197,3684,3400,4567
2019,National University of Singapore,Yale-NUS College,Bachelor of Science with Honours ^,2053,94.7,89.5,6962,5000,7139,5000,4150,9967,7139,5000,4150,9967
2019,National University of Singapore,Multi-Disciplinary Programmes,Bachelor of Engineering (Computer Engineering),2054,92.9,91.7,4653,4000,4732,4000,3750,4900,4732,4000,3750,4900
2019,National University of Singapore,Multi-Disciplinary Programmes,Bachelor of Environmental Studies,2055,88.4,67.4,3329,3300,3332,3325,3000,3600,3332,3325,3000,3600
2019,Singapore Institute of Technology,DigiPen Institute of Technology,Bachelor of Arts in Game Design ^,2056,83.3,79.2,3122,3120,3167,3220,3000,3500,3167,3220,3000,3500
2019,Singapore Institute of Technology,DigiPen Institute of Technology,Bachelor of Fine Arts in Digital Art and Animation,2057,81.3,50,3036,3150,3051,3150,2750,3275,3051,3150,2750,3275
2019,Singapore Institute of Technology,DigiPen Institute of Technology,Bachelor of Science in Computer Science and Game Design ^,2058,91.3,87,3760,3800,3791,3800,3550,4000,3791,3800,3550,4000
2019,Singapore Institute of Technology,DigiPen Institute of Technology,Bachelor of Science in Computer Science in Real-Time Interactive Simulation,2059,100,94.9,4447,4400,4474,4400,4000,5200,4474,4400,4000,5200
2019,Singapore Institute of Technology,Singapore Institute of Technology (SIT),Bachelor of Accountancy with Honours,2060,93.7,89.2,3181,3100,3239,3100,3000,3250,3239,3100,3000,3250
2019,Singapore Institute of Technology,Singapore Institute of Technology (SIT),Bachelor of Engineering with Honours in Information & Communications Technology (Information Security),2061,97.5,95,4171,4000,4319,4100,3900,5000,4319,4100,3900,5000
2019,Singapore Institute of Technology,Singapore Institute of Technology (SIT),Bachelor of Engineering with Honours in Information & Communications Technology (Software Engineering),2062,100,97.4,4090,4034,4188,4190,3600,4550,4188,4190,3600,4550
2019,Singapore Institute of Technology,Singapore Institute of Technology (SIT),Bachelor of Engineering with Honours in Pharmaceutical Engineering,2063,92.2,90.6,3237,3162,3748,3660,3500,4044,3748,3660,3500,4044
2019,Singapore Institute of Technology,Singapore Institute of Technology (SIT),Bachelor of Engineering with Honours in Sustainable Infrastructure Engineering (Building Services),2064,92.5,92.5,3433,3360,3484,3500,3200,3700,3484,3500,3200,3700
2019,Singapore Institute of Technology,Singapore Institute of Technology (SIT),Bachelor of Engineering with Honours in Sustainable Infrastructure Engineering (Land),2065,93.8,90.6,3856,3800,3976,3842,3700,4210,3976,3842,3700,4210
2019,Singapore Institute of Technology,Singapore Institute of Technology (SIT),Bachelor of Engineering with Honours in Telematics (Intelligent Transportation Systems Engineering),2066,100,97,3777,3750,3811,3750,3500,4000,3811,3750,3500,4000
2019,Singapore Institute of Technology,Singapore Institute of Technology (SIT),Bachelor of Hospitality Business with Honours,2067,89.1,74.6,2972,2800,3102,3000,2800,3270,3102,3000,2800,3270
2019,Singapore Institute of Technology,SIT-DigiPen Institute of Technology,Bachelor of Engineering in Systems Engineering (ElectroMechanical Systems) ^,2068,95.2,90.5,3931,3921,4024,3975,3500,4470,4024,3975,3500,4470
2019,Singapore Institute of Technology,SIT-Massey University,Bachelor of Food Technology with Honours,2069,93,88.4,2962,2975,2978,2975,2750,3250,2978,2975,2750,3250
2019,Singapore Institute of Technology,SIT-Newcastle University,Bachelor of Engineering with Honours in Chemical Engineering,2070,82.2,73.3,3217,3200,3463,3500,3200,3600,3463,3500,3200,3600
2019,Singapore Institute of Technology,SIT-Newcastle University,Bachelor of Engineering with Honours in Electrical Power Engineering ^,2071,91.3,82.6,3489,3400,3542,3500,3250,3600,3542,3500,3250,3600
2019,Singapore Institute of Technology,SIT-Newcastle University,Bachelor of Engineering with Honours in Marine Engineering ^,2072,100,100,3318,3300,3393,3300,3200,3521,3393,3300,3200,3521
2019,Singapore Institute of Technology,SIT-Newcastle University,Bachelor of Engineering with Honours in Mechanical Design and Manufacturing Engineering ^,2073,80,66.7,3227,3100,3269,3100,3050,3500,3269,3100,3050,3500
2019,Singapore Institute of Technology,SIT-Newcastle University,Bachelor of Engineering with Honours in Naval Architecture **,2074,na,na,na,na,na,na,na,na,na,na,na,na
2019,Singapore Institute of Technology,SIT-Newcastle University,Bachelor of Engineering with Honours in Offshore Engineering **,2075,na,na,na,na,na,na,na,na,na,na,na,na
2019,Singapore Institute of Technology,SIT-Trinity College Dublin / Trinity College Dublin,Bachelor in Science (Diagnostic Radiography) **,2076,na,na,na,na,na,na,na,na,na,na,na,na
2019,Singapore Institute of Technology,SIT-Trinity College Dublin / Trinity College Dublin,Bachelor in Science (Occupational Therapy),2077,100,100,3429,3400,3466,3425,3308,3650,3466,3425,3308,3650
2019,Singapore Institute of Technology,SIT-Trinity College Dublin / Trinity College Dublin,Bachelor in Science (Physiotherapy),2078,98.3,98.3,3479,3400,3498,3400,3400,3620,3498,3400,3400,3620
2019,Singapore Institute of Technology,SIT-Trinity College Dublin / Trinity College Dublin,Bachelor in Science (Radiation Therapy) **,2079,na,na,na,na,na,na,na,na,na,na,na,na
2019,Singapore Institute of Technology,SIT-University of Glasgow,Bachelor of Science with Honours in Nursing,2080,100,95.8,3522,3500,3772,3800,3450,4085,3772,3800,3450,4085
2019,Singapore Institute of Technology,Technische Universität München,Bachelor of Science in Chemical Engineering,2081,81.8,77.3,3213,3100,3471,3300,3110,3600,3471,3300,3110,3600
2019,Singapore Institute of Technology,Technische Universität München,Bachelor of Science in Electrical Engineering & Information Technology **,2082,na,na,na,na,na,na,na,na,na,na,na,na
2019,Singapore Institute of Technology,The Culinary Institute of America,Bachelor of Business Administration in Food Business Management ^,2083,81,61.9,2532,2350,2852,2625,2200,3350,2852,2625,2200,3350
2019,Singapore Institute of Technology,The Glasgow School of Art,Bachelor of Arts with Honours in Communication Design,2084,78.7,55.3,2724,2800,2832,2800,2450,3000,2832,2800,2450,3000
2019,Singapore Institute of Technology,The Glasgow School of Art,Bachelor of Arts with Honours in Interior Design,2085,87.1,80.6,2692,2700,2760,2700,2400,3000,2760,2700,2400,3000
2019,Singapore Institute of Technology,University of Glasgow,Bachelor of Engineering with Honours in Aeronautical Engineering,2086,77.1,64.6,3500,3500,3597,3500,3200,4000,3597,3500,3200,4000
2019,Singapore Institute of Technology,University of Glasgow,Bachelor of Engineering with Honours in Aerospace Systems,2087,82.4,67.6,3863,3550,3993,3700,3400,4600,3993,3700,3400,4600
2019,Singapore Institute of Technology,University of Glasgow,Bachelor of Engineering with Honours in Mechanical Design Engineering,2088,97,93.9,3569,3500,3722,3500,3300,3800,3722,3500,3300,3800
2019,Singapore Institute of Technology,University of Glasgow,Bachelor of Engineering with Honours in Mechatronics,2089,93.2,83.1,3764,3600,3793,3600,3300,4000,3793,3600,3300,4000
2019,Singapore Institute of Technology,University of Glasgow,Bachelor of Science with Honours in Computing Science,2090,92.3,89.2,4294,4000,4366,4200,3700,5100,4366,4200,3700,5100
2019,Singapore Institute of Technology,University of Liverpool,Bachelor of Arts with Honours in Criminology and Security,2091,80.2,70.4,3647,3526,3823,3695,3400,4050,3823,3695,3400,4050
2019,Singapore Management University,School of Accountancy (4-year programme) *,Accountancy,2092,96.4,93.7,3753,3000,3802,3050,3000,4000,3802,3050,3000,4000
2019,Singapore Management University,School of Accountancy (4-year programme) *,Accountancy (Cum Laude and above),2093,97.9,97.9,4364,3500,4431,3600,3000,5000,4431,3600,3000,5000
2019,Singapore Management University,School of Business (4-year programme) *,Business Management,2094,91,84.8,4056,3600,4181,3750,3300,4600,4181,3750,3300,4600
2019,Singapore Management University,School of Business (4-year programme) *,Business Management (Cum Laude and above),2095,93,90.4,4504,4000,4614,4167,3600,5120,4614,4167,3600,5120
2019,Singapore Management University,School of Economics (4-year programme) *,Economics,2096,87.1,81.3,4042,3800,4159,3900,3500,4500,4159,3900,3500,4500
2019,Singapore Management University,School of Economics (4-year programme) *,Economics (Cum Laude and above),2097,94.2,89.9,4401,4000,4520,4038,3600,4600,4520,4038,3600,4600
2019,Singapore Management University,School of Information Systems (4-year programme) *,Information Systems,2098,95.1,90.2,4413,4166,4549,4300,4000,5000,4549,4300,4000,5000
2019,Singapore Management University,School of Information Systems (4-year programme) *,Information Systems (Cum Laude and above),2099,98,96,5029,5000,5212,5000,4300,5550,5212,5000,4300,5550
2019,Singapore Management University,School of Social Sciences (4-year programme) *,Social Sciences,2100,92.2,82.8,3523,3400,3629,3500,3065,4000,3629,3500,3065,4000
2019,Singapore Management University,School of Social Sciences (4-year programme) *,Social Sciences (Cum Laude and above),2101,92.7,90.2,3599,3500,3742,3500,3100,4070,3742,3500,3100,4070
2019,Singapore Management University,School of Law (4-year programme) *,Law #,2102,99.1,98.2,4942,4600,5064,4900,4200,5800,5064,4900,4200,5800
2019,Singapore Management University,School of Law (4-year programme) *,Law (Cum Laude and above) #,2103,98.6,97.1,5136,5000,5324,5550,4500,6000,5324,5550,4500,6000
2019,Singapore University of Social Sciences,S R Nathan School of Human Development,Bachelor of Human Resource Management,2104,87.1,74.2,2942,3000,2975,3000,2800,3300,2975,3000,2800,3300
2019,Singapore University of Social Sciences,School of Business,Bachelor of Accountancy,2105,91.1,83.3,2880,3000,2900,3000,2750,3000,2900,3000,2750,3000
2019,Singapore University of Social Sciences,School of Business,Bachelor of Science in Finance,2106,88.6,88.6,3708,3400,3722,3450,3085,3750,3722,3450,3085,3750
2019,Singapore University of Social Sciences,School of Business,Bachelor of Science in Marketing,2107,88.3,70,2993,3000,3169,3000,2800,3400,3169,3000,2800,3400
2019,Singapore University of Technology and Design,na,Bachelor of Engineering (Engineering Product Development),2108,84.2,80.2,3991,3900,4042,4000,3660,4500,4042,4000,3660,4500
2019,Singapore University of Technology and Design,na,Bachelor of Engineering (Information Systems Technology and Design),2109,88.8,85.7,4599,4400,4636,4400,3800,5000,4636,4400,3800,5000
2019,Singapore University of Technology and Design,na,Bachelor of Engineering (Engineering Systems and Design),2110,89.9,87.3,3944,3800,4082,4000,3500,4400,4082,4000,3500,4400
2019,Singapore University of Technology and Design,na,Bachelor of Science (Architecture and Sustainable Design),2111,100,91.8,3923,3897,3985,3900,3600,4100,3985,3900,3600,4100
2020,Nanyang Technological University,College of Business (Nanyang Business School),Accountancy,2112,96,88.7,3213,3000,3228,3000,3000,3100,3228,3000,3000,3100
2020,Nanyang Technological University,College of Business (Nanyang Business School),Accountancy and Business,2113,97.6,91.3,4615,4327,4704,4405,3500,5000,4704,4405,3500,5000
2020,Nanyang Technological University,College of Business (Nanyang Business School),Business,2114,95.2,66.8,3973,3750,4113,3800,3300,4429,4113,3800,3300,4429
2020,Nanyang Technological University,College of Business (Nanyang Business School),Double Degree in Business and Computer Engineering/Computing,2115,97.4,97.4,5216,5200,5537,5400,5000,5750,5537,5400,5000,5750
2020,Nanyang Technological University,College of Engineering,Aerospace Engineering,2116,91.2,75.8,4110,3980,4284,4000,3800,4945,4284,4000,3800,4945
2020,Nanyang Technological University,College of Engineering,Bioengineering,2117,89.1,43.6,3428,3400,3473,3450,3200,3800,3473,3450,3200,3800
2020,Nanyang Technological University,College of Engineering,Chemical and Biomolecular Engineering,2118,95,83,3732,3600,3948,3900,3500,4300,3948,3900,3500,4300
2020,Nanyang Technological University,College of Engineering,Civil Engineering,2119,95.7,87,3458,3400,3495,3500,3200,3800,3495,3500,3200,3800
2020,Nanyang Technological University,College of Engineering,Computer Engineering,2120,97.2,94.4,4069,4100,4136,4100,3627,4845,4136,4100,3627,4845
2020,Nanyang Technological University,College of Engineering,Computer Science,2121,92.2,86.1,4508,4250,4558,4300,3880,5000,4558,4300,3880,5000
2020,Nanyang Technological University,College of Engineering,Double Degree in Engineering and Economics ^,2122,100,94.1,4459,4450,4516,4450,3825,5050,4516,4450,3825,5050
2020,Nanyang Technological University,College of Engineering,Electrical and Electronic Engineering,2123,94.5,75.1,3925,3800,4004,3880,3500,4370,4004,3880,3500,4370
2020,Nanyang Technological University,College of Engineering,Environmental Engineering,2124,90.2,58.5,3364,3375,3444,3450,3200,3800,3444,3450,3200,3800
2020,Nanyang Technological University,College of Engineering,Information Engineering and Media,2125,96,70,4085,4000,4208,4000,3500,4500,4208,4000,3500,4500
2020,Nanyang Technological University,College of Engineering,Maritime Studies,2126,90.8,78.5,3608,3500,3646,3500,3300,3875,3646,3500,3300,3875
2020,Nanyang Technological University,College of Engineering,Materials Engineering,2127,91.5,69,3613,3600,3755,3700,3500,4000,3755,3700,3500,4000
2020,Nanyang Technological University,College of Engineering,Mechanical Engineering,2128,91.7,67.5,3861,3700,3977,3850,3500,4432,3977,3850,3500,4432
2020,Nanyang Technological University,"College of Humanities, Arts & Social Sciences","Art, Design and Media",2129,90.4,35.7,2858,2800,2925,2800,2500,3300,2925,2800,2500,3300
2020,Nanyang Technological University,"College of Humanities, Arts & Social Sciences",Chinese,2130,83.8,63.5,3251,3350,3310,3500,3000,3500,3310,3500,3000,3500
2020,Nanyang Technological University,"College of Humanities, Arts & Social Sciences",Communication Studies,2131,94.9,66.7,3378,3300,3440,3340,3000,3800,3440,3340,3000,3800
2020,Nanyang Technological University,"College of Humanities, Arts & Social Sciences",Economics,2132,91.8,63.5,3756,3700,3926,3797,3400,4050,3926,3797,3400,4050
2020,Nanyang Technological University,"College of Humanities, Arts & Social Sciences",English,2133,90.9,43.2,3507,3450,3561,3450,3128,3900,3561,3450,3128,3900
2020,Nanyang Technological University,"College of Humanities, Arts & Social Sciences",History,2134,87.2,44.7,3558,3575,3644,3650,3250,4025,3644,3650,3250,4025
2020,Nanyang Technological University,"College of Humanities, Arts & Social Sciences",Inter-Disciplinary Double Major ^,2135,95.8,50,3608,3300,3797,3854,3200,4500,3797,3854,3200,4500
2020,Nanyang Technological University,"College of Humanities, Arts & Social Sciences",Linguistics and Multilingual Studies,2136,96.6,63.8,3371,3300,3472,3350,3000,3900,3472,3350,3000,3900
2020,Nanyang Technological University,"College of Humanities, Arts & Social Sciences",Philosophy,2137,96.3,70.4,3417,3300,3580,3650,3300,3850,3580,3650,3300,3850
2020,Nanyang Technological University,"College of Humanities, Arts & Social Sciences",Psychology,2138,83.8,53.5,3315,3200,3433,3300,3100,3650,3433,3300,3100,3650
2020,Nanyang Technological University,"College of Humanities, Arts & Social Sciences",Public Policy and Global Affairs,2139,92.5,67.5,3989,3710,4043,3800,3500,4583,4043,3800,3500,4583
2020,Nanyang Technological University,"College of Humanities, Arts & Social Sciences",Sociology,2140,95.4,66.2,3529,3500,3598,3600,3300,3800,3598,3600,3300,3800
2020,Nanyang Technological University,College of Science,Biological Sciences,2141,88.9,56.7,3319,3300,3401,3325,3200,3650,3401,3325,3200,3650
2020,Nanyang Technological University,College of Science,Biomedical Sciences and Chinese Medicine # ^,2142,94.7,84.2,2950,3000,2969,3000,2800,3150,2969,3000,2800,3150
2020,Nanyang Technological University,College of Science,Chemistry and Biological Chemistry,2143,91.9,45.6,3230,3200,3345,3245,3000,3635,3345,3245,3000,3635
2020,Nanyang Technological University,College of Science,Environmental Earth Systems Sciences ^,2144,95.5,63.6,3637,3550,3657,3550,3400,3764,3657,3550,3400,3764
2020,Nanyang Technological University,College of Science,Mathematical Sciences,2145,92.4,68.9,3746,3600,3823,3656,3300,4250,3823,3656,3300,4250
2020,Nanyang Technological University,College of Science,Mathematics and Economics,2146,87.1,55.7,3849,3832,3949,3832,3500,4300,3949,3832,3500,4300
2020,Nanyang Technological University,College of Science,Physics and Applied Physics,2147,92.6,48.5,3643,3600,3719,3700,3500,3850,3719,3700,3500,3850
2020,Nanyang Technological University,Sports Science and Management,Sports Science and Management,2148,91.5,52.5,3494,3240,3661,3300,3000,4200,3661,3300,3000,4200
2020,Nanyang Technological University,National Institute of Education (NIE),Arts (with Education),2149,100,98.4,3582,3798,3682,3799,3600,3806,3682,3799,3600,3806
2020,Nanyang Technological University,National Institute of Education (NIE),Science (with Education),2150,100,100,3660,3799,3744,3800,3700,4000,3744,3800,3700,4000
2020,Nanyang Technological University,Lee Kong Chian School of Medicine,Medicine #,2151,100,100,4775,4700,5387,5250,5000,5900,5387,5250,5000,5900
2020,National University of Singapore,Faculty of Arts & Social Sciences,Bachelor of Arts,2152,90.4,39.8,3639,3100,3868,3300,2700,3600,3868,3300,2700,3600
2020,National University of Singapore,Faculty of Arts & Social Sciences,Bachelor of Arts (Hons),2153,93.1,54.2,3529,3500,3586,3500,3300,3854,3586,3500,3300,3854
2020,National University of Singapore,Faculty of Arts & Social Sciences,Bachelor of Social Sciences,2154,93.5,65.3,3597,3500,3666,3500,3345,3875,3666,3500,3345,3875
2020,National University of Singapore,Faculty of Dentistry,Bachelor of Dental Surgery,2155,100,100,4202,4200,4280,4200,4200,4600,4280,4200,4200,4600
2020,National University of Singapore,Faculty of Engineering,Bachelor of Engineering (Biomedical Engineering),2156,95.8,53.1,3500,3500,3577,3500,3300,3740,3577,3500,3300,3740
2020,National University of Singapore,Faculty of Engineering,Bachelor of Engineering (Chemical Engineering),2157,97,78.2,3955,4000,4155,4000,3700,4500,4155,4000,3700,4500
2020,National University of Singapore,Faculty of Engineering,Bachelor of Engineering (Civil Engineering),2158,95.5,86.5,3661,3500,3739,3590,3500,4050,3739,3590,3500,4050
2020,National University of Singapore,Faculty of Engineering,Bachelor of Engineering (Electrical Engineering),2159,91,75.4,4256,4000,4370,4200,3800,5000,4370,4200,3800,5000
2020,National University of Singapore,Faculty of Engineering,Bachelor of Engineering (Engineering Science) ^,2160,91.3,73.9,4499,4000,4584,4000,3765,5000,4584,4000,3765,5000
2020,National University of Singapore,Faculty of Engineering,Bachelor of Engineering (Environmental Engineering),2161,100,63.2,3473,3500,3572,3500,3250,3875,3572,3500,3250,3875
2020,National University of Singapore,Faculty of Engineering,Bachelor of Engineering (Industrial and Systems Engineering),2162,97.2,93,4236,4010,4337,4380,3700,4800,4337,4380,3700,4800
2020,National University of Singapore,Faculty of Engineering,Bachelor of Engineering (Materials Science and Engineering),2163,90.3,66.1,3795,3700,3922,3900,3600,4200,3922,3900,3600,4200
2020,National University of Singapore,Faculty of Engineering,Bachelor of Engineering (Mechanical Engineering),2164,94.2,69.6,3832,3700,3946,3800,3500,4200,3946,3800,3500,4200
2020,National University of Singapore,Faculty of Law,Bachelor of Laws #,2165,91.8,86.8,4848,4640,5009,5000,4400,5600,5009,5000,4400,5600
2020,National University of Singapore,Faculty of Science,Bachelor of Science,2166,86,42.1,3195,3000,3297,3100,3000,3650,3297,3100,3000,3650
2020,National University of Singapore,Faculty of Science,Bachelor of Science (Hons),2167,93.1,57.4,3636,3500,3723,3528,3300,4000,3723,3528,3300,4000
2020,National University of Singapore,Faculty of Science,Bachelor of Science (Computational Biology) ^,2168,80,40,4563,4525,4625,4650,4250,5000,4625,4650,4250,5000
2020,National University of Singapore,Faculty of Science,Bachelor of Science (Pharmacy) #,2169,99.3,93.7,3590,3600,3751,3700,3500,3950,3751,3700,3500,3950
2020,National University of Singapore,Faculty of Science,Bachelor of Science (Data Science and Analytics) ^,2170,100,78.3,4417,4125,4456,4125,3900,4900,4456,4125,3900,4900
2020,National University of Singapore,NUS Business School,Bachelor of Business Administration ^,2171,96.3,66.7,4910,4000,5043,4150,3300,6100,5043,4150,3300,6100
2020,National University of Singapore,NUS Business School,Bachelor of Business Administration (Hons),2172,94.9,80.7,4459,4000,4579,4000,3600,5000,4579,4000,3600,5000
2020,National University of Singapore,NUS Business School,Bachelor of Business Administration (Accountancy) ^,2173,90.9,63.6,4443,3500,4443,3500,2800,5500,4443,3500,2800,5500
2020,National University of Singapore,NUS Business School,Bachelor of Business Administration (Accountancy) (Hons),2174,96.8,92.1,3951,3400,4050,3500,3000,4425,4050,3500,3000,4425
2020,National University of Singapore,School of Computing,Bachelor of Computing (Computer Science),2175,97.1,92.6,5576,5100,5735,5243,4400,6316,5735,5243,4400,6316
2020,National University of Singapore,School of Computing,Bachelor of Computing (Information Security) ^,2176,90.9,90.9,4620,4650,4746,5000,4200,5300,4746,5000,4200,5300
2020,National University of Singapore,School of Computing,Bachelor of Computing (Information Systems),2177,98.6,93.1,4591,4495,4764,4500,4000,5400,4764,4500,4000,5400
2020,National University of Singapore,School of Computing,Bachelor of Science (Business Analytics),2178,98,84.3,4985,5000,5094,5000,4480,5800,5094,5000,4480,5800
2020,National University of Singapore,School of Design & Environment,Bachelor of Arts (Architecture),2179,94,91,3984,4000,4058,4000,3650,4300,4058,4000,3650,4300
2020,National University of Singapore,School of Design & Environment,Bachelor of Arts (Industrial Design) ^,2180,90.3,22.6,3417,3500,3417,3500,3000,3500,3417,3500,3000,3500
2020,National University of Singapore,School of Design & Environment,Bachelor of Science (Project and Facilities Management),2181,92.2,66.7,3338,3200,3400,3200,3000,3500,3400,3200,3000,3500
2020,National University of Singapore,School of Design & Environment,Bachelor of Science (Real Estate),2182,95.1,68.6,3609,3600,3682,3630,3200,4000,3682,3630,3200,4000
2020,National University of Singapore,Yong Loo Lin School (Medicine),Bachelor of Medicine and Bachelor of Surgery #,2183,100,100,4688,4700,5306,5250,5000,5800,5306,5250,5000,5800
2020,National University of Singapore,Yong Loo Lin School (Medicine),Bachelor of Science (Nursing),2184,97.4,92.2,3269,3250,3489,3500,3250,3680,3489,3500,3250,3680
2020,National University of Singapore,Yong Loo Lin School (Medicine),Bachelor of Science (Nursing) (Hons),2185,98.5,97,3371,3400,3616,3600,3500,3750,3616,3600,3500,3750
2020,National University of Singapore,YST Conservatory of Music,Bachelor of Music,2186,69.2,15.4,3163,3125,3238,3275,3125,3350,3238,3275,3125,3350
2020,National University of Singapore,Yale-NUS College,Bachelor of Science with Honours ^,2187,92.6,77.8,5615,5350,5798,5350,4225,6485,5798,5350,4225,6485
2020,National University of Singapore,Multi-Disciplinary Programmes,Bachelor of Engineering (Computer Engineering),2188,93.7,81.1,4904,5000,4977,5000,4080,5500,4977,5000,4080,5500
2020,National University of Singapore,Multi-Disciplinary Programmes,Bachelor of Environmental Studies,2189,92.9,47.6,3251,3250,3409,3250,3010,3750,3409,3250,3010,3750
2020,Singapore Institute of Technology,DigiPen Institute of Technology,Bachelor of Arts in Game Design ^,2190,100,78.6,3486,3500,3575,3500,3100,3600,3575,3500,3100,3600
2020,Singapore Institute of Technology,DigiPen Institute of Technology,Bachelor of Fine Arts in Digital Art and Animation,2191,97.1,70.6,2845,2835,2862,2887,2675,3000,2862,2887,2675,3000
2020,Singapore Institute of Technology,DigiPen Institute of Technology,Bachelor of Science in Computer Science and Game Design,2192,97.7,81.8,3960,4000,3974,4000,3500,4200,3974,4000,3500,4200
2020,Singapore Institute of Technology,DigiPen Institute of Technology,Bachelor of Science in Computer Science in Real-Time Interactive Simulation,2193,97.6,90.5,4390,4200,4399,4200,3880,4500,4399,4200,3880,4500
2020,Singapore Institute of Technology,Singapore Institute of Technology (SIT),Bachelor of Accountancy with Honours,2194,97.4,69.8,3107,3000,3120,3000,3000,3200,3120,3000,3000,3200
2020,Singapore Institute of Technology,Singapore Institute of Technology (SIT),Bachelor of Engineering with Honours in Information & Communications Technology (Information Security),2195,100,95.9,4023,4000,4237,4300,3600,4630,4237,4300,3600,4630
2020,Singapore Institute of Technology,Singapore Institute of Technology (SIT),Bachelor of Engineering with Honours in Information & Communications Technology (Software Engineering),2196,96.2,83,4275,4000,4366,4000,3600,4750,4366,4000,3600,4750
2020,Singapore Institute of Technology,Singapore Institute of Technology (SIT),Bachelor of Engineering with Honours in Pharmaceutical Engineering,2197,94.2,73.9,3329,3375,3749,3740,3400,4000,3749,3740,3400,4000
2020,Singapore Institute of Technology,Singapore Institute of Technology (SIT),Bachelor of Engineering with Honours in Sustainable Infrastructure Engineering (Building Services),2198,98.1,84.6,3585,3500,3702,3500,3375,3800,3702,3500,3375,3800
2020,Singapore Institute of Technology,Singapore Institute of Technology (SIT),Bachelor of Engineering with Honours in Sustainable Infrastructure Engineering (Land),2199,97.1,77.1,3823,3925,4203,4105,3650,4370,4203,4105,3650,4370
2020,Singapore Institute of Technology,Singapore Institute of Technology (SIT),Bachelor of Engineering with Honours in Telematics (Intelligent Transportation Systems Engineering),2200,92.9,55.4,4083,4200,4135,4200,3380,4800,4135,4200,3380,4800
2020,Singapore Institute of Technology,Singapore Institute of Technology (SIT),Bachelor of Hospitality Business with Honours,2201,89.9,47.9,3041,3000,3148,3000,2800,3400,3148,3000,2800,3400
2020,Singapore Institute of Technology,SIT- DigiPen Institute of Technology,Bachelor of Engineering with Honours in Systems Engineering (ElectroMechanical Systems),2202,95.7,82.6,4044,4090,4114,4185,3750,4250,4114,4185,3750,4250
2020,Singapore Institute of Technology,SIT- Massey University,Bachelor of Food Technology with Honours,2203,95.2,52.4,3060,3000,3084,3000,2770,3400,3084,3000,2770,3400
2020,Singapore Institute of Technology,SIT- Newcastle University,Bachelor of Engineering with Honours in Chemical Engineering,2204,95.7,47.8,3095,3000,3242,3200,3000,3500,3242,3200,3000,3500
2020,Singapore Institute of Technology,SIT- Newcastle University,Bachelor of Engineering with Honours in Electrical Power Engineering,2205,97.9,68.8,3501,3500,3603,3500,3400,3850,3603,3500,3400,3850
2020,Singapore Institute of Technology,SIT- Newcastle University,Bachelor of Engineering with Honours in Marine Engineering ^,2206,100,79.2,3774,3650,3821,3750,3300,4370,3821,3750,3300,4370
2020,Singapore Institute of Technology,SIT- Newcastle University,Bachelor of Engineering with Honours in Mechanical Design and Manufacturing Engineering,2207,94.6,57.1,3281,3300,3443,3350,3025,3925,3443,3350,3025,3925
2020,Singapore Institute of Technology,SIT- Newcastle University,Bachelor of Engineering with Honours in Naval Architecture ^,2208,78.6,42.9,3217,3150,3244,3200,2600,3465,3244,3200,2600,3465
2020,Singapore Institute of Technology,SIT- Newcastle University,Bachelor of Engineering with Honours in Offshore Engineering ^,2209,92.3,69.2,3921,3800,4160,4000,3750,4800,4160,4000,3750,4800
2020,Singapore Institute of Technology,SIT / SIT-Trinity College Dublin / Trinity College Dublin,Bachelor in Science (Diagnostic Radiography),2210,100,100,3446,3400,3685,3650,3400,3859,3685,3650,3400,3859
2020,Singapore Institute of Technology,SIT / SIT-Trinity College Dublin / Trinity College Dublin,Bachelor in Science (Occupational Therapy),2211,100,100,3510,3400,3542,3400,3364,3629,3542,3400,3364,3629
2020,Singapore Institute of Technology,SIT / SIT-Trinity College Dublin / Trinity College Dublin,Bachelor in Science (Physiotherapy),2212,98.2,96.3,3485,3480,3518,3500,3400,3700,3518,3500,3400,3700
2020,Singapore Institute of Technology,SIT / SIT-Trinity College Dublin / Trinity College Dublin,Bachelor in Science (Radiation Therapy) ^,2213,100,83.3,3380,3500,3380,3500,3400,3500,3380,3500,3400,3500
2020,Singapore Institute of Technology,SIT-University of Glasgow,Bachelor of Engineering with Honours in Civil Engineering,2214,97.9,78.7,3444,3400,3518,3500,3200,3700,3518,3500,3200,3700
2020,Singapore Institute of Technology,SIT-University of Glasgow,Bachelor of Science with Honours in Nursing,2215,96.2,94.2,3436,3270,3725,3650,3405,4000,3725,3650,3405,4000
2020,Singapore Institute of Technology,Technische Universität München,Bachelor of Science in Chemical Engineering,2216,93.3,48.9,3147,3100,3387,3175,2815,3650,3387,3175,2815,3650
2020,Singapore Institute of Technology,Technische Universität München,Bachelor of Science in Electrical Engineering & Information Technology,2217,94.7,39.5,3760,3600,3773,3600,3350,4000,3773,3600,3350,4000
2020,Singapore Institute of Technology,The Culinary Institute of America,Bachelor of Business Administration in Food Business Management,2218,86,66.7,2497,2475,2675,2550,2300,2820,2675,2550,2300,2820
2020,Singapore Institute of Technology,The Glasgow School of Art,Bachelor of Arts with Honours in Communication Design,2219,85.7,38.1,2773,2800,2876,2800,2500,3000,2876,2800,2500,3000
2020,Singapore Institute of Technology,The Glasgow School of Art,Bachelor of Arts with Honours in Interior Design,2220,83.9,45.2,2958,2500,2992,2600,2500,3500,2992,2600,2500,3500
2020,Singapore Institute of Technology,University of Glasgow,Bachelor of Engineering with Honours in Aeronautical Engineering,2221,91.2,35.3,4127,3900,4159,3921,3400,5010,4159,3921,3400,5010
2020,Singapore Institute of Technology,University of Glasgow,Bachelor of Engineering with Honours in Aerospace Systems ^,2222,100,37.9,3900,3750,3940,3750,3400,4600,3940,3750,3400,4600
2020,Singapore Institute of Technology,University of Glasgow,Bachelor of Engineering with Honours in Mechanical Design Engineering,2223,95,53.3,3461,3500,3592,3500,3200,3650,3592,3500,3200,3650
2020,Singapore Institute of Technology,University of Glasgow,Bachelor of Engineering with Honours in Mechatronics,2224,89.3,58.9,3579,3454,3690,3600,3200,4000,3690,3600,3200,4000
2020,Singapore Institute of Technology,University of Glasgow,Bachelor of Science with Honours in Computing Science,2225,98.6,89.9,4517,5000,4530,5000,4000,5000,4530,5000,4000,5000
2020,Singapore Institute of Technology,University of Liverpool,Bachelor of Arts with Honours in Criminology and Security,2226,93.7,68.4,3634,3480,3919,3700,3400,4300,3919,3700,3400,4300
2020,Singapore Management University,School of Accountancy (4-year programme) *,Accountancy,2227,94.7,86,3636,3050,3694,3100,3000,4000,3694,3100,3000,4000
2020,Singapore Management University,School of Accountancy (4-year programme) *,Accountancy (Cum Laude and above),2228,96.3,86.1,3979,3600,4057,3744,3000,4583,4057,3744,3000,4583
2020,Singapore Management University,School of Business (4-year programme) *,Business Management,2229,95.8,68.4,4183,3800,4293,3850,3440,4600,4293,3850,3440,4600
2020,Singapore Management University,School of Business (4-year programme) *,Business Management (Cum Laude and above),2230,97.5,78.7,4596,4000,4688,4000,3600,5000,4688,4000,3600,5000
2020,Singapore Management University,School of Economics (4-year programme) *,Economics,2231,91.5,70.5,4181,3750,4290,3800,3400,4500,4290,3800,3400,4500
2020,Singapore Management University,School of Economics (4-year programme) *,Economics (Cum Laude and above),2232,94.7,82.9,4670,4000,4749,4000,3660,5275,4749,4000,3660,5275
2020,Singapore Management University,School of Information Systems (4-year programme) *,Information Systems,2233,93.1,83.9,4548,4500,4683,4542,4000,5400,4683,4542,4000,5400
2020,Singapore Management University,School of Information Systems (4-year programme) *,Information Systems (Cum Laude and above),2234,93.3,93.3,4903,5000,5064,5000,4500,5416,5064,5000,4500,5416
2020,Singapore Management University,School of Social Sciences (4-year programme) *,Social Sciences,2235,89.9,52.8,3540,3360,3626,3500,3200,4000,3626,3500,3200,4000
2020,Singapore Management University,School of Social Sciences (4-year programme) *,Social Sciences (Cum Laude and above),2236,90.6,65.6,3711,3510,3784,3510,3230,4200,3784,3510,3230,4200
2020,Singapore Management University,School of Law (4-year programme) *,Law #,2237,95.5,91.1,4729,4500,4804,4588,4000,5600,4804,4588,4000,5600
2020,Singapore Management University,School of Law (4-year programme) *,Law (Cum Laude and above) #,2238,97,95.5,5053,5000,5141,5000,4500,5735,5141,5000,4500,5735
2020,Singapore University of Social Sciences,S R Nathan School of Human Development,Bachelor of Early Childhood Education ^,2239,100,88.2,2879,3000,2879,3000,2700,3016,2879,3000,2700,3016
2020,Singapore University of Social Sciences,S R Nathan School of Human Development,Bachelor of Human Resource Management,2240,90.6,22.6,2947,2750,3051,2950,2650,3300,3051,2950,2650,3300
2020,Singapore University of Social Sciences,S R Nathan School of Human Development,Bachelor of Social Work,2241,97.3,89.2,3443,3500,3486,3500,3450,3655,3486,3500,3450,3655
2020,Singapore University of Social Sciences,School of Business,Bachelor of Accountancy,2242,94.6,81.7,3059,3000,3116,3000,3000,3000,3116,3000,3000,3000
2020,Singapore University of Social Sciences,School of Business,Bachelor of Science in Finance ^,2243,100,50,3537,3163,3854,3163,2850,4466,3854,3163,2850,4466
2020,Singapore University of Social Sciences,School of Business,Bachelor of Science in Marketing,2244,92.1,51.3,3126,2900,3246,2900,2750,3520,3246,2900,2750,3520
2020,Singapore University of Social Sciences,School of Business,Bachelor of Science in Supply Chain Management ^,2245,88,36,3125,3100,3284,3185,2950,3500,3284,3185,2950,3500
2020,Singapore University of Technology and Design,na,Bachelor of Engineering (Engineering Product Development),2246,94.6,82.1,3809,3800,3901,3800,3500,4150,3901,3800,3500,4150
2020,Singapore University of Technology and Design,na,Bachelor of Engineering (Engineering Systems and Design),2247,95.2,77.1,4195,3950,4287,4000,3725,4900,4287,4000,3725,4900
2020,Singapore University of Technology and Design,na,Bachelor of Engineering (Information Systems Technology and Design),2248,96.9,85.4,4581,4500,4734,4500,4000,5000,4734,4500,4000,5000
2020,Singapore University of Technology and Design,na,Bachelor of Science (Architecture and Sustainable Design),2249,100,95.6,3897,3800,3982,3800,3500,4070,3982,3800,3500,4070
2021,Nanyang Technological University,College of Business (Nanyang Business School),Accountancy,2250,97.7,93,3505,3300,3539,3400,3100,3500,3539,3400,3100,3500
2021,Nanyang Technological University,College of Business (Nanyang Business School),Accountancy and Business,2251,99.2,96.2,5018,4500,5173,4500,3700,5858,5173,4500,3700,5858
2021,Nanyang Technological University,College of Business (Nanyang Business School),Business,2252,96.2,85.2,4211,4000,4362,4000,3500,4800,4362,4000,3500,4800
2021,Nanyang Technological University,College of Business (Nanyang Business School),Double Degree in Business and Computer Engineering/Computing,2253,93.8,87.5,6418,6300,6578,6300,5250,8225,6578,6300,5250,8225
2021,Nanyang Technological University,College of Engineering,Aerospace Engineering,2254,94.4,87.3,4250,4250,4321,4471,3792,5000,4321,4471,3792,5000
2021,Nanyang Technological University,College of Engineering,Bioengineering,2255,90.9,75.8,3480,3483,3654,3500,3300,3850,3654,3500,3300,3850
2021,Nanyang Technological University,College of Engineering,Chemical and Biomolecular Engineering,2256,91.1,84.8,3784,3600,3959,3740,3600,4300,3959,3740,3600,4300
2021,Nanyang Technological University,College of Engineering,Civil Engineering,2257,97.7,92,3596,3500,3664,3540,3400,3800,3664,3540,3400,3800
2021,Nanyang Technological University,College of Engineering,Computer Engineering,2258,95.8,89.6,4649,4500,4847,4500,4000,5000,4847,4500,4000,5000
2021,Nanyang Technological University,College of Engineering,Computer Science,2259,97,91,4871,4800,4924,4800,4200,5450,4924,4800,4200,5450
2021,Nanyang Technological University,College of Engineering,Double Degree in Engineering and Economics ^,2260,90.9,90.9,4485,4580,4566,4583,4530,4900,4566,4583,4530,4900
2021,Nanyang Technological University,College of Engineering,Electrical and Electronic Engineering,2261,93.9,88.6,3978,3900,4069,4000,3600,4400,4069,4000,3600,4400
2021,Nanyang Technological University,College of Engineering,Environmental Engineering,2262,96.6,86.2,3422,3500,3487,3500,3200,3600,3487,3500,3200,3600
2021,Nanyang Technological University,College of Engineering,Information Engineering and Media,2263,95.7,88.6,4247,4200,4325,4200,3900,4800,4325,4200,3900,4800
2021,Nanyang Technological University,College of Engineering,Maritime Studies,2264,98.4,95.2,3697,3500,3763,3500,3500,4000,3763,3500,3500,4000
2021,Nanyang Technological University,College of Engineering,Materials Engineering,2265,96.3,83,3701,3600,3801,3650,3500,4000,3801,3650,3500,4000
2021,Nanyang Technological University,College of Engineering,Mechanical Engineering,2266,94,86.1,3845,3700,4006,3800,3570,4400,4006,3800,3570,4400
2021,Nanyang Technological University,"College of Humanities, Arts & Social Sciences","Art, Design and Media",2267,86.2,46.6,3146,3000,3182,3000,2650,3675,3182,3000,2650,3675
2021,Nanyang Technological University,"College of Humanities, Arts & Social Sciences",Chinese,2268,87,72.5,3376,3250,3483,3300,3053,3650,3483,3300,3053,3650
2021,Nanyang Technological University,"College of Humanities, Arts & Social Sciences",Communication Studies,2269,96.9,80.8,3463,3375,3548,3500,3000,3943,3548,3500,3000,3943
2021,Nanyang Technological University,"College of Humanities, Arts & Social Sciences",Economics,2270,93.5,88.3,3658,3500,3720,3650,3300,4000,3720,3650,3300,4000
2021,Nanyang Technological University,"College of Humanities, Arts & Social Sciences",English,2271,95.5,64.2,3254,3300,3354,3500,3000,3600,3354,3500,3000,3600
2021,Nanyang Technological University,"College of Humanities, Arts & Social Sciences",History,2272,82.2,66.7,3724,3675,3800,3675,3500,4000,3800,3675,3500,4000
2021,Nanyang Technological University,"College of Humanities, Arts & Social Sciences",Inter-Disciplinary Double Major ^,2273,92.9,75,3794,3650,3822,3650,3450,4180,3822,3650,3450,4180
2021,Nanyang Technological University,"College of Humanities, Arts & Social Sciences",Linguistics and Multilingual Studies,2274,87.2,70.2,3351,3300,3398,3300,3000,3850,3398,3300,3000,3850
2021,Nanyang Technological University,"College of Humanities, Arts & Social Sciences",Philosophy,2275,88.5,57.7,3394,3400,3502,3400,2915,4480,3502,3400,2915,4480
2021,Nanyang Technological University,"College of Humanities, Arts & Social Sciences",Psychology,2276,91.8,71.8,3342,3300,3362,3350,3000,3500,3362,3350,3000,3500
2021,Nanyang Technological University,"College of Humanities, Arts & Social Sciences",Public Policy and Global Affairs,2277,83.3,77.1,4024,3778,4105,3804,3500,4524,4105,3804,3500,4524
2021,Nanyang Technological University,"College of Humanities, Arts & Social Sciences",Sociology,2278,91.3,69.6,3509,3475,3567,3500,3200,3940,3567,3500,3200,3940
2021,Nanyang Technological University,College of Science,Biological Sciences / Biomedical Sciences,2279,96.8,81.7,3470,3400,3569,3500,3260,3800,3569,3500,3260,3800
2021,Nanyang Technological University,College of Science,Biomedical Sciences and Chinese Medicine # ^,2280,90.9,77.3,3023,3100,3119,3100,2890,3300,3119,3100,2890,3300
2021,Nanyang Technological University,College of Science,Chemistry and Biological Chemistry,2281,90.2,74.4,3367,3400,3501,3400,3100,3700,3501,3400,3100,3700
2021,Nanyang Technological University,College of Science,Environmental Earth Systems Sciences ^,2282,100,91.3,3810,3892,3888,3950,3500,4300,3888,3950,3500,4300
2021,Nanyang Technological University,College of Science,Mathematical Sciences / Mathematical Sciences and Economics,2283,91,75.6,3939,3750,4039,3806,3500,4500,4039,3806,3500,4500
2021,Nanyang Technological University,College of Science,Physics and Applied Physics,2284,84.5,69,3710,3570,3793,3600,3384,4000,3793,3600,3384,4000
2021,Nanyang Technological University,Sports Science and Management,Sports Science and Management,2285,86.2,55.4,3292,3300,3438,3300,3100,3620,3438,3300,3100,3620
2021,Nanyang Technological University,National Institute of Education (NIE),Arts (with Education),2286,100,100,3563,3754,3718,3780,3700,3900,3718,3780,3700,3900
2021,Nanyang Technological University,National Institute of Education (NIE),Science (with Education) ^,2287,100,100,3578,3776,3796,3904,3727,4000,3796,3904,3727,4000
2021,Nanyang Technological University,Lee Kong Chian School of Medicine,Medicine #,2288,100,100,4702,4700,5404,5500,5200,5800,5404,5500,5200,5800
2021,National University of Singapore,Faculty of Arts & Social Sciences,Bachelor of Arts,2289,91.4,70,3405,3200,3600,3200,2850,4100,3600,3200,2850,4100
2021,National University of Singapore,Faculty of Arts & Social Sciences,Bachelor of Arts (Hons),2290,88.8,68.3,3619,3500,3731,3650,3400,3983,3731,3650,3400,3983
2021,National University of Singapore,Faculty of Arts & Social Sciences,Bachelor of Social Sciences,2291,92.5,78.2,3757,3531,3850,3600,3400,4100,3850,3600,3400,4100
2021,National University of Singapore,Faculty of Dentistry,Bachelor of Dental Surgery,2292,100,100,4256,4200,4286,4200,4200,4600,4286,4200,4200,4600
2021,National University of Singapore,Faculty of Engineering,Bachelor of Engineering (Biomedical Engineering),2293,94.4,83.3,3610,3500,3732,3600,3300,4000,3732,3600,3300,4000
2021,National University of Singapore,Faculty of Engineering,Bachelor of Engineering (Chemical Engineering),2294,91.4,84.8,3793,3700,4023,3800,3600,4300,4023,3800,3600,4300
2021,National University of Singapore,Faculty of Engineering,Bachelor of Engineering (Civil Engineering),2295,97.3,97.3,3780,3700,3897,3700,3500,4100,3897,3700,3500,4100
2021,National University of Singapore,Faculty of Engineering,Bachelor of Engineering (Electrical Engineering),2296,95.1,93,4251,4000,4377,4150,3900,4550,4377,4150,3900,4550
2021,National University of Singapore,Faculty of Engineering,Bachelor of Engineering (Engineering Science) ^,2297,89.5,68.4,4189,4500,4399,4500,4000,4900,4399,4500,4000,4900
2021,National University of Singapore,Faculty of Engineering,Bachelor of Engineering (Environmental Engineering),2298,97.1,88.6,3572,3500,3607,3500,3300,3900,3607,3500,3300,3900
2021,National University of Singapore,Faculty of Engineering,Bachelor of Engineering (Industrial and Systems Engineering),2299,96.7,91.8,4237,4150,4417,4500,4000,4900,4417,4500,4000,4900
2021,National University of Singapore,Faculty of Engineering,Bachelor of Engineering (Materials Science and Engineering),2300,91.7,87.5,3899,3775,4020,3896,3600,4200,4020,3896,3600,4200
2021,National University of Singapore,Faculty of Engineering,Bachelor of Engineering (Mechanical Engineering),2301,94.5,89.5,3965,3800,4115,3875,3500,4550,4115,3875,3500,4550
2021,National University of Singapore,Faculty of Law,Bachelor of Laws #,2302,96.5,93.5,5398,5150,5627,5600,4500,6000,5627,5600,4500,6000
2021,National University of Singapore,Faculty of Science,Bachelor of Science,2303,82.4,56.9,3446,3300,3627,3527,3100,4000,3627,3527,3100,4000
2021,National University of Singapore,Faculty of Science,Bachelor of Science (Hons),2304,92.2,76.5,3665,3500,3767,3600,3400,4000,3767,3600,3400,4000
2021,National University of Singapore,Faculty of Science,Bachelor of Science (Computational Biology) ^,2305,100,100,4655,4500,4677,4500,4000,5000,4677,4500,4000,5000
2021,National University of Singapore,Faculty of Science,Bachelor of Science (Pharmacy) #,2306,95.9,91.9,3773,3760,3923,3915,3636,4200,3923,3915,3636,4200
2021,National University of Singapore,Faculty of Science,Bachelor of Science (Data Science and Analytics),2307,97.7,95.3,4819,4500,4981,4800,4200,5400,4981,4800,4200,5400
2021,National University of Singapore,NUS Business School,Bachelor of Business Administration,2308,94.7,81.6,5199,3550,5567,3700,3125,7625,5567,3700,3125,7625
2021,National University of Singapore,NUS Business School,Bachelor of Business Administration (Hons),2309,98.1,93.5,4828,4200,4950,4347,3700,5200,4950,4347,3700,5200
2021,National University of Singapore,NUS Business School,Bachelor of Business Administration (Accountancy) ^,2310,100,100,3380,3300,3515,3400,3013,3750,3515,3400,3013,3750
2021,National University of Singapore,NUS Business School,Bachelor of Business Administration (Accountancy) (Hons),2311,97,96.3,4124,3430,4194,3500,3200,4600,4194,3500,3200,4600
2021,National University of Singapore,School of Computing,Bachelor of Computing (Computer Science),2312,99.1,96.4,5898,5800,6002,6000,5000,6900,6002,6000,5000,6900
2021,National University of Singapore,School of Computing,Bachelor of Computing (Information Security) ^,2313,100,100,4992,5000,5095,5400,4305,5500,5095,5400,4305,5500
2021,National University of Singapore,School of Computing,Bachelor of Computing (Information Systems),2314,97.5,96.2,5087,5000,5217,5000,4500,5400,5217,5000,4500,5400
2021,National University of Singapore,School of Computing,Bachelor of Science (Business Analytics),2315,100,100,5437,5050,5603,5400,4800,6125,5603,5400,4800,6125
2021,National University of Singapore,School of Design & Environment,Bachelor of Arts (Architecture),2316,97.7,96.6,4090,4000,4139,4000,3600,4440,4139,4000,3600,4440
2021,National University of Singapore,School of Design & Environment,Bachelor of Arts (Industrial Design),2317,87.5,75,4146,3825,4178,3825,3200,4250,4178,3825,3200,4250
2021,National University of Singapore,School of Design & Environment,Bachelor of Science (Project and Facilities Management),2318,93.1,92.1,3424,3450,3560,3500,3200,3700,3560,3500,3200,3700
2021,National University of Singapore,School of Design & Environment,Bachelor of Science (Real Estate),2319,94.5,82.4,3692,3575,3863,3700,3400,4000,3863,3700,3400,4000
2021,National University of Singapore,Yong Loo Lin School (Medicine),Bachelor of Medicine and Bachelor of Surgery # **,2320,na,na,na,na,na,na,na,na,na,na,na,na
2021,National University of Singapore,Yong Loo Lin School (Medicine),Bachelor of Science (Nursing),2321,96.2,93.3,3300,3350,3530,3550,3350,3750,3530,3550,3350,3750
2021,National University of Singapore,Yong Loo Lin School (Medicine),Bachelor of Science (Nursing) (Hons),2322,97.9,96.8,3482,3500,3750,3750,3550,3950,3750,3750,3550,3950
2021,National University of Singapore,YST Conservatory of Music,Bachelor of Music ^,2323,82.4,35.3,3136,2958,3203,3100,2915,3600,3203,3100,2915,3600
2021,National University of Singapore,Yale-NUS College,Bachelor of Arts with Honours,2324,88.3,70.8,4344,4000,4453,4000,3500,5000,4453,4000,3500,5000
2021,National University of Singapore,Yale-NUS College,Bachelor of Science with Honours,2325,94.6,83.8,4779,4500,4952,4500,3800,5650,4952,4500,3800,5650
2021,National University of Singapore,Multi-Disciplinary Programmes,Bachelor of Engineering (Computer Engineering),2326,97.4,91.2,5345,5000,5473,5400,4500,6200,5473,5400,4500,6200
2021,National University of Singapore,Multi-Disciplinary Programmes,Bachelor of Environmental Studies,2327,97.4,81.6,3544,3500,3658,3650,3100,3996,3658,3650,3100,3996
2021,Singapore Institute of Technology,DigiPen Institute of Technology,Bachelor of Arts in Game Design ^,2328,100,81.5,3457,3200,3490,3300,3200,3500,3490,3300,3200,3500
2021,Singapore Institute of Technology,DigiPen Institute of Technology,Bachelor of Fine Arts in Digital Art and Animation,2329,80,63.3,3081,3200,3125,3200,2835,3500,3125,3200,2835,3500
2021,Singapore Institute of Technology,DigiPen Institute of Technology,Bachelor of Science in Computer Science and Game Design,2330,88.2,85.3,4229,4000,4324,4000,3700,4968,4324,4000,3700,4968
2021,Singapore Institute of Technology,DigiPen Institute of Technology,Bachelor of Science in Computer Science in Real-Time Interactive Simulation,2331,95.1,92.7,4962,4600,4984,4600,4300,5175,4984,4600,4300,5175
2021,Singapore Institute of Technology,Singapore Institute of Technology (SIT),Bachelor of Accountancy with Honours,2332,97.7,86.8,3363,3400,3431,3400,3200,3460,3431,3400,3200,3460
2021,Singapore Institute of Technology,Singapore Institute of Technology (SIT),Bachelor of Engineering with Honours in Information & Communications Technology (Information Security),2333,100,98.2,4934,4800,5251,4950,4605,5552,5251,4950,4605,5552
2021,Singapore Institute of Technology,Singapore Institute of Technology (SIT),Bachelor of Engineering with Honours in Information & Communications Technology (Software Engineering),2334,100,98,5126,5000,5215,5000,4590,5500,5215,5000,4590,5500
2021,Singapore Institute of Technology,Singapore Institute of Technology (SIT),Bachelor of Engineering with Honours in Aircraft Systems Engineering,2335,100,91.7,3297,3200,3394,3300,2500,4000,3394,3300,2500,4000
2021,Singapore Institute of Technology,Singapore Institute of Technology (SIT),Bachelor of Engineering with Honours in Pharmaceutical Engineering,2336,98.3,87.9,3423,3500,3736,3600,3300,4000,3736,3600,3300,4000
2021,Singapore Institute of Technology,Singapore Institute of Technology (SIT),Bachelor of Engineering with Honours in Sustainable Infrastructure Engineering (Building Services),2337,98,96.1,3707,3600,3773,3680,3500,3950,3773,3680,3500,3950
2021,Singapore Institute of Technology,Singapore Institute of Technology (SIT),Bachelor of Engineering with Honours in Sustainable Infrastructure Engineering (Land) ^,2338,96.3,88.9,3606,3500,3788,3700,3485,4250,3788,3700,3485,4250
2021,Singapore Institute of Technology,Singapore Institute of Technology (SIT),Bachelor of Engineering with Honours in Telematics (Intelligent Transportation Systems Engineering),2339,97.5,85,4086,4000,4146,4000,3850,4500,4146,4000,3850,4500
2021,Singapore Institute of Technology,Singapore Institute of Technology (SIT),Bachelor of Hospitality Business with Honours,2340,96.1,80.3,3037,3000,3216,3000,2800,3500,3216,3000,2800,3500
2021,Singapore Institute of Technology,Singapore Institute of Technology (SIT),Bachelor of Science (Diagnostic Radiography),2341,100,100,3670,3500,3880,3700,3500,4025,3880,3700,3500,4025
2021,Singapore Institute of Technology,Singapore Institute of Technology (SIT),Bachelor of Science (Occupational Therapy),2342,100,98.3,3521,3500,3546,3500,3400,3690,3546,3500,3400,3690
2021,Singapore Institute of Technology,Singapore Institute of Technology (SIT),Bachelor of Science (Radiation Therapy) ^,2343,100,100,3310,3500,3328,3500,3000,3500,3328,3500,3000,3500
2021,Singapore Institute of Technology,SIT- DigiPen Institute of Technology,Bachelor of Engineering with Honours in Systems Engineering (ElectroMechanical Systems),2344,100,95.1,4086,4000,4402,4370,3700,4900,4402,4370,3700,4900
2021,Singapore Institute of Technology,SIT- Massey University,Bachelor of Food Technology with Honours,2345,96.4,89.1,3221,3300,3322,3300,3000,3500,3322,3300,3000,3500
2021,Singapore Institute of Technology,SIT- Newcastle University,Bachelor of Engineering with Honours in Chemical Engineering,2346,79.2,64.2,3466,3500,3836,3700,3350,4200,3836,3700,3350,4200
2021,Singapore Institute of Technology,SIT- Newcastle University,Bachelor of Engineering with Honours in Electrical Power Engineering,2347,98.3,84.5,3583,3500,3691,3600,3500,3850,3691,3600,3500,3850
2021,Singapore Institute of Technology,SIT- Newcastle University,Bachelor of Engineering with Honours in Marine Engineering ^,2348,100,90.5,3598,3500,3819,3750,3400,4250,3819,3750,3400,4250
2021,Singapore Institute of Technology,SIT- Newcastle University,Bachelor of Engineering with Honours in Mechanical Design and Manufacturing Engineering,2349,93.4,90.2,3646,3600,3787,3650,3600,4000,3787,3650,3600,4000
2021,Singapore Institute of Technology,SIT- Newcastle University,Bachelor of Engineering with Honours in Naval Architecture ^,2350,100,95.7,3476,3300,3592,3400,3250,3850,3592,3400,3250,3850
2021,Singapore Institute of Technology,SIT- Newcastle University,Bachelor of Engineering with Honours in Offshore Engineering ^,2351,82.4,70.6,3513,3500,3575,3550,3350,3850,3575,3550,3350,3850
2021,Singapore Institute of Technology,SIT-Trinity College Dublin,Bachelor of Science (Physiotherapy),2352,97.9,96.8,3516,3500,3591,3525,3400,3800,3591,3525,3400,3800
2021,Singapore Institute of Technology,SIT-University of Glasgow,Bachelor of Engineering with Honours in Civil Engineering,2353,92.8,92.8,3650,3600,3719,3675,3500,3933,3719,3675,3500,3933
2021,Singapore Institute of Technology,SIT-University of Glasgow,Bachelor of Science with Honours in Nursing,2354,98.3,86.4,3403,3350,3697,3700,3350,3990,3697,3700,3350,3990
2021,Singapore Institute of Technology,Technische Universität München,Bachelor of Science in Chemical Engineering,2355,95.7,87,3495,3500,3645,3557,3400,3865,3645,3557,3400,3865
2021,Singapore Institute of Technology,Technische Universität München,Bachelor of Science in Electrical Engineering & Information Technology ^,2356,81.5,74.1,3649,3600,3806,3700,3250,4265,3806,3700,3250,4265
2021,Singapore Institute of Technology,The Culinary Institute of America,Bachelor of Business Administration in Food Business Management,2357,91.9,67.7,2647,2500,2817,2700,2500,3100,2817,2700,2500,3100
2021,Singapore Institute of Technology,The Glasgow School of Art,Bachelor of Arts with Honours in Communication Design,2358,94.4,59.3,2951,3000,2989,3000,2700,3200,2989,3000,2700,3200
2021,Singapore Institute of Technology,The Glasgow School of Art,Bachelor of Arts with Honours in Interior Design,2359,94.3,65.7,2761,3000,2807,3000,2500,3100,2807,3000,2500,3100
2021,Singapore Institute of Technology,University of Liverpool,Bachelor of Arts with Honours in Criminology and Security,2360,95.5,81.8,3807,3600,4001,3850,3400,4500,4001,3850,3400,4500
2021,Singapore Management University,School of Accountancy (4-year programme) *,Accountancy,2361,98.7,93,3751,3400,3814,3400,3200,4000,3814,3400,3200,4000
2021,Singapore Management University,School of Accountancy (4-year programme) *,Accountancy (Cum Laude and above),2362,97.9,92.6,4161,3700,4213,3850,3300,4600,4213,3850,3300,4600
2021,Singapore Management University,School of Business (4-year programme) *,Business Management,2363,96.6,86,4229,4000,4371,4000,3500,4650,4371,4000,3500,4650
2021,Singapore Management University,School of Business (4-year programme) *,Business Management (Cum Laude and above),2364,96.6,90.3,4705,4333,4855,4480,3800,5043,4855,4480,3800,5043
2021,Singapore Management University,School of Economics (4-year programme) *,Economics,2365,91.8,83.5,4641,4275,4777,4435,3800,5250,4777,4435,3800,5250
2021,Singapore Management University,School of Economics (4-year programme) *,Economics (Cum Laude and above),2366,94.1,91.2,5209,4750,5310,4900,4191,5810,5310,4900,4191,5810
2021,Singapore Management University,School of Information Systems (4-year programme) *,Information Systems,2367,98.2,94.6,4774,4860,4906,5000,4200,5350,4906,5000,4200,5350
2021,Singapore Management University,School of Information Systems (4-year programme) *,Information Systems (Cum Laude and above),2368,97.4,93.6,5317,5050,5499,5350,5000,5833,5499,5350,5000,5833
2021,Singapore Management University,School of Social Sciences (4-year programme) *,Social Sciences,2369,94.1,77.1,3656,3465,3836,3600,3200,4010,3836,3600,3200,4010
2021,Singapore Management University,School of Social Sciences (4-year programme) *,Social Sciences (Cum Laude and above),2370,96.9,86.2,3856,3500,4063,3763,3350,4500,4063,3763,3350,4500
2021,Singapore Management University,School of Law (4-year programme) *,Law #,2371,100,98.3,5319,5500,5433,5600,4500,6000,5433,5600,4500,6000
2021,Singapore Management University,School of Law (4-year programme) *,Law (Cum Laude and above) #,2372,100,98.8,5613,5600,5754,5800,5025,6000,5754,5800,5025,6000
2021,Singapore University of Social Sciences,S R Nathan School of Human Development,Bachelor of Early Childhood Education,2373,93,88.4,2949,3000,2963,3000,2800,3100,2963,3000,2800,3100
2021,Singapore University of Social Sciences,S R Nathan School of Human Development,Bachelor of Human Resource Management,2374,95.6,80.9,3249,3200,3412,3200,3000,3500,3412,3200,3000,3500
2021,Singapore University of Social Sciences,S R Nathan School of Human Development,Bachelor of Social Work,2375,94.7,86.8,3432,3530,3461,3530,3400,3580,3461,3530,3400,3580
2021,Singapore University of Social Sciences,School of Business,Bachelor of Accountancy,2376,98.6,89,3199,3200,3231,3200,3000,3400,3231,3200,3000,3400
2021,Singapore University of Social Sciences,School of Business,Bachelor of Science in Business Analytics,2377,93.5,83.9,4218,3800,4372,3800,3350,4900,4372,3800,3350,4900
2021,Singapore University of Social Sciences,School of Business,Bachelor of Science in Finance,2378,84.4,56.3,3856,3500,3862,3500,3300,4350,3862,3500,3300,4350
2021,Singapore University of Social Sciences,School of Business,Bachelor of Science in Marketing,2379,92.4,63.6,3303,3200,3411,3275,2820,3600,3411,3275,2820,3600
2021,Singapore University of Social Sciences,School of Business,Bachelor of Science in Supply Chain Management,2380,97.4,79.5,3245,3200,3381,3300,3025,3500,3381,3300,3025,3500
2021,Singapore University of Technology and Design,na,Bachelor of Engineering (Computer Science and Design),2381,98.3,96.7,4936,4800,5030,4800,4400,5414,5030,4800,4400,5414
2021,Singapore University of Technology and Design,na,Bachelor of Engineering (Engineering Product Development),2382,89.9,85.5,4047,4000,4141,4000,3750,4500,4141,4000,3750,4500
2021,Singapore University of Technology and Design,na,Bachelor of Engineering (Engineering Systems and Design),2383,95.5,90.9,4542,4500,4778,4700,3900,5000,4778,4700,3900,5000
2021,Singapore University of Technology and Design,na,Bachelor of Science (Architecture and Sustainable Design),2384,96.6,89.7,3800,3801,3842,3875,3430,4200,3842,3875,3430,4200
2022,National University of Singapore,Faculty of Arts & Social Sciences,Bachelor of Arts,2385,88.5,76.9,3808,3670,3928,3700,3500,4000,3928,3700,3500,4000
2022,National University of Singapore,Faculty of Arts & Social Sciences,Bachelor of Arts (Hons),2386,87.5,74.4,3889,3850,4034,4000,3500,4390,4034,4000,3500,4390
2022,National University of Singapore,Faculty of Arts & Social Sciences,Bachelor of Social Sciences,2387,92.3,81.1,3935,3650,4056,3795,3500,4350,4056,3795,3500,4350
2022,National University of Singapore,Faculty of Dentistry,Bachelor of Dental Surgery,2388,100,100,4331,4200,4331,4200,4200,4600,4331,4200,4200,4600
2022,National University of Singapore,Faculty of Law,Bachelor of Laws #,2389,97.3,94.6,5935,6000,6182,6400,5500,6800,6182,6400,5500,6800
2022,National University of Singapore,Faculty of Science,Bachelor of Science ^,2390,85.2,63,3630,3500,3823,3600,3500,4000,3823,3600,3500,4000
2022,National University of Singapore,Faculty of Science,Bachelor of Science (Hons),2391,90.6,80.1,4040,3720,4174,3850,3500,4500,4174,3850,3500,4500
2022,National University of Singapore,Faculty of Science,Bachelor of Science (Computational Biology)**,2392,na,na,na,na,na,na,na,na,na,na,na,na
2022,National University of Singapore,Faculty of Science,Bachelor of Science (Pharmacy) #,2393,98.4,95.1,3829,3798,4053,4000,3750,4250,4053,4000,3750,4250
2022,National University of Singapore,Faculty of Science,Bachelor of Science (Pharmaceutical Science) (Hons) ^,2394,94.1,76.5,3769,3700,3808,3700,3400,4350,3808,3700,3400,4350
2022,National University of Singapore,Faculty of Science,Bachelor of Science (Data Science and Analytics),2395,96.8,96.8,5562,5500,5616,5500,4628,6100,5616,5500,4628,6100
2022,National University of Singapore,NUS Business School,Bachelor of Business Administration,2396,87.9,78.8,5653,5000,6026,5100,4000,7000,6026,5100,4000,7000
2022,National University of Singapore,NUS Business School,Bachelor of Business Administration (Hons),2397,97.1,95.7,5346,4600,5519,4696,4000,5938,5519,4696,4000,5938
2022,National University of Singapore,NUS Business School,Bachelor of Business Administration (Accountancy) ^,2398,93.3,93.3,5494,3800,5560,3800,3400,5500,5560,3800,3400,5500
2022,National University of Singapore,NUS Business School,Bachelor of Business Administration (Accountancy) (Hons),2399,99.3,97.9,4619,4000,4668,4000,3600,5000,4668,4000,3600,5000
2022,National University of Singapore,NUS Business School,Bachelor of Science (Real Estate),2400,99,95.1,3924,3800,4062,3850,3600,4400,4062,3850,3600,4400
2022,National University of Singapore,School of Computing,Bachelor of Computing (Computer Science),2401,96.8,96.1,6954,6500,7121,6600,5341,7583,7121,6600,5341,7583
2022,National University of Singapore,School of Computing,Bachelor of Computing (Information Security),2402,94.6,91.1,5274,5400,5660,5500,4800,6475,5660,5500,4800,6475
2022,National University of Singapore,School of Computing,Bachelor of Computing (Information Systems),2403,95.3,93,5551,5300,5672,5500,4800,6250,5672,5500,4800,6250
2022,National University of Singapore,School of Computing,Bachelor of Science (Business Analytics),2404,96.2,95.2,5845,5500,5966,5500,5000,6600,5966,5500,5000,6600
2022,National University of Singapore,College of Design and Engineering,Bachelor of Engineering (Biomedical Engineering),2405,97.2,91.6,4140,3800,4268,4000,3500,5000,4268,4000,3500,5000
2022,National University of Singapore,College of Design and Engineering,Bachelor of Engineering (Chemical Engineering),2406,96.6,95.5,4487,4400,4690,4675,4018,5100,4690,4675,4018,5100
2022,National University of Singapore,College of Design and Engineering,Bachelor of Engineering (Civil Engineering),2407,93.8,88.9,3979,3921,4139,4000,3700,4400,4139,4000,3700,4400
2022,National University of Singapore,College of Design and Engineering,Bachelor of Engineering (Electrical Engineering),2408,92.2,90.7,4730,4700,4913,4800,4380,5500,4913,4800,4380,5500
2022,National University of Singapore,College of Design and Engineering,Bachelor of Engineering (Engineering Science) ^,2409,100,100,4622,4450,4659,4450,4080,5000,4659,4450,4080,5000
2022,National University of Singapore,College of Design and Engineering,Bachelor of Engineering (Environmental Engineering),2410,87.1,83.9,4252,4000,4496,4200,3850,5000,4496,4200,3850,5000
2022,National University of Singapore,College of Design and Engineering,Bachelor of Engineering (Industrial and Systems Engineering),2411,92.9,92.9,5137,5000,5281,5000,4290,5650,5281,5000,4290,5650
2022,National University of Singapore,College of Design and Engineering,Bachelor of Engineering (Materials Science and Engineering),2412,92.9,87.1,4384,4360,4539,4500,3850,5000,4539,4500,3850,5000
2022,National University of Singapore,College of Design and Engineering,Bachelor of Engineering (Mechanical Engineering),2413,96.2,91.9,4594,4400,4780,4525,4000,5200,4780,4525,4000,5200
2022,National University of Singapore,College of Design and Engineering,Bachelor of Arts (Architecture) #,2414,96,92,4360,4300,4481,4400,4000,4800,4481,4400,4000,4800
2022,National University of Singapore,College of Design and Engineering,Bachelor of Arts (Industrial Design),2415,66.7,43.3,4239,4500,4270,4500,3500,4500,4270,4500,3500,4500
2022,National University of Singapore,College of Design and Engineering,Bachelor of Science (Project and Facilities Management),2416,98.4,92,3612,3500,3670,3555,3375,3855,3670,3555,3375,3855
2022,National University of Singapore,Yong Loo Lin School (Medicine),Bachelor of Medicine and Bachelor of Surgery # **,2417,na,na,na,na,na,na,na,na,na,na,na,na
2022,National University of Singapore,Yong Loo Lin School (Medicine),Bachelor of Science (Nursing),2418,94.8,91.3,3426,3350,3656,3600,3500,3825,3656,3600,3500,3825
2022,National University of Singapore,Yong Loo Lin School (Medicine),Bachelor of Science (Nursing) (Hons),2419,100,99,3575,3550,3834,3850,3650,4000,3834,3850,3650,4000
2022,National University of Singapore,YST Conservatory of Music,Bachelor of Music ^,2420,85.7,28.6,3661,3590,3661,3590,3350,3973,3661,3590,3350,3973
2022,National University of Singapore,Yale-NUS College,Bachelor of Arts with Honours,2421,87.3,80.5,5130,4500,5418,4600,3800,6000,5418,4600,3800,6000
2022,National University of Singapore,Yale-NUS College,Bachelor of Science with Honours,2422,96.3,88.9,6764,5875,6879,6038,4500,9000,6879,6038,4500,9000
2022,National University of Singapore,Multi-Disciplinary Programmes,Bachelor of Engineering (Computer Engineering),2423,94.5,92.7,6183,5900,6367,6000,5300,6800,6367,6000,5300,6800
2022,National University of Singapore,Multi-Disciplinary Programmes,Bachelor of Environmental Studies,2424,91.9,78.4,3999,3800,4000,3800,3500,4000,4000,3800,3500,4000
2022,Nanyang Technological University,College of Business (Nanyang Business School),Accountancy,2425,98.3,97.6,3965,3600,4031,3600,3600,4300,4031,3600,3600,4300
2022,Nanyang Technological University,College of Business (Nanyang Business School),Accountancy and Business,2426,98,96.9,5473,4833,5580,4942,4167,6230,5580,4942,4167,6230
2022,Nanyang Technological University,College of Business (Nanyang Business School),Business,2427,94.5,86.5,4407,4000,4503,4015,3600,4800,4503,4015,3600,4800
2022,Nanyang Technological University,College of Business (Nanyang Business School),Double Degree in Business and Computer Engineering/Computing,2428,100,100,6307,6000,6627,6500,6000,7500,6627,6500,6000,7500
2022,Nanyang Technological University,College of Engineering,Aerospace Engineering,2429,94,93,4752,4800,4899,5000,4160,5500,4899,5000,4160,5500
2022,Nanyang Technological University,College of Engineering,Bioengineering,2430,93.9,90.9,4160,4000,4419,4200,3600,5250,4419,4200,3600,5250
2022,Nanyang Technological University,College of Engineering,Chemical and Biomolecular Engineering,2431,96.6,93.3,4580,4500,4733,4800,4028,5100,4733,4800,4028,5100
2022,Nanyang Technological University,College of Engineering,Civil Engineering,2432,91.6,88.4,3699,3600,3788,3650,3500,3975,3788,3650,3500,3975
2022,Nanyang Technological University,College of Engineering,Computer Engineering,2433,87,85.2,5366,5285,5463,5295,4500,6215,5463,5295,4500,6215
2022,Nanyang Technological University,College of Engineering,Computer Science,2434,94,91.7,5515,5400,5699,5500,4900,6420,5699,5500,4900,6420
2022,Nanyang Technological University,College of Engineering,Data Science and Artificial Intelligence ^,2435,88.2,82.4,6647,5625,6749,5625,5000,7500,6749,5625,5000,7500
2022,Nanyang Technological University,College of Engineering,Double Degree in Engineering and Economics ^,2436,100,100,5150,5000,5344,5000,4700,5815,5344,5000,4700,5815
2022,Nanyang Technological University,College of Engineering,Electrical and Electronic Engineering,2437,92.4,90.2,4595,4500,4723,4558,4100,5000,4723,4558,4100,5000
2022,Nanyang Technological University,College of Engineering,Environmental Engineering,2438,93.5,90.3,3988,3800,4139,3900,3700,4500,4139,3900,3700,4500
2022,Nanyang Technological University,College of Engineering,Information Engineering and Media,2439,95.3,93.8,5080,4950,5187,4950,4500,5500,5187,4950,4500,5500
2022,Nanyang Technological University,College of Engineering,Maritime Studies,2440,96.7,95.1,3842,3740,3860,3740,3500,4060,3860,3740,3500,4060
2022,Nanyang Technological University,College of Engineering,Materials Engineering,2441,94.9,92.6,4300,4300,4522,4500,3800,5000,4522,4500,3800,5000
2022,Nanyang Technological University,College of Engineering,Mechanical Engineering,2442,95,91.3,4381,4200,4537,4500,3944,5000,4537,4500,3944,5000
2022,Nanyang Technological University,"College of Humanities, Arts & Social Sciences","Art, Design and Media",2443,89.5,63.2,3303,3200,3372,3200,3000,3600,3372,3200,3000,3600
2022,Nanyang Technological University,"College of Humanities, Arts & Social Sciences",Chinese,2444,91.8,70.5,3408,3300,3566,3600,3060,4015,3566,3600,3060,4015
2022,Nanyang Technological University,"College of Humanities, Arts & Social Sciences",Communication Studies,2445,94.2,79.7,3674,3500,3739,3500,3200,4200,3739,3500,3200,4200
2022,Nanyang Technological University,"College of Humanities, Arts & Social Sciences",Economics,2446,88.7,81.7,4187,4000,4270,4000,3600,4550,4270,4000,3600,4550
2022,Nanyang Technological University,"College of Humanities, Arts & Social Sciences",English,2447,94.9,77.2,3574,3500,3699,3748,3200,4200,3699,3748,3200,4200
2022,Nanyang Technological University,"College of Humanities, Arts & Social Sciences",History,2448,86.5,80.8,3819,3800,3966,4000,3500,4250,3966,4000,3500,4250
2022,Nanyang Technological University,"College of Humanities, Arts & Social Sciences",Inter-Disciplinary Double Major8,2449,87.9,66.7,4135,4200,4258,4271,3650,4750,4258,4271,3650,4750
2022,Nanyang Technological University,"College of Humanities, Arts & Social Sciences",Linguistics and Multilingual Studies,2450,94.1,72.5,3452,3400,3513,3500,3150,3810,3513,3500,3150,3810
2022,Nanyang Technological University,"College of Humanities, Arts & Social Sciences",Philosophy ^,2451,78.3,69.6,3476,3300,3515,3450,3000,3700,3515,3450,3000,3700
2022,Nanyang Technological University,"College of Humanities, Arts & Social Sciences",Psychology,2452,79.8,69.7,3688,3635,3743,3668,3300,4015,3743,3668,3300,4015
2022,Nanyang Technological University,"College of Humanities, Arts & Social Sciences",Public Policy and Global Affairs,2453,97.9,95.7,4122,4088,4167,4123,3650,4500,4167,4123,3650,4500
2022,Nanyang Technological University,"College of Humanities, Arts & Social Sciences",Sociology,2454,92.9,87.1,3816,3789,3904,3800,3450,4200,3904,3800,3450,4200
2022,Nanyang Technological University,College of Science,Biological and Biomedical Sciences,2455,93.9,83.2,3688,3600,3808,3600,3400,4100,3808,3600,3400,4100
2022,Nanyang Technological University,College of Science,Biological Sciences and Psychology ^,2456,71.4,50,4057,3800,4264,4050,3700,4300,4264,4050,3700,4300
2022,Nanyang Technological University,College of Science,Biomedical Sciences and Chinese Medicine # ^,2457,100,90,3300,3100,3415,3175,3080,3300,3415,3175,3080,3300
2022,Nanyang Technological University,College of Science,Chemistry and Biological Chemistry,2458,90.8,84,3759,3600,3863,3700,3400,4200,3863,3700,3400,4200
2022,Nanyang Technological University,College of Science,Environmental Earth Systems Sciences ^,2459,100,88,4406,4008,4545,4023,3600,4959,4545,4023,3600,4959
2022,Nanyang Technological University,College of Science,Mathematical Sciences / Mathematical Sciences and Economics,2460,86.5,79.4,4352,4250,4436,4300,3799,4800,4436,4300,3799,4800
2022,Nanyang Technological University,College of Science,Physics and Applied Physics,2461,91.5,84.7,3917,4000,4067,4000,3683,4575,4067,4000,3683,4575
2022,Nanyang Technological University,National Institute of Education (NIE),Arts (with Education),2462,100,100,3684,4000,4025,4129,3750,4300,4025,4129,3750,4300
2022,Nanyang Technological University,National Institute of Education (NIE),Science (with Education) ^,2463,100,100,4106,4275,4211,4300,4000,4470,4211,4300,4000,4470
2022,Nanyang Technological University,National Institute of Education (NIE),Sports Science and Management,2464,100,74.4,3657,3350,3762,3350,3200,4266,3762,3350,3200,4266
2022,Nanyang Technological University,Lee Kong Chian School of Medicine,Medicine #,2465,100,100,4779,4700,5532,5600,5199,6000,5532,5600,5199,6000
2022,Singapore Management University,School of Accountancy (4-year programme) *,Accountancy,2466,98.1,96.1,4432,3800,4497,3825,3600,4600,4497,3825,3600,4600
2022,Singapore Management University,School of Accountancy (4-year programme) *,Accountancy (Cum Laude and above),2467,100,98,5040,4000,5097,4025,3600,5500,5097,4025,3600,5500
2022,Singapore Management University,School of Business (4-year programme) *,Business Management,2468,94.3,86.5,4744,4208,4937,4400,3700,5200,4937,4400,3700,5200
2022,Singapore Management University,School of Business (4-year programme) *,Business Management (Cum Laude and above),2469,97.4,93.1,5409,4600,5630,4800,4050,6084,5630,4800,4050,6084
2022,Singapore Management University,School of Economics (4-year programme) *,Economics,2470,97.2,89.9,4665,4500,4824,4500,4000,5200,4824,4500,4000,5200
2022,Singapore Management University,School of Economics (4-year programme) *,Economics (Cum Laude and above),2471,100,98.6,5021,4500,5169,4500,4091,5700,5169,4500,4091,5700
2022,Singapore Management University,School of Information Systems (4-year programme) *,Information Systems,2472,95.1,93.4,5333,5235,5472,5400,4700,6166,5472,5400,4700,6166
2022,Singapore Management University,School of Information Systems (4-year programme) *,Information Systems (Cum Laude and above),2473,96,94.4,5702,5500,5799,5638,4900,6500,5799,5638,4900,6500
2022,Singapore Management University,School of Social Sciences (4-year programme) *,Social Sciences,2474,91.4,83.3,4076,3843,4265,4000,3500,4600,4265,4000,3500,4600
2022,Singapore Management University,School of Social Sciences (4-year programme) *,Social Sciences (Cum Laude and above),2475,94.3,88.6,4351,4008,4576,4316,3795,4900,4576,4316,3795,4900
2022,Singapore Management University,School of Law (4-year programme) *,Law #,2476,94.1,91.1,6063,6000,6221,6375,5500,6800,6221,6375,5500,6800
2022,Singapore Management University,School of Law (4-year programme) *,Law (Cum Laude and above) #,2477,92.4,92.4,6226,6338,6429,6400,6000,7000,6429,6400,6000,7000
2022,Singapore University of Technology and Design,na,Bachelor of Engineering (Computer Science and Design),2478,91.2,86.8,5539,5000,5725,5190,4600,6600,5725,5190,4600,6600
2022,Singapore University of Technology and Design,na,Bachelor of Engineering (Engineering Product Development),2479,94.9,92.3,4266,4150,4408,4200,3900,5000,4408,4200,3900,5000
2022,Singapore University of Technology and Design,na,Bachelor of Engineering (Engineering Systems and Design),2480,89.5,86,4929,4500,5046,4500,4000,5300,5046,4500,4000,5300
2022,Singapore University of Technology and Design,na,Bachelor of Science (Architecture and Sustainable Design) ###,2481,90.6,84.9,4281,4100,4335,4100,3900,4500,4335,4100,3900,4500
2022,Singapore University of Social Sciences,S R Nathan School of Human Development,Bachelor of Early Childhood Education,2482,88.1,79.7,3090,3100,3188,3200,3000,3338,3188,3200,3000,3338
2022,Singapore University of Social Sciences,S R Nathan School of Human Development,Bachelor of Human Resource Management,2483,93.8,75,3749,3525,3874,3588,3250,4000,3874,3588,3250,4000
2022,Singapore University of Social Sciences,S R Nathan School of Human Development,Bachelor of Social Work,2484,91.9,80.6,3529,3640,3536,3640,3500,3640,3536,3640,3500,3640
2022,Singapore University of Social Sciences,School of Business,Bachelor of Accountancy,2485,96.4,94.6,3576,3600,3635,3600,3500,3663,3635,3600,3500,3663
2022,Singapore University of Social Sciences,School of Business,Bachelor of Science in Business Analytics,2486,93,86,4432,4500,4540,4660,4000,5000,4540,4660,4000,5000
2022,Singapore University of Social Sciences,School of Business,Bachelor of Science in Finance,2487,97.2,86.1,4149,4000,4483,4000,3800,5250,4483,4000,3800,5250
2022,Singapore University of Social Sciences,School of Business,Bachelor of Science in Marketing,2488,87.2,75.6,3664,3500,3827,3600,3220,4100,3827,3600,3220,4100
2022,Singapore University of Social Sciences,School of Business,Bachelor of Science in Supply Chain Management,2489,98.4,90.6,3629,3500,3702,3500,3300,3900,3702,3500,3300,3900
2022,Singapore University of Social Sciences,School of Law,Bachelor of Law **,2490,na,na,na,na,na,na,na,na,na,na,na,na
2022,Singapore Institute of Technology,DigiPen Institute of Technology,Bachelor of Arts in Game Design ^,2491,67.9,60.7,3847.352941,3500,3883.823529,3600,3400,4250,3883.823529,3600,3400,4250
2022,Singapore Institute of Technology,DigiPen Institute of Technology,Bachelor of Fine Arts in Digital Art and Animation,2492,77.1,54.3,3605.789474,3500,3628.304211,3500,3000,3825,3628.304211,3500,3000,3825
2022,Singapore Institute of Technology,DigiPen Institute of Technology,Bachelor of Science in Computer Science and Game Design,2493,90.6,84.4,4592.846154,4375,4680.538462,4490,4250,5200,4680.538462,4490,4250,5200
2022,Singapore Institute of Technology,DigiPen Institute of Technology,Bachelor of Science in Computer Science in Real-Time Interactive Simulation,2494,100,95.6,5575.963095,5500,5678.963095,5500,4700,6656.25,5678.963095,5500,4700,6656.25
2022,Singapore Institute of Technology,Singapore Institute of Technology (SIT),Bachelor of Accountancy with Honours,2495,91.8,91.8,3811.572414,3600,3841.344483,3600,3600,4000,3841.344483,3600,3600,4000
2022,Singapore Institute of Technology,Singapore Institute of Technology (SIT),Bachelor of Engineering with Honours in Information & Communications Technology (Information Security),2496,98,96,4798.275,4800,4926.782083,4800,4215.5,5563.435,4926.782083,4800,4215.5,5563.435
2022,Singapore Institute of Technology,Singapore Institute of Technology (SIT),Bachelor of Engineering with Honours in Information & Communications Technology (Software Engineering),2497,98.1,98.1,5168.679804,5000,5313.326863,5200,4798,5900,5313.326863,5200,4798,5900
2022,Singapore Institute of Technology,Singapore Institute of Technology (SIT),Bachelor of Engineering with Honours in Aircraft Systems Engineering,2498,91.2,85.3,4102.172414,4400,4167.689655,4400,3000,4900,4167.689655,4400,3000,4900
2022,Singapore Institute of Technology,Singapore Institute of Technology (SIT),Bachelor of Engineering with Honours in Pharmaceutical Engineering,2499,96.6,91.5,3790.612115,3755,4084.869038,3955,3502.5,4300,4084.869038,3955,3502.5,4300
2022,Singapore Institute of Technology,Singapore Institute of Technology (SIT),Bachelor of Engineering with Honours in Sustainable Infrastructure Engineering (Building Services),2500,100,97.6,3819.25,3725,3879.45,3775,3585,4050,3879.45,3775,3585,4050
2022,Singapore Institute of Technology,Singapore Institute of Technology (SIT),Bachelor of Engineering with Honours in Sustainable Infrastructure Engineering (Land),2501,93.3,93.3,4114.998889,3700,4302.517407,4000,3700,4800,4302.517407,4000,3700,4800
2022,Singapore Institute of Technology,Singapore Institute of Technology (SIT),Bachelor of Engineering with Honours in Telematics (Intelligent Transportation Systems Engineering),2502,81.4,65.1,4340.776786,4500,4400.241071,4687.5,4032.5,4800,4400.241071,4687.5,4032.5,4800
2022,Singapore Institute of Technology,Singapore Institute of Technology (SIT),Bachelor of Hospitality Business with Honours,2503,95.5,90,3236.838384,3200,3468.686869,3300,3000,3740,3468.686869,3300,3000,3740
2022,Singapore Institute of Technology,Singapore Institute of Technology (SIT),Bachelor of Science (Air Transport Management),2504,90,80,3888.294194,3700,4159.150645,3980,3501,4365,4159.150645,3980,3501,4365
2022,Singapore Institute of Technology,Singapore Institute of Technology (SIT),Bachelor of Science (Diagnostic Radiography),2505,100,100,3558.162791,3500,3835.857674,3800,3650,3990,3835.857674,3800,3650,3990
2022,Singapore Institute of Technology,Singapore Institute of Technology (SIT),Bachelor of Science (Occupational Therapy),2506,97.1,95.7,3604.91791,3600,3630.268657,3668.5,3500,3800,3630.268657,3668.5,3500,3800
2022,Singapore Institute of Technology,Singapore Institute of Technology (SIT),Bachelor of Science (Radiation Therapy) ^,2507,90.9,90.9,3615.4,3600,3767.9,3775,3500,4060,3767.9,3775,3500,4060
2022,Singapore Institute of Technology,SIT- DigiPen Institute of Technology,Bachelor of Engineering with Honours in Systems Engineering (ElectroMechanical Systems),2508,92.7,92.7,4842.905405,4800,4912.635135,4800,4574,5500,4912.635135,4800,4574,5500
2022,Singapore Institute of Technology,SIT- Massey University,Bachelor of Food Technology with Honours,2509,93.2,81.8,3271.805556,3300,3380.138889,3300,3050,3600,3380.138889,3300,3050,3600
2022,Singapore Institute of Technology,SIT- Newcastle University,Bachelor of Engineering with Honours in Chemical Engineering,2510,79.7,70.3,3936.25,3900,4215.522727,4100,3785,4650,4215.522727,4100,3785,4650
2022,Singapore Institute of Technology,SIT- Newcastle University,Bachelor of Engineering with Honours in Electrical Power Engineering,2511,86.4,84.7,4103.58,4000,4179.98,4100,3700,4510,4179.98,4100,3700,4510
2022,Singapore Institute of Technology,SIT- Newcastle University,Bachelor of Engineering with Honours in Marine Engineering,2512,93.5,93.5,4069.310345,3800,4211.034483,3900,3750,4400,4211.034483,3900,3750,4400
2022,Singapore Institute of Technology,SIT- Newcastle University,Bachelor of Engineering with Honours in Mechanical Design and Manufacturing Engineering,2513,88.5,80.3,4084.244898,4000,4291.64898,4100,3710,4500,4291.64898,4100,3710,4500
2022,Singapore Institute of Technology,SIT- Newcastle University,Bachelor of Engineering with Honours in Naval Architecture ^,2514,100,100,4390,3900,4540,4000,3800,5650,4540,4000,3800,5650
2022,Singapore Institute of Technology,SIT- Newcastle University,Bachelor of Engineering with Honours in Offshore Engineering ^,2515,90.5,85.7,3555.555556,3500,3797.611111,3675,3500,3900,3797.611111,3675,3500,3900
2022,Singapore Institute of Technology,SIT-Trinity College Dublin,Bachelor in Science (Physiotherapy),2516,98.1,98.1,3638.99,3630,3697.075,3674.25,3500,3850,3697.075,3674.25,3500,3850
2022,Singapore Institute of Technology,SIT-University of Glasgow,Bachelor of Engineering with Honours in Aerospace Engineering,2517,74.3,62.9,4085.454545,3750,4371.636364,4200,3500,4400,4371.636364,4200,3500,4400
2022,Singapore Institute of Technology,SIT-University of Glasgow,Bachelor of Engineering with Honours in Civil Engineering,2518,90.1,87.3,3932.42623,3800,4005.885246,3800,3700,4300,4005.885246,3800,3700,4300
2022,Singapore Institute of Technology,SIT-University of Glasgow,Bachelor of Engineering with Honours in Mechanical Engineering,2519,82.9,77.6,4070.236842,3900,4236.473684,4000,3800,4500,4236.473684,4000,3800,4500
2022,Singapore Institute of Technology,SIT-University of Glasgow,Bachelor of Science with Honours in Computing Science,2520,91.2,86.8,4979.817069,5000,5113.31719,5000,4800,5500,5113.31719,5000,4800,5500
2022,Singapore Institute of Technology,SIT-University of Glasgow,Bachelor of Science with Honours in Nursing,2521,98.6,88.4,3511.114754,3458,3796.516393,3800,3500,4100,3796.516393,3800,3500,4100
2022,Singapore Institute of Technology,Technische Universität München,Bachelor of Science in Chemical Engineering,2522,94.1,85.3,3704.482759,3600,4002.482759,3950,3600,4300,4002.482759,3950,3600,4300
2022,Singapore Institute of Technology,Technische Universität München,Bachelor of Science in Electrical Engineering & Information Technology ^,2523,95,85,4522.2,4200,4605.533333,4280,4000,4800,4605.533333,4280,4000,4800
2022,Singapore Institute of Technology,The Culinary Institute of America,Bachelor of Business Administration in Food Business Management ^,2524,89.5,78.9,2609,2450,2969,3050,2300,3500,2969,3050,2300,3500
2022,Singapore Institute of Technology,University of Liverpool,Bachelor of Arts with Honours in Criminology and Security,2525,90.5,85.7,4277.888889,4050,4533.247222,4560.835,4000,5293,4533.247222,4560.835,4000,5293
2013,Nanyang Technological University,College of Business (Nanyang Business School),Accountancy and Business,2526,97.4,96.1,3701,3200,3727,3350,2900,4000,3727,3350,2900,4000
2013,Nanyang Technological University,College of Business (Nanyang Business School),Accountancy (3-yr direct Honours Programme),2527,97.1,95.7,2850,2700,2938,2700,2700,2900,2938,2700,2700,2900
2013,Nanyang Technological University,College of Business (Nanyang Business School),Business (3-yr direct Honours Programme),2528,90.9,85.7,3053,3000,3214,3000,2700,3500,3214,3000,2700,3500
2013,Nanyang Technological University,College of Business (Nanyang Business School),Business and Computing,2529,87.5,87.5,3557,3400,3615,3400,3000,4100,3615,3400,3000,4100
2013,Nanyang Technological University,College of Engineering,Aerospace Engineering,2530,95.3,95.3,3494,3500,3536,3500,3100,3816,3536,3500,3100,3816
2013,Nanyang Technological University,College of Engineering,Bioengineering,2531,81.3,68.8,2952,2900,3166,3125,2893,3365,3166,3125,2893,3365
2013,Nanyang Technological University,College of Engineering,Chemical and Biomolecular Engineering,2532,87.3,85.1,3235,3000,3377,3200,3000,3800,3377,3200,3000,3800
2013,Nanyang Technological University,College of Engineering,Computer Engineering,2533,90.3,88.2,3326,3100,3374,3175,3000,3600,3374,3175,3000,3600
2013,Nanyang Technological University,College of Engineering,Civil Engineering,2534,94.8,93.8,3091,3000,3182,3100,3000,3380,3182,3100,3000,3380
2013,Nanyang Technological University,College of Engineering,Computer Science,2535,92.1,88.5,3249,3000,3306,3125,3000,3600,3306,3125,3000,3600
2013,Nanyang Technological University,College of Engineering,Electrical and Electronic Engineering,2536,91,88.7,3133,3000,3187,3100,3000,3440,3187,3100,3000,3440
2013,Nanyang Technological University,College of Engineering,Environmental Engineering,2537,84,81.5,3091,3000,3140,3000,3000,3300,3140,3000,3000,3300
2013,Nanyang Technological University,College of Engineering,Information Engineering and Media,2538,85.7,79.6,3160,3150,3203,3200,2950,3400,3203,3200,2950,3400
2013,Nanyang Technological University,College of Engineering,Materials Engineering,2539,82.5,78.9,2989,3000,3096,3000,2800,3300,3096,3000,2800,3300
2013,Nanyang Technological University,College of Engineering,Mechanical Engineering,2540,91.6,89.5,3125,3000,3226,3100,3000,3500,3226,3100,3000,3500
2013,Nanyang Technological University,College of Engineering,Maritime Studies,2541,95.6,93.3,3050,3000,3111,3000,2850,3200,3111,3000,2850,3200
2013,Nanyang Technological University,"College of Humanities, Arts & Social Sciences","Art, Design & Media",2542,81.6,61.4,2639,2500,2638,2500,2300,2900,2638,2500,2300,2900
2013,Nanyang Technological University,"College of Humanities, Arts & Social Sciences",Chinese,2543,85.1,80.5,2818,2800,2924,3000,2600,3300,2924,3000,2600,3300
2013,Nanyang Technological University,"College of Humanities, Arts & Social Sciences",Communication Studies,2544,89.4,79.6,2893,2930,2956,3000,2700,3250,2956,3000,2700,3250
2013,Nanyang Technological University,"College of Humanities, Arts & Social Sciences",Economics,2545,89.9,83.5,3085,3000,3148,3000,2800,3545,3148,3000,2800,3545
2013,Nanyang Technological University,"College of Humanities, Arts & Social Sciences",English,2546,82.7,67.3,3087,3000,3179,3100,2800,3400,3179,3100,2800,3400
2013,Nanyang Technological University,"College of Humanities, Arts & Social Sciences",Linguistics and Multilingual Studies,2547,90.6,81.3,2691,2600,2725,2625,2475,3018,2725,2625,2475,3018
2013,Nanyang Technological University,"College of Humanities, Arts & Social Sciences",Psychology,2548,82.4,71.8,3007,3000,3061,3000,2750,3255,3061,3000,2750,3255
2013,Nanyang Technological University,"College of Humanities, Arts & Social Sciences",Sociology,2549,74.4,55.8,2980,3000,3082,3100,2800,3310,3082,3100,2800,3310
2013,Nanyang Technological University,College of Sciences,Biomedical Sciences **,2550,na,na,na,na,na,na,na,na,na,na,na,na
2013,Nanyang Technological University,College of Sciences,Biomedical Sciences (Traditional Chinese Medicine) #,2551,90.7,88.4,2840,2800,2883,2807,2700,3000,2883,2807,2700,3000
2013,Nanyang Technological University,College of Sciences,Biological Sciences,2552,78.6,68.1,2881,2900,3002,3000,2700,3250,3002,3000,2700,3250
2013,Nanyang Technological University,College of Sciences,Chemistry & Biological Chemistry,2553,79.8,68.9,2993,3000,3083,3100,2800,3400,3083,3100,2800,3400
2013,Nanyang Technological University,College of Sciences,Mathematics & Economics **,2554,na,na,na,na,na,na,na,na,na,na,na,na
2013,Nanyang Technological University,College of Sciences,Mathematical Science,2555,86,83.7,3169,3000,3262,3000,2750,3500,3262,3000,2750,3500
2013,Nanyang Technological University,College of Sciences,Physics / Applied Physics,2556,80.8,69.2,3164,3000,3208,3300,2900,3400,3208,3300,2900,3400
2013,Nanyang Technological University,College of Sciences,Sports Science and Management,2557,68.2,59.1,2968,3000,2985,3000,2700,3400,2985,3000,2700,3400
2013,Nanyang Technological University,National Institute of Education (NIE),Science (with Education),2558,100,100,3377,3400,3478,3498,3300,3800,3478,3498,3300,3800
2013,Nanyang Technological University,National Institute of Education (NIE),Arts (with Education),2559,100,100,3413,3426,3506,3498,3400,3575,3506,3498,3400,3575
2013,National University of Singapore,Faculty of Arts & Social Sciences,Bachelor of Arts,2560,84.8,70.1,2741,2730,2888,2800,2500,3080,2888,2800,2500,3080
2013,National University of Singapore,Faculty of Arts & Social Sciences,Bachelor of Arts (Hons),2561,86.6,74.6,3057,3200,3154,3200,2800,3500,3154,3200,2800,3500
2013,National University of Singapore,Faculty of Arts & Social Sciences,Bachelor of Social Sciences,2562,88.1,76.8,3098,3100,3210,3200,2800,3500,3210,3200,2800,3500
2013,National University of Singapore,NUS Business School,Bachelor of Business Administration,2563,88.7,81.7,2960,2868,3062,3000,2700,3370,3062,3000,2700,3370
2013,National University of Singapore,NUS Business School,Bachelor of Business Administration (Hons),2564,94.6,90.3,3404,3050,3512,3200,2800,3800,3512,3200,2800,3800
2013,National University of Singapore,NUS Business School,Bachelor of Business Administration (Accountancy),2565,93.3,88.9,2740,2700,2922,2700,2700,3018,2922,2700,2700,3018
2013,National University of Singapore,NUS Business School,Bachelor of Business Administration (Accountancy) (Hons),2566,97.2,94.4,3065,2800,3143,2800,2700,3200,3143,2800,2700,3200
2013,National University of Singapore,School of Computing,Bachelor of Computing (Communications and Media),2567,88.9,77.8,3350,3000,3377,3050,2825,3425,3377,3050,2825,3425
2013,National University of Singapore,School of Computing,Bachelor of Computing (Computational Biology) **,2568,na,na,na,na,na,na,na,na,na,na,na,na
2013,National University of Singapore,School of Computing,Bachelor of Computing (Computer Engineering) **,2569,na,na,na,na,na,na,na,na,na,na,na,na
2013,National University of Singapore,School of Computing,Bachelor of Computing (Computer Science),2570,92.4,83.3,3933,3400,3953,3425,3000,4000,3953,3425,3000,4000
2013,National University of Singapore,School of Computing,Bachelor of Computing (Electronic Commerce),2571,88.9,83.3,3277,3050,3320,3080,2800,3553,3320,3080,2800,3553
2014,Nanyang Technological University,College of Engineering,Aerospace Engineering,2572,84.6,82.7,3715,3700,3911,3770,3300,4070,3911,3770,3300,4070
2013,National University of Singapore,School of Computing,Bachelor of Computing (Information Systems),2573,89.2,83.9,3266,3000,3322,3005,3000,3800,3322,3005,3000,3800
2013,National University of Singapore,Faculty of Dentistry,Bachelor of Dental Surgery,2574,100,100,4106,4000,4106,4000,4000,4400,4106,4000,4000,4400
2013,National University of Singapore,School of Design & Environment,Bachelor of Arts (Architecture) ** #,2575,na,na,na,na,na,na,na,na,na,na,na,na
2013,National University of Singapore,School of Design & Environment,Bachelor of Arts (Industrial Design),2576,82.1,53.6,3007,2650,3023,2650,2400,3000,3023,2650,2400,3000
2013,National University of Singapore,School of Design & Environment,Bachelor of Science (Project and Facilities Management),2577,96.8,96.8,2961,2980,3025,3000,2800,3200,3025,3000,2800,3200
2013,National University of Singapore,School of Design & Environment,Bachelor of Science (Real Estate),2578,89.2,89.2,2839,2800,2988,2900,2600,3179,2988,2900,2600,3179
2013,National University of Singapore,Faculty of Engineering,Bachelor of Engineering (Bioengineering),2579,74,60,2823,3000,3068,3000,2720,3250,3068,3000,2720,3250
2013,National University of Singapore,Faculty of Engineering,Bachelor of Engineering (Chemical Engineering),2580,93.2,90,3245,3000,3359,3175,3000,3644,3359,3175,3000,3644
2013,National University of Singapore,Faculty of Engineering,Bachelor of Engineering (Civil Engineering),2581,96.1,94.1,3140,3000,3154,3050,3000,3300,3154,3050,3000,3300
2013,National University of Singapore,Faculty of Engineering,Bachelor of Engineering (Computer Engineering),2582,88.9,85.6,3592,3200,3653,3200,3000,3970,3653,3200,3000,3970
2013,National University of Singapore,Faculty of Engineering,Bachelor of Engineering (Electrical Engineering),2583,88.5,88,3286,3100,3334,3200,3000,3600,3334,3200,3000,3600
2013,National University of Singapore,Faculty of Engineering,Bachelor of Engineering (Engineering Science),2584,86.2,75.9,2940,3000,2960,3000,2800,3150,2960,3000,2800,3150
2013,National University of Singapore,Faculty of Engineering,Bachelor of Engineering (Environmental Engineering),2585,93.8,87.5,3153,3100,3208,3110,3000,3500,3208,3110,3000,3500
2013,National University of Singapore,Faculty of Engineering,Bachelor of Engineering (Industrial and Systems Engineering),2586,93.9,92.4,3330,3200,3397,3200,3000,3800,3397,3200,3000,3800
2013,National University of Singapore,Faculty of Engineering,Bachelor of Engineering (Materials Science and Engineering),2587,90.9,87.9,3036,3000,3169,3000,3000,3260,3169,3000,3000,3260
2013,National University of Singapore,Faculty of Engineering,Bachelor of Engineering (Mechanical Engineering),2588,89.1,87.2,3155,3000,3319,3225,3000,3500,3319,3225,3000,3500
2013,National University of Singapore,Faculty of Law,Bachelor of Laws (LLB) (Hons) #,2589,98.8,98.2,4922,4800,5099,5000,4500,5800,5099,5000,4500,5800
2013,National University of Singapore,YLL School of Medicine,Bachelor of Medicine and Bachelor of Surgery (MBBS) #,2590,100,100,4406,4500,4741,4500,4500,5200,4741,4500,4500,5200
2013,National University of Singapore,YLL School of Medicine,Bachelor of Science (Nursing),2591,97.5,97.5,2687,2750,2886,2950,2700,3050,2886,2950,2700,3050
2013,National University of Singapore,YLL School of Medicine,Bachelor of Science (Nursing) (Hons),2592,100,100,2896,3000,3042,3025,3000,3200,3042,3025,3000,3200
2013,National University of Singapore,Yong Siew Toh Conservatory of Music,Bachelor of Music **,2593,na,na,na,na,na,na,na,na,na,na,na,na
2013,National University of Singapore,Faculty of Science,Bachelor of Applied Science **,2594,na,na,na,na,na,na,na,na,na,na,na,na
2013,National University of Singapore,Faculty of Science,Bachelor of Applied Science (Hons),2595,97.3,97.3,2850,2750,2925,2900,2600,3255,2925,2900,2600,3255
2013,National University of Singapore,Faculty of Science,Bachelor of Science,2596,80.9,65.1,2726,2700,2804,2800,2600,3000,2804,2800,2600,3000
2013,National University of Singapore,Faculty of Science,Bachelor of Science (Hons),2597,83.6,74,3101,3000,3217,3100,2868,3500,3217,3100,2868,3500
2013,National University of Singapore,Faculty of Science,Bachelor of Science (Computational Biology) **,2598,na,na,na,na,na,na,na,na,na,na,na,na
2013,National University of Singapore,Faculty of Science,Bachelor of Science (Pharmacy) (Hons) #,2599,96.4,96.4,3473,3500,3540,3500,3350,3750,3540,3500,3350,3750
2013,Singapore Management University,School of Accountancy (4-year programme) *,Accountancy (4-years programme),2600,94.2,93.2,3231,2800,3342,2825,2700,3430,3342,2825,2700,3430
2013,Singapore Management University,School of Accountancy (4-year programme) *,Accountancy (4-years programme) Cum Laude and above,2601,95.2,95.2,3580,2900,3634,3000,2700,3750,3634,3000,2700,3750
2013,Singapore Management University,School of Business (4-year programme) *,Business Management (4-years programme),2602,93.2,87.3,3344,3000,3520,3200,2800,3750,3520,3200,2800,3750
2013,Singapore Management University,School of Business (4-year programme) *,Business Management (4-years programme) Cum Laude and above,2603,95.9,93.8,3825,3500,3975,3580,3000,4100,3975,3580,3000,4100
2013,Singapore Management University,School of Economics (4-year programme) *,Economics (4-years programme),2604,90.6,88.6,3389,3200,3513,3339,3000,3800,3513,3339,3000,3800
2013,Singapore Management University,School of Economics (4-year programme) *,Economics (4-years programme) Cum Laude and above,2605,94,94,3731,3500,3820,3600,3250,4000,3820,3600,3250,4000
2013,Singapore Management University,School of Information Systems (4-year programme) *,Information Systems Management (4-years programme),2606,93.6,89.5,3389,3300,3468,3300,3000,3800,3468,3300,3000,3800
2013,Singapore Management University,School of Information Systems (4-year programme) *,Information Systems Management (4-years programme) Cum Laude and above,2607,100,90.9,3786,3725,3862,3800,3500,4000,3862,3800,3500,4000
2013,Singapore Management University,School of Social Sciences (4-year programme) *,Social Sciences (4-years programme),2608,86.5,79.8,3122,3000,3150,3000,2600,3320,3150,3000,2600,3320
2013,Singapore Management University,School of Social Sciences (4-year programme) *,Social Sciences (4-years programme) Cum Laude and above,2609,87.5,83.3,3251,3200,3267,3200,2800,3781,3267,3200,2800,3781
2013,Singapore Management University,School of Law (4-year programme) *,Law (4-years programme) #,2610,100,100,5023,4800,5246,5000,4500,6000,5246,5000,4500,6000
2013,Singapore Management University,School of Law (4-year programme) *,Law (4-years programme) Cum Laude and above #,2611,100,100,5329,5000,5617,5547,4750,6400,5617,5547,4750,6400
2014,Nanyang Technological University,College of Business (Nanyang Business School),Accountancy and Business,2612,98.2,95.6,3539,3300,3597,3300,2900,4000,3597,3300,2900,4000
2014,Nanyang Technological University,College of Business (Nanyang Business School),Accountancy (3-yr direct Honours Programme),2613,96.6,96.1,2981,2800,3003,2840,2700,3000,3003,2840,2700,3000
2014,Nanyang Technological University,College of Business (Nanyang Business School),Business (3-yr direct Honours Programme),2614,89.6,80.2,3231,3000,3318,3100,2800,3600,3318,3100,2800,3600
2014,Nanyang Technological University,College of Business (Nanyang Business School),Business and Computing,2615,92.9,89.3,3398,3400,3431,3450,3232,4000,3431,3450,3232,4000
2014,Nanyang Technological University,College of Engineering,Bioengineering,2616,79.8,69.7,2998,3000,3188,3000,2825,3400,3188,3000,2825,3400
2014,Nanyang Technological University,College of Engineering,Chemical and Biomolecular Engineering,2617,83.8,76.1,3296,3250,3415,3400,3200,3575,3415,3400,3200,3575
2014,Nanyang Technological University,College of Engineering,Computer Engineering,2618,91.4,88.8,3423,3300,3512,3400,3200,3800,3512,3400,3200,3800
2014,Nanyang Technological University,College of Engineering,Civil Engineering,2619,93.8,92.9,3122,3000,3152,3100,3000,3300,3152,3100,3000,3300
2014,Nanyang Technological University,College of Engineering,Computer Science,2620,94.5,93.7,3269,3200,3304,3200,3000,3700,3304,3200,3000,3700
2014,Nanyang Technological University,College of Engineering,Electrical and Electronic Engineering,2621,90.7,88.4,3241,3175,3336,3200,3000,3500,3336,3200,3000,3500
2014,Nanyang Technological University,College of Engineering,Environmental Engineering,2622,88.9,82.2,3121,3000,3111,3000,3000,3500,3111,3000,3000,3500
2014,Nanyang Technological University,College of Engineering,Information Engineering and Media,2623,85.7,73.2,3185,3000,3318,3200,3000,3600,3318,3200,3000,3600
2014,Nanyang Technological University,College of Engineering,Materials Engineering,2624,82.5,77.7,3145,3000,3261,3150,3000,3410,3261,3150,3000,3410
2014,Nanyang Technological University,College of Engineering,Mechanical Engineering,2625,90.2,87.8,3161,3000,3289,3100,3000,3500,3289,3100,3000,3500
2014,Nanyang Technological University,College of Engineering,Maritime Studies,2626,92.5,92.5,3163,3050,3206,3050,3000,3500,3206,3050,3000,3500
2014,Nanyang Technological University,"College of Humanities, Arts & Social Sciences","Art, Design & Media",2627,80,68,2761,2600,2791,2700,2300,3000,2791,2700,2300,3000
2014,Nanyang Technological University,"College of Humanities, Arts & Social Sciences",Chinese,2628,86.8,75.8,2927,3000,3006,3000,2700,3300,3006,3000,2700,3300
2014,Nanyang Technological University,"College of Humanities, Arts & Social Sciences",Communication Studies,2629,86.7,77.9,2891,2800,2976,3000,2600,3294,2976,3000,2600,3294
2014,Nanyang Technological University,"College of Humanities, Arts & Social Sciences",Economics,2630,88.7,78.4,3183,3075,3222,3200,3000,3500,3222,3200,3000,3500
2014,Nanyang Technological University,"College of Humanities, Arts & Social Sciences",English,2631,87,63,3137,3000,3432,3100,2800,3990,3432,3100,2800,3990
2014,Nanyang Technological University,"College of Humanities, Arts & Social Sciences",Linguistics and Multilingual Studies,2632,85.7,66.7,3066,3000,3148,3230,2800,3500,3148,3230,2800,3500
2014,Nanyang Technological University,"College of Humanities, Arts & Social Sciences",Psychology,2633,66.7,54.9,3197,3100,3228,3100,2800,3500,3228,3100,2800,3500
2014,Nanyang Technological University,"College of Humanities, Arts & Social Sciences",Sociology,2634,73.2,67.9,3002,3000,3143,3100,2800,3260,3143,3100,2800,3260
2014,Nanyang Technological University,College of Sciences,Biomedical Science **,2635,na,na,na,na,na,na,na,na,na,na,na,na
2014,Nanyang Technological University,College of Sciences,Biomedical Science (Traditional Chinese Medicine) #,2636,100,100,2974,2900,3018,2900,2786,3400,3018,2900,2786,3400
2014,Nanyang Technological University,College of Sciences,Biological Sciences,2637,75.1,60.8,3083,3000,3174,3000,2800,3400,3174,3000,2800,3400
2014,Nanyang Technological University,College of Sciences,Chemistry & Biological Chemistry,2638,80.5,68.3,3006,3000,3321,3100,2800,3400,3321,3100,2800,3400
2014,Nanyang Technological University,College of Sciences,Mathematics & Economics,2639,88.4,87,3155,3200,3142,3200,2800,3500,3142,3200,2800,3500
2014,Nanyang Technological University,College of Sciences,Mathematical Science,2640,91.3,79.7,3022,3000,3078,3200,2800,3300,3078,3200,2800,3300
2014,Nanyang Technological University,College of Sciences,Physics / Applied Physics,2641,73.7,63.2,3034,3000,3241,3100,2800,3560,3241,3100,2800,3560
2014,Nanyang Technological University,College of Sciences,Sports Science and Management,2642,87.9,69.7,3076,2800,3229,3000,2700,3590,3229,3000,2700,3590
2014,Nanyang Technological University,National Institute of Education (NIE),Science (with Education),2643,100,100,3358,3400,3475,3475,3400,3750,3475,3475,3400,3750
2014,Nanyang Technological University,National Institute of Education (NIE),Arts (with Education),2644,100,100,3388,3400,3536,3475,3400,3700,3536,3475,3400,3700
2014,National University of Singapore,Faculty of Arts & Social Sciences,Bachelor of Arts,2645,81.9,65.3,2719,2750,2883,2800,2500,3010,2883,2800,2500,3010
2014,National University of Singapore,Faculty of Arts & Social Sciences,Bachelor of Arts (Hons),2646,83.1,76.6,3141,3210,3277,3300,3000,3600,3277,3300,3000,3600
2014,National University of Singapore,Faculty of Arts & Social Sciences,Bachelor of Social Sciences,2647,88.7,80.1,3192,3200,3304,3250,3000,3600,3304,3250,3000,3600
2014,National University of Singapore,NUS Business School,Bachelor of Business Administration,2648,87.9,83.6,3234,3000,3367,3000,2800,3300,3367,3000,2800,3300
2014,National University of Singapore,NUS Business School,Bachelor of Business Administration (Hons),2649,94.4,90.6,3979,3500,4090,3520,3200,4300,4090,3520,3200,4300
2014,National University of Singapore,NUS Business School,Bachelor of Business Administration (Accountancy),2650,93.9,89.8,2836,2800,2989,2838,2700,3000,2989,2838,2700,3000
2014,National University of Singapore,NUS Business School,Bachelor of Business Administration (Accountancy) (Hons),2651,100,96.3,3350,2850,3407,2912,2800,3614,3407,2912,2800,3614
2014,National University of Singapore,School of Computing,Bachelor of Computing (Communications and Media),2652,82.1,82.1,3107,3000,3129,3088,2900,3300,3129,3088,2900,3300
2014,National University of Singapore,School of Computing,Bachelor of Computing (Computational Biology) **,2653,na,na,na,na,na,na,na,na,na,na,na,na
2014,National University of Singapore,School of Computing,Bachelor of Computing (Computer Engineering) **,2654,na,na,na,na,na,na,na,na,na,na,na,na
2014,National University of Singapore,School of Computing,Bachelor of Computing (Computer Science),2655,90.6,85.9,3729,3500,3712,3500,3300,4000,3712,3500,3300,4000
2014,National University of Singapore,School of Computing,Bachelor of Computing (Electronic Commerce),2656,85.7,85.7,3183,3000,3386,3200,3000,3500,3386,3200,3000,3500
2014,National University of Singapore,School of Computing,Bachelor of Computing (Information Systems),2657,95.5,92,3684,3352,3789,3500,3100,4039,3789,3500,3100,4039
2014,National University of Singapore,Faculty of Dentistry,Bachelor of Dental Surgery,2658,100,100,4054,4000,4054,4000,4000,4020,4054,4000,4000,4020
2014,National University of Singapore,School of Design & Environment,Bachelor of Arts (Architecture) #,2659,98.4,95.2,4290,4200,4400,4275,4000,4750,4400,4275,4000,4750
2014,National University of Singapore,School of Design & Environment,Bachelor of Arts (Industrial Design),2660,77.3,59.1,2600,2550,2603,2565,2200,3000,2603,2565,2200,3000
2014,National University of Singapore,School of Design & Environment,Bachelor of Science (Project and Facilities Management),2661,95.3,94.1,3089,3000,3181,3000,2900,3360,3181,3000,2900,3360
2014,National University of Singapore,School of Design & Environment,Bachelor of Science (Real Estate),2662,93.1,89.2,2931,2950,3108,3000,2750,3300,3108,3000,2750,3300
2014,National University of Singapore,Faculty of Engineering,Bachelor of Engineering (Biomedical Engineering) ^^,2663,87.5,77.1,2966,3000,3058,3000,2700,3300,3058,3000,2700,3300
2014,National University of Singapore,Faculty of Engineering,Bachelor of Engineering (Chemical Engineering),2664,83.9,76.4,3277,3200,3434,3300,3000,3650,3434,3300,3000,3650
2014,National University of Singapore,Faculty of Engineering,Bachelor of Engineering (Civil Engineering),2665,97.1,97.1,3212,3200,3281,3208,3000,3500,3281,3208,3000,3500
2014,National University of Singapore,Faculty of Engineering,Bachelor of Engineering (Computer Engineering),2666,95.2,92.4,3674,3500,3762,3500,3200,4080,3762,3500,3200,4080
2014,National University of Singapore,Faculty of Engineering,Bachelor of Engineering (Electrical Engineering),2667,90.6,88.1,3306,3200,3571,3300,3000,3800,3571,3300,3000,3800
2014,National University of Singapore,Faculty of Engineering,Bachelor of Engineering (Engineering Science),2668,81.3,62.5,3375,3300,3465,3400,3275,3790,3465,3400,3275,3790
2014,National University of Singapore,Faculty of Engineering,Bachelor of Engineering (Environmental Engineering),2669,95.2,92.9,3250,3200,3215,3230,3000,3422,3215,3230,3000,3422
2014,National University of Singapore,Faculty of Engineering,Bachelor of Engineering (Industrial and Systems Engineering),2670,96.5,96.5,3591,3350,3719,3600,3200,4000,3719,3600,3200,4000
2014,National University of Singapore,Faculty of Engineering,Bachelor of Engineering (Materials Science and Engineering),2671,78.6,73.8,3054,3100,3350,3300,3000,3600,3350,3300,3000,3600
2014,National University of Singapore,Faculty of Engineering,Bachelor of Engineering (Mechanical Engineering),2672,90,88.5,3160,3100,3323,3200,3000,3500,3323,3200,3000,3500
2014,National University of Singapore,Faculty of Law,Bachelor of Laws (LLB) (Hons) #,2673,98.2,97.6,5027,5000,5247,5150,4800,5800,5247,5150,4800,5800
2014,National University of Singapore,YLL School of Medicine,Bachelor of Medicine and Bachelor of Surgery #,2674,100,100,4404,4500,4886,5000,4500,5200,4886,5000,4500,5200
2014,National University of Singapore,YLL School of Medicine,Bachelor of Science (Nursing),2675,100,95.6,2976,3000,3188,3200,3050,3386,3188,3200,3050,3386
2014,National University of Singapore,YLL School of Medicine,Bachelor of Science (Nursing) (Hons),2676,100,100,3123,3270,3353,3500,3270,3600,3353,3500,3270,3600
2014,National University of Singapore,Yong Siew Toh Conservatory of Music,Bachelor of Music **,2677,na,na,na,na,na,na,na,na,na,na,na,na
2014,National University of Singapore,Faculty of Science,Bachelor of Applied Science **,2678,na,na,na,na,na,na,na,na,na,na,na,na
2014,National University of Singapore,Faculty of Science,Bachelor of Applied Science (Hons),2679,95.5,81.8,2760,2750,2831,2800,2600,3000,2831,2800,2600,3000
2014,National University of Singapore,Faculty of Science,Bachelor of Science,2680,76.8,61.4,2804,2800,2973,3000,2700,3200,2973,3000,2700,3200
2014,National University of Singapore,Faculty of Science,Bachelor of Science (Hons),2681,86.6,75.8,3224,3200,3328,3210,2950,3600,3328,3210,2950,3600
2014,National University of Singapore,Faculty of Science,Bachelor of Science (Computational Biology) **,2682,na,na,na,na,na,na,na,na,na,na,na,na
2014,National University of Singapore,Faculty of Science,Bachelor of Science (Pharmacy) (Hons) #,2683,98.9,96.7,3467,3500,3670,3630,3470,4000,3670,3630,3470,4000
2014,Singapore Management University,School of Accountancy (4-year programme) *,Accountancy (4-year programme),2684,93.6,91.4,3375,2850,3420,2875,2722,3614,3420,2875,2722,3614
2014,Singapore Management University,School of Accountancy (4-year programme) *,Accountancy (4-year programme) Cum Laude and above,2685,97.4,96.1,3871,3450,3903,3500,2875,4300,3903,3500,2875,4300
2014,Singapore Management University,School of Business (4-year programme) *,Business Management (4-year programme),2686,90.9,86.4,3630,3250,3752,3333,3000,4000,3752,3333,3000,4000
2014,Singapore Management University,School of Business (4-year programme) *,Business Management (4-year programme) Cum Laude and above,2687,94.5,94,4019,3500,4116,3600,3200,4500,4116,3600,3200,4500
2014,Singapore Management University,School of Economics (4-year programme) *,Economics (4-year programme),2688,90.2,83.9,3525,3500,3645,3500,3175,4000,3645,3500,3175,4000
2014,Singapore Management University,School of Economics (4-year programme) *,Economics (4-year programme) Cum Laude and above,2689,90.6,89.1,3815,3800,3824,3800,3300,4350,3824,3800,3300,4350
2014,Singapore Management University,School of Information Systems (4-year programme) *,Information Systems Management (4-year programme),2690,92.9,80.6,3431,3225,3530,3350,3000,4000,3530,3350,3000,4000
2014,Singapore Management University,School of Information Systems (4-year programme) *,Information Systems Management (4-year programme) Cum Laude and above,2691,97.4,84.2,4057,4000,4151,4050,3500,4540,4151,4050,3500,4540
2014,Singapore Management University,School of Social Sciences (4-year programme) *,Social Sciences (4-year programme),2692,90.9,84.1,2981,3000,3166,3000,2800,3580,3166,3000,2800,3580
2014,Singapore Management University,School of Social Sciences (4-year programme) *,Social Sciences (4-year programme) Cum Laude and above,2693,87.5,81.3,3331,3215,3545,3590,3000,3955,3545,3590,3000,3955
2014,Singapore Management University,School of Law (4-year programme) *,Law (4-year programme) #,2694,97.8,95.6,4932,4800,5332,5025,4600,5950,5332,5025,4600,5950
2014,Singapore Management University,School of Law (4-year programme) *,Law (4-year programme) Cum Laude and above #,2695,97.7,97.7,5089,4900,5571,5800,4800,6000,5571,5800,4800,6000
2014,Singapore Institute of Technology,DigiPen Institute of Technology,Bachelor of Arts in Game Design,2696,100,86.7,2490,2700,2490,2700,2575,2800,2490,2700,2575,2800
2014,Singapore Institute of Technology,DigiPen Institute of Technology,Bachelor of Fine Arts in Digital Arts & Animation,2697,90.6,84.4,2586,2600,2603,2600,2300,2885,2603,2600,2300,2885
2014,Singapore Institute of Technology,DigiPen Institute of Technology,Bachelor of Science in Computer Science & Game Design,2698,100,100,2932,2875,2955,2975,2800,3075,2955,2975,2800,3075
2014,Singapore Institute of Technology,DigiPen Institute of Technology,Bachelor of Science in Computer Science in Real-Time Interactive Simulation,2699,100,100,2859,3000,2910,3000,2700,3300,2910,3000,2700,3300
2014,Singapore Institute of Technology,The Glasgow School of Art,Bachelor of Arts with Honours in Communication Design,2700,89.1,78.3,2547,2500,2595,2500,2400,2800,2595,2500,2400,2800
2014,Singapore Institute of Technology,The Glasgow School of Art,Bachelor of Arts with Honours in Interior Design,2701,93.9,90.9,2553,2500,2583,2500,2373,2800,2583,2500,2373,2800
2014,Singapore Institute of Technology,Newcastle University,Bachelor of Engineering with Honours in Chemical Engineering,2702,90.1,84.5,3041,3000,3325,3300,3000,3650,3325,3300,3000,3650
2014,Singapore Institute of Technology,Newcastle University,Bachelor of Engineering with Honours in Marine Engineering,2703,92.6,88.9,3208,3100,3334,3260,3003,3594,3334,3260,3003,3594
2014,Singapore Institute of Technology,Newcastle University,Bachelor of Engineering with Honours in Mechanical Design & Manufacturing Engineering,2704,97.1,85.7,3196,3000,3273,3100,3000,3338,3273,3100,3000,3338
2014,Singapore Institute of Technology,Newcastle University,Bachelor of Engineering with Honours in Naval Architecture,2705,100,94.1,3293,3355,3467,3500,3233,3675,3467,3500,3233,3675
2014,Singapore Institute of Technology,Newcastle University,Bachelor of Engineering with Honours in Offshore Engineering,2706,91.3,91.3,3311,3200,3467,3300,3075,3625,3467,3300,3075,3625
2014,Singapore Institute of Technology,Newcastle University,Bachelor of Science with Honours in Food & Human Nutrition,2707,75,61.4,2806,2750,2854,2800,2500,3170,2854,2800,2500,3170
2014,Singapore Institute of Technology,Technische Universität München,Bachelor of Science in Chemical Engineering,2708,86.7,86.7,2954,2900,3285,3200,2950,3755,3285,3200,2950,3755
2014,Singapore Institute of Technology,Technische Universität München,Bachelor of Science in Electrical Engineering & Information Technology,2709,85.7,82.1,3072,2900,3141,3000,2800,3480,3141,3000,2800,3480
2014,Singapore Institute of Technology,The Culinary Institute of America,Bachelor of Professional Studies in Culinary Arts Management,2710,89.3,89.3,2430,2400,2503,2500,2200,2600,2503,2500,2200,2600
2014,Singapore Institute of Technology,Trinity College Dublin,Bachelor in Science (Occupational Therapy),2711,100,100,3127,3100,3151,3100,3000,3338,3151,3100,3000,3338
2014,Singapore Institute of Technology,Trinity College Dublin,Bachelor in Science (Physiotherapy),2712,100,100,3204,3200,3229,3200,3000,3500,3229,3200,3000,3500
2014,Singapore Institute of Technology,University of Glasgow,Bachelor of Engineering with Honours in Aeronautical Engineering,2713,88,88,3396,3000,3415,3000,2849,4194,3415,3000,2849,4194
2014,Singapore Institute of Technology,University of Glasgow,Bachelor of Engineering with Honours in Aerospace Systems,2714,85.7,75,3217,3100,3333,3150,2900,3500,3333,3150,2900,3500
2014,Singapore Institute of Technology,University of Glasgow,Bachelor of Engineering with Honours in Mechanical Design Engineering,2715,92.3,92.3,3229,3000,3424,3250,2950,3556,3424,3250,2950,3556
2014,Singapore Institute of Technology,University of Glasgow,Bachelor of Engineering with Honours in Mechatronics,2716,93,87.3,3067,3050,3209,3100,2964,3443,3209,3100,2964,3443
2014,Singapore Institute of Technology,University of Manchester,Bachelor of Science with Honours in Nursing Practice,2717,97.2,94.4,3230,3260,3464,3511,3115,3860,3464,3511,3115,3860
2014,Singapore Institute of Technology,"University of Nevada, Las Vegas",Bachelor of Science (Major in Hospitality Management),2718,88.8,78,2445,2500,2634,2500,2300,2900,2634,2500,2300,2900
2014,Singapore Institute of Technology,Wheelock College,Bachelor of Science in Early Childhood Education,2719,97.1,97.1,2509,2600,2553,2600,2475,2613,2553,2600,2475,2613
2015,Nanyang Technological University,College of Business (Nanyang Business School),Accountancy and Business,2720,98.6,97.3,4225,3500,4438,3770,3000,4850,4438,3770,3000,4850
2015,Nanyang Technological University,College of Business (Nanyang Business School),Accountancy (3-yr direct Honours Programme),2721,97.3,96.5,3182,2850,3240,2875,2850,3125,3240,2875,2850,3125
2015,Nanyang Technological University,College of Business (Nanyang Business School),Business (3-yr direct Honours Programme),2722,92.2,87.6,3343,3100,3502,3200,2900,3700,3502,3200,2900,3700
2015,Nanyang Technological University,College of Business (Nanyang Business School),Business and Computing,2723,100,100,4036,4184,4395,4583,3800,4876,4395,4583,3800,4876
2015,Nanyang Technological University,College of Engineering,Aerospace Engineering,2724,86,86,3699,3650,3724,3700,3450,4000,3724,3700,3450,4000
2015,Nanyang Technological University,College of Engineering,Aerospace Engineering and Economics **,2725,na,na,na,na,na,na,na,na,na,na,na,na
2015,Nanyang Technological University,College of Engineering,Bioengineering,2726,92.6,76.5,3079,3000,3197,3113,2900,3450,3197,3113,2900,3450
2015,Nanyang Technological University,College of Engineering,Business and Computer Engineering **,2727,na,na,na,na,na,na,na,na,na,na,na,na
2015,Nanyang Technological University,College of Engineering,Chemical And Biomolecular Engineering,2728,86.8,80.9,3156,3100,3373,3300,3000,3600,3373,3300,3000,3600
2015,Nanyang Technological University,College of Engineering,Chemical And Biomolecular Engineering and Economics **,2729,na,na,na,na,na,na,na,na,na,na,na,na
2015,Nanyang Technological University,College of Engineering,Computer Engineering,2730,85.1,83,3489,3350,3577,3500,3200,4000,3577,3500,3200,4000
2015,Nanyang Technological University,College of Engineering,Civil Engineering,2731,95.3,93,3125,3100,3206,3200,3000,3300,3206,3200,3000,3300
2015,Nanyang Technological University,College of Engineering,Computer Science,2732,92.4,91.4,3489,3300,3535,3300,3150,3800,3535,3300,3150,3800
2015,Nanyang Technological University,College of Engineering,Electrical And Electronic Engineering,2733,88.6,86.2,3345,3200,3446,3300,3000,3690,3446,3300,3000,3690
2015,Nanyang Technological University,College of Engineering,Environmental Engineering,2734,89.7,82.1,3472,3200,3673,3300,3000,3835,3673,3300,3000,3835
2015,Nanyang Technological University,College of Engineering,Environmental Engineering and Economics **,2735,na,na,na,na,na,na,na,na,na,na,na,na
2015,Nanyang Technological University,College of Engineering,Information Engineering And Media,2736,87.3,80,3271,3200,3375,3275,3000,3500,3375,3275,3000,3500
2015,Nanyang Technological University,College of Engineering,Information Engineering And Media and Economics **,2737,na,na,na,na,na,na,na,na,na,na,na,na
2015,Nanyang Technological University,College of Engineering,Materials Engineering,2738,82.9,76.8,3213,3100,3397,3200,3000,3600,3397,3200,3000,3600
2015,Nanyang Technological University,College of Engineering,Mechanical Engineering,2739,88,80.7,3248,3200,3388,3250,3000,3600,3388,3250,3000,3600
2015,Nanyang Technological University,College of Engineering,Mechanical Engineering and Economics **,2740,na,na,na,na,na,na,na,na,na,na,na,na
2015,Nanyang Technological University,College of Engineering,Maritime Studies,2741,95,95,3249,3200,3271,3200,3000,3300,3271,3200,3000,3300
2015,Nanyang Technological University,"College of Humanities, Arts & Social Sciences","Art, Design & Media",2742,79.3,56.9,3284,2800,3457,2800,2200,3000,3457,2800,2200,3000
2015,Nanyang Technological University,"College of Humanities, Arts & Social Sciences",Chinese,2743,81.8,76.6,2978,3000,3045,3200,2800,3500,3045,3200,2800,3500
2015,Nanyang Technological University,"College of Humanities, Arts & Social Sciences",Communication Studies,2744,85.1,74.4,2921,2900,3008,3000,2600,3330,3008,3000,2600,3330
2015,Nanyang Technological University,"College of Humanities, Arts & Social Sciences",Economics,2745,87.4,75.9,3322,3200,3496,3300,3000,3800,3496,3300,3000,3800
2015,Nanyang Technological University,"College of Humanities, Arts & Social Sciences",English,2746,88,74,3238,3000,3322,3314,2604,3743,3322,3314,2604,3743
2015,Nanyang Technological University,"College of Humanities, Arts & Social Sciences",Linguistics And Multilingual Studies,2747,88.4,55.8,3475,3000,3753,3000,2800,3600,3753,3000,2800,3600
2015,Nanyang Technological University,"College of Humanities, Arts & Social Sciences",Psychology,2748,73.3,52,3099,3121,3264,3200,2800,3562,3264,3200,2800,3562
2015,Nanyang Technological University,"College of Humanities, Arts & Social Sciences",Sociology,2749,85.7,79.4,3260,3000,3402,3125,2700,3600,3402,3125,2700,3600
2015,Nanyang Technological University,College of Sciences,Biomedical Science (Traditional Chinese Medicine) #,2750,100,100,2832,2800,2882,2800,2500,3105,2882,2800,2500,3105
2015,Nanyang Technological University,College of Sciences,Biological Sciences,2751,74.6,65.3,3117,3000,3229,3190,2875,3600,3229,3190,2875,3600
2015,Nanyang Technological University,College of Sciences,Chemistry & Biological Chemistry,2752,83.9,72.3,2960,2900,3139,3000,2800,3500,3139,3000,2800,3500
2015,Nanyang Technological University,College of Sciences,Mathematics & Economics,2753,95.3,84.4,3291,3000,3440,3205,2925,3500,3440,3205,2925,3500
2015,Nanyang Technological University,College of Sciences,Mathematical Science,2754,81.8,72.7,3254,3125,3402,3240,2950,3500,3402,3240,2950,3500
2015,Nanyang Technological University,College of Sciences,Physics / Applied Physics,2755,82.1,69.6,3098,3000,3186,3200,2900,3400,3186,3200,2900,3400
2015,Nanyang Technological University,College of Sciences,Sports Science and Management,2756,90.7,72.1,3232,3000,3307,3295,2900,3600,3307,3295,2900,3600
2015,Nanyang Technological University,National Institute of Education (NIE),Science (with Education),2757,100,100,3496,3500,3604,3504,3500,3855,3604,3504,3500,3855
2015,Nanyang Technological University,National Institute of Education (NIE),Arts (with Education),2758,100,100,3551,3500,3622,3500,3500,3605,3622,3500,3500,3605
2015,National University of Singapore,Faculty of Arts & Social Sciences,Bachelor of Arts,2759,88.4,74.6,2839,2880,2999,3000,2700,3215,2999,3000,2700,3215
2015,National University of Singapore,Faculty of Arts & Social Sciences,Bachelor of Arts (Hons),2760,83,70.5,3266,3310,3310,3310,3000,3625,3310,3310,3000,3625
2015,National University of Singapore,Faculty of Arts & Social Sciences,Bachelor of Social Sciences,2761,88.6,79.8,3317,3300,3442,3310,3000,3686,3442,3310,3000,3686
2015,National University of Singapore,NUS Business School,Bachelor of Business Administration,2762,88.2,80.3,3164,3000,3341,3000,2800,3700,3341,3000,2800,3700
2015,National University of Singapore,NUS Business School,Bachelor of Business Administration (Hons),2763,96,93.1,4173,3750,4326,3800,3300,4600,4326,3800,3300,4600
2015,National University of Singapore,NUS Business School,Bachelor of Business Administration (Accountancy),2764,97.6,97.6,2817,2850,2983,2850,2700,2960,2983,2850,2700,2960
2015,National University of Singapore,NUS Business School,Bachelor of Business Administration (Accountancy) (Hons),2765,98.6,98.6,3547,3000,3587,3000,2850,3634,3587,3000,2850,3634
2015,National University of Singapore,School of Computing,Bachelor of Computing (Communications and Media),2766,92.6,85.2,3230,3500,3291,3500,2800,3800,3291,3500,2800,3800
2015,National University of Singapore,School of Computing,Bachelor of Computing (Computational Biology) **,2767,na,na,na,na,na,na,na,na,na,na,na,na
2015,National University of Singapore,School of Computing,Bachelor of Computing (Computer Engineering) **,2768,na,na,na,na,na,na,na,na,na,na,na,na
2015,National University of Singapore,School of Computing,Bachelor of Computing (Computer Science),2769,97,95,3847,3700,3890,3700,3300,4400,3890,3700,3300,4400
2015,National University of Singapore,School of Computing,Bachelor of Computing (Electronic Commerce),2770,90.3,87.1,3255,3300,3301,3300,3000,3500,3301,3300,3000,3500
2015,National University of Singapore,School of Computing,Bachelor of Computing (Information Systems),2771,97.2,97.2,3597,3500,3699,3550,3200,4100,3699,3550,3200,4100
2015,National University of Singapore,Faculty of Dentistry,Bachelor of Dental Surgery,2772,100,100,4053,4000,4083,4000,4000,4400,4083,4000,4000,4400
2015,National University of Singapore,School of Design & Environment,Bachelor of Arts (Architecture) #,2773,97.6,96.4,4054,4114,4099,4127,3700,4500,4099,4127,3700,4500
2015,National University of Singapore,School of Design & Environment,Bachelor of Arts (Industrial Design),2774,72,60,2907,3000,2908,3000,2700,3200,2908,3000,2700,3200
2015,National University of Singapore,School of Design & Environment,Bachelor of Science (Project and Facilities Management),2775,94.3,90.8,2989,3000,3067,3000,2800,3215,3067,3000,2800,3215
2015,National University of Singapore,School of Design & Environment,Bachelor of Science (Real Estate),2776,93.9,89.6,3146,3000,3325,3100,2810,3500,3325,3100,2810,3500
2015,National University of Singapore,Faculty of Engineering,Bachelor of Engineering (Biomedical Engineering),2777,86.2,75.9,3256,3200,3357,3300,3000,3500,3357,3300,3000,3500
2015,National University of Singapore,Faculty of Engineering,Bachelor of Engineering (Chemical Engineering),2778,86,82.9,3400,3300,3529,3500,3000,4000,3529,3500,3000,4000
2015,National University of Singapore,Faculty of Engineering,Bachelor of Engineering (Civil Engineering),2779,96.5,95.3,3300,3300,3366,3350,3200,3500,3366,3350,3200,3500
2015,National University of Singapore,Faculty of Engineering,Bachelor of Engineering (Computer Engineering),2780,91.8,90.6,4119,4000,4252,4000,3325,4583,4252,4000,3325,4583
2015,National University of Singapore,Faculty of Engineering,Bachelor of Engineering (Electrical Engineering),2781,92.1,90.4,3452,3200,3589,3300,3000,3700,3589,3300,3000,3700
2015,National University of Singapore,Faculty of Engineering,Bachelor of Engineering (Engineering Science),2782,82.6,73.9,3768,3735,3812,3800,3500,4420,3812,3800,3500,4420
2015,National University of Singapore,Faculty of Engineering,Bachelor of Engineering (Environmental Engineering),2783,88.1,85.7,3318,3430,3337,3450,3000,3670,3337,3450,3000,3670
2015,National University of Singapore,Faculty of Engineering,Bachelor of Engineering (Industrial and Systems Engineering),2784,96.1,94.7,3624,3475,3724,3500,3300,4030,3724,3500,3300,4030
2015,National University of Singapore,Faculty of Engineering,Bachelor of Engineering (Materials Science and Engineering),2785,100,95,3121,3200,3391,3350,3050,3790,3391,3350,3050,3790
2015,National University of Singapore,Faculty of Engineering,Bachelor of Engineering (Mechanical Engineering),2786,83.3,80,3279,3200,3422,3300,3000,3600,3422,3300,3000,3600
2015,National University of Singapore,Faculty of Law,Bachelor of Laws (L.L.B) (Hons) #,2787,96.9,96.9,4866,4600,4910,4700,4200,5800,4910,4700,4200,5800
2015,National University of Singapore,YLL School of Medicine,Bachelor of Medicine and Bachelor of Surgery #,2788,100,100,4352,4500,4729,4900,4500,5000,4729,4900,4500,5000
2015,National University of Singapore,YLL School of Medicine,Bachelor of Science (Nursing),2789,97.3,97.3,3175,3200,3356,3400,3200,3445,3356,3400,3200,3445
2015,National University of Singapore,YLL School of Medicine,Bachelor of Science (Nursing) (Hons),2790,100,100,3219,3200,3466,3435,3300,3700,3466,3435,3300,3700
2015,National University of Singapore,Yong Siew Toh Conservatory of Music,Bachelor of Music,2791,82.4,41.2,3244,3200,3344,3300,3000,3600,3344,3300,3000,3600
2015,National University of Singapore,Faculty of Science,Bachelor of Applied Science **,2792,na,na,na,na,na,na,na,na,na,na,na,na
2015,National University of Singapore,Faculty of Science,Bachelor of Applied Science (Hons),2793,85.2,77.8,3203,3000,3355,3100,3000,4000,3355,3100,3000,4000
2015,National University of Singapore,Faculty of Science,Bachelor of Science,2794,84.3,64.2,2859,2900,3052,3000,2620,3200,3052,3000,2620,3200
2015,National University of Singapore,Faculty of Science,Bachelor of Science (Hons),2795,83.9,76.2,3245,3200,3321,3300,3000,3600,3321,3300,3000,3600
2015,National University of Singapore,Faculty of Science,Bachelor of Science (Computational Biology) **,2796,na,na,na,na,na,na,na,na,na,na,na,na
2015,National University of Singapore,Faculty of Science,Bachelor of Science (Pharmacy) (Hons) #,2797,99,97.9,3431,3500,3717,3500,3400,3929,3717,3500,3400,3929
2015,National University of Singapore,Multi-Disciplinary Programme,Bachelor of Environmental Studies,2798,71.9,59.4,3400,3462,3433,3500,3238,3550,3433,3500,3238,3550
2015,Singapore Management University,School of Accountancy (4-year programme) *,Accountancy,2799,97.3,93,3287,2900,3427,3000,2850,3500,3427,3000,2850,3500
2015,Singapore Management University,School of Accountancy (4-year programme) *,Accountancy Cum Laude and above,2800,97.7,97.7,3597,3100,3701,3200,2850,4110,3701,3200,2850,4110
2015,Singapore Management University,School of Business (4-year programme) *,Business Management,2801,93.9,88.2,3513,3200,3611,3300,3000,4000,3611,3300,3000,4000
2015,Singapore Management University,School of Business (4-year programme) *,Business Management Cum Laude and above,2802,98.3,93.3,4050,3800,4130,3868,3200,4600,4130,3868,3200,4600
2015,Singapore Management University,School of Economics (4-year programme) *,Economics,2803,90.3,85.8,3798,3500,3946,3500,3200,4100,3946,3500,3200,4100
2015,Singapore Management University,School of Economics (4-year programme) *,Economics Cum Laude and above,2804,98.2,92.7,4249,3800,4380,3850,3500,4700,4380,3850,3500,4700
2015,Singapore Management University,School of Information Systems (4-year programme) *,Information Systems Management,2805,94.8,85.9,3491,3500,3660,3500,3200,4110,3660,3500,3200,4110
2015,Singapore Management University,School of Information Systems (4-year programme) *,Information Systems Management Cum Laude and above,2806,97.4,92.1,3577,3800,3834,3800,3500,4166,3834,3800,3500,4166
2015,Singapore Management University,School of Social Sciences (4-year programme) *,Social Sciences,2807,89,83,3306,3100,3550,3200,2980,3600,3550,3200,2980,3600
2015,Singapore Management University,School of Social Sciences (4-year programme) *,Social Sciences Cum Laude and above,2808,93.1,89.7,3887,3500,4012,3560,3300,4583,4012,3560,3300,4583
2015,Singapore Management University,School of Law (4-year programme) *,Law #,2809,99,99,4889,4600,4997,4731,4350,5800,4997,4731,4350,5800
2015,Singapore Management University,School of Law (4-year programme) *,Law Cum Laude and above #,2810,100,100,5160,4766,5313,5000,4500,5995,5313,5000,4500,5995
2015,Singapore University of Technology and Design,na,Bachelor of Engineering (Engineering Product Development),2811,92.5,88.1,3595,3618,3565,3600,3400,3800,3565,3600,3400,3800
2015,Singapore University of Technology and Design,na,Bachelor of Engineering (Engineering Systems and Design),2812,80.3,71.8,3699,3450,3763,3500,3190,4100,3763,3500,3190,4100
2015,Singapore University of Technology and Design,na,Bachelor of Engineering (Information Systems Technology and Design),2813,86,83.7,3872,3700,3952,3950,3338,4450,3952,3950,3338,4450
2015,Singapore University of Technology and Design,na,Bachelor of Science (Architecture and Sustainable Design) ###,2814,na,na,na,na,na,na,na,na,na,na,na,na
2015,Singapore Institute of Technology,DigiPen Institute of Technology,Bachelor of Arts in Game Design **,2815,na,na,na,na,na,na,na,na,na,na,na,na
2015,Singapore Institute of Technology,DigiPen Institute of Technology,Bachelor of Fine Arts in Digital Arts & Animation,2816,88.5,65.4,2643,2700,2682,2700,2500,2800,2682,2700,2500,2800
2015,Singapore Institute of Technology,DigiPen Institute of Technology,Bachelor of Science in Computer Science & Game Design **,2817,na,na,na,na,na,na,na,na,na,na,na,na
2015,Singapore Institute of Technology,DigiPen Institute of Technology,Bachelor of Science in Computer Science in Real-Time Interactive Simulation,2818,95.2,90.5,3332,3200,3346,3233,3000,3500,3346,3233,3000,3500
2015,Singapore Institute of Technology,The Glasgow School of Art,Bachelor of Arts with Honours in Communication Design,2819,76.1,54.3,2896,2750,2922,2750,2523,2975,2922,2750,2523,2975
2015,Singapore Institute of Technology,The Glasgow School of Art,Bachelor of Arts with Honours in Interior Design,2820,87.5,71.9,2520,2600,2893,2700,2500,3025,2893,2700,2500,3025
2015,Singapore Institute of Technology,Newcastle University,Bachelor of Engineering with Honours in Chemical Engineering,2821,85.5,72.6,3097,3000,3405,3250,2900,3750,3405,3250,2900,3750
2015,Singapore Institute of Technology,Newcastle University,Bachelor of Engineering with Honours in Electrical Power Engineering,2822,83,77.4,3334,3100,3452,3300,3000,3550,3452,3300,3000,3550
2015,Singapore Institute of Technology,Newcastle University,Bachelor of Engineering with Honours in Marine Engineering,2823,91.7,91.7,3180,3025,3354,3225,3050,3500,3354,3225,3050,3500
2015,Singapore Institute of Technology,Newcastle University,Bachelor of Engineering with Honours in Mechanical Design & Manufacturing Engineering,2824,90.5,83.3,3069,3050,3266,3200,3000,3500,3266,3200,3000,3500
2015,Singapore Institute of Technology,Newcastle University,Bachelor of Engineering with Honours in Naval Architecture,2825,100,100,3211,3050,3266,3141,2900,3500,3266,3141,2900,3500
2015,Singapore Institute of Technology,Newcastle University,Bachelor of Engineering with Honours in Offshore Engineering,2826,100,94.7,3166,3125,3469,3350,3238,3575,3469,3350,3238,3575
2015,Singapore Institute of Technology,Newcastle University,Bachelor of Science with Honours in Food & Human Nutrition,2827,89.2,81.1,2683,2700,2876,2700,2475,3050,2876,2700,2475,3050
2015,Singapore Institute of Technology,Technische Universität München,Bachelor of Science in Chemical Engineering,2828,87.5,79.2,2759,2800,2970,2950,2800,3200,2970,2950,2800,3200
2015,Singapore Institute of Technology,Technische Universität München,Bachelor of Science in Electrical Engineering & Information Technology,2829,100,90,3044,3100,3339,3250,3000,3488,3339,3250,3000,3488
2015,Singapore Institute of Technology,The Culinary Institute of America,Bachelor of Professional Studies in Culinary Arts Management,2830,92.6,81.5,2482,2300,2586,2400,2000,2800,2586,2400,2000,2800
2015,Singapore Institute of Technology,Singapore Institute of Technology -Trinity College Dublin,Bachelor in Science (Diagnostic Radiography),2831,100,100,3322,3300,3486,3488,3313,3650,3486,3488,3313,3650
2015,Singapore Institute of Technology,Trinity College Dublin,Bachelor in Science (Occupational Therapy),2832,100,100,3126,3120,3149,3125,3000,3225,3149,3125,3000,3225
2015,Singapore Institute of Technology,Trinity College Dublin,Bachelor in Science (Physiotherapy),2833,100,98.3,3234,3200,3310,3222,3200,3500,3310,3222,3200,3500
2015,Singapore Institute of Technology,Trinity College Dublin,Bachelor in Science (Radiation Therapy) **,2834,na,na,na,na,na,na,na,na,na,na,na,na
2015,Singapore Institute of Technology,University of Glasgow,Bachelor of Engineering with Honours in Aeronautical Engineering,2835,81.6,73.7,2766,3000,2840,3000,2614,3293,2840,3000,2614,3293
2015,Singapore Institute of Technology,University of Glasgow,Bachelor of Engineering with Honours in Aerospace Systems,2836,83.3,70.8,3128,3000,3185,3000,2882,3300,3185,3000,2882,3300
2015,Singapore Institute of Technology,University of Glasgow,Bachelor of Engineering with Honours in Mechanical Design Engineering,2837,72.2,61.1,3160,3000,3685,3250,2960,4200,3685,3250,2960,4200
2015,Singapore Institute of Technology,University of Glasgow,Bachelor of Engineering with Honours in Mechatronics,2838,96.4,94.5,3202,3000,3404,3100,2975,3875,3404,3100,2975,3875
2015,Singapore Institute of Technology,University of Glasgow,Bachelor of Science with Honours in Computing Science,2839,95.6,86.7,3247,3250,3391,3300,3152,3400,3391,3300,3152,3400
2015,Singapore Institute of Technology,University of Manchester,Bachelor of Science with Honours in Nursing Practice,2840,98.3,96.7,3304,3400,3624,3615,3400,3838,3624,3615,3400,3838
2015,Singapore Institute of Technology,"University of Nevada, Las Vegas",Bachelor of Science (Major in Hospitality Management),2841,89.9,82.6,2515,2500,2607,2548,2338,2850,2607,2548,2338,2850
2015,Singapore Institute of Technology,Wheelock College,Bachelor of Science in Early Childhood Education,2842,100,96.4,2772,2700,2807,2700,2608,3000,2807,2700,2608,3000
2016,Nanyang Technological University,College of Business (Nanyang Business School),Accountancy,2843,97.3,95.1,3027,2900,3063,2900,2900,3100,3063,2900,2900,3100
2016,Nanyang Technological University,College of Business (Nanyang Business School),Accountancy and Business,2844,97.4,96.6,3836,3500,3893,3500,3100,4250,3893,3500,3100,4250
2016,Nanyang Technological University,College of Business (Nanyang Business School),Business,2845,89.6,77.1,3348,3200,3444,3300,3000,3800,3444,3300,3000,3800
2016,Nanyang Technological University,College of Business (Nanyang Business School),Business and Computing,2846,94.4,94.4,4232,4000,4407,4600,3800,5000,4407,4600,3800,5000
2016,Nanyang Technological University,College of Engineering,Aerospace Engineering,2847,82.4,77.9,3761,3625,3840,3675,3350,4435,3840,3675,3350,4435
2016,Nanyang Technological University,College of Engineering,Aerospace Engineering and Economics **,2848,na,na,na,na,na,na,na,na,na,na,na,na
2016,Nanyang Technological University,College of Engineering,Bioengineering,2849,77.8,63.9,3151,3200,3317,3237,3000,3510,3317,3237,3000,3510
2016,Nanyang Technological University,College of Engineering,Business and Computer Engineering **,2850,na,na,na,na,na,na,na,na,na,na,na,na
2016,Nanyang Technological University,College of Engineering,Chemical And Biomolecular Engineering,2851,80.6,72.6,3336,3225,3476,3400,3200,3800,3476,3400,3200,3800
2016,Nanyang Technological University,College of Engineering,Civil Engineering,2852,92.4,91.6,3407,3250,3505,3300,3200,3800,3505,3300,3200,3800
2016,Nanyang Technological University,College of Engineering,Computer Engineering,2853,83.3,75.9,3792,3500,3833,3500,3300,4420,3833,3500,3300,4420
2016,Nanyang Technological University,College of Engineering,Computer Science,2854,94.6,91.4,3784,3500,3848,3500,3300,4333,3848,3500,3300,4333
2016,Nanyang Technological University,College of Engineering,Electrical And Electronic Engineering,2855,89.1,83.6,3443,3300,3517,3400,3190,3800,3517,3400,3190,3800
2016,Nanyang Technological University,College of Engineering,Environmental Engineering,2856,80.6,74.2,3156,3100,3216,3100,2800,3400,3216,3100,2800,3400
2016,Nanyang Technological University,College of Engineering,Information Engineering And Media,2857,94.6,87.5,3496,3350,3570,3350,3000,4000,3570,3350,3000,4000
2016,Nanyang Technological University,College of Engineering,Maritime Studies,2858,94.2,88.5,3305,3300,3328,3398,3083,3500,3328,3398,3083,3500
2016,Nanyang Technological University,College of Engineering,Materials Engineering,2859,81.3,73.5,3197,3200,3317,3300,3000,3500,3317,3300,3000,3500
2016,Nanyang Technological University,College of Engineering,Materials Engineering and Economics **,2860,na,na,na,na,na,na,na,na,na,na,na,na
2016,Nanyang Technological University,College of Engineering,Mechanical Engineering,2861,86,79.9,3417,3300,3505,3350,3050,3959,3505,3350,3050,3959
2016,Nanyang Technological University,College of Engineering,Mechanical Engineering and Economics **,2862,na,na,na,na,na,na,na,na,na,na,na,na
2016,Nanyang Technological University,"College of Humanities, Arts & Social Sciences","Art, Design & Media",2863,79.7,46.6,2718,2700,2761,2700,2500,3000,2761,2700,2500,3000
2016,Nanyang Technological University,"College of Humanities, Arts & Social Sciences",Chinese,2864,91.1,74.7,3239,3300,3345,3300,3050,3500,3345,3300,3050,3500
2016,Nanyang Technological University,"College of Humanities, Arts & Social Sciences",Communication Studies,2865,87.7,69.6,2938,2900,2996,3000,2575,3365,2996,3000,2575,3365
2016,Nanyang Technological University,"College of Humanities, Arts & Social Sciences",Economics,2866,91.3,79.3,3385,3300,3440,3300,3000,3850,3440,3300,3000,3850
2016,Nanyang Technological University,"College of Humanities, Arts & Social Sciences",English,2867,75,54.2,2974,3000,2997,3000,2700,3400,2997,3000,2700,3400
2016,Nanyang Technological University,"College of Humanities, Arts & Social Sciences",History,2868,87.2,76.6,3027,3000,3082,3000,2700,3500,3082,3000,2700,3500
2016,Nanyang Technological University,"College of Humanities, Arts & Social Sciences",Linguistics And Multilingual Studies,2869,81.8,61.8,3283,3315,3368,3365,2960,3500,3368,3365,2960,3500
2016,Nanyang Technological University,"College of Humanities, Arts & Social Sciences",Psychology,2870,82.1,66.7,3083,3100,3136,3200,2800,3500,3136,3200,2800,3500
2016,Nanyang Technological University,"College of Humanities, Arts & Social Sciences",Public Policy And Global Affairs **,2871,na,na,na,na,na,na,na,na,na,na,na,na
2016,Nanyang Technological University,"College of Humanities, Arts & Social Sciences",Sociology,2872,86.1,63.9,3279,3300,3480,3500,3000,3850,3480,3500,3000,3850
2016,Nanyang Technological University,College of Sciences,Biomedical Sciences & Chinese Medicine #,2873,94.4,88.9,2525,2400,2577,2500,2150,2800,2577,2500,2150,2800
2016,Nanyang Technological University,College of Sciences,Biological Sciences,2874,80.5,64,3132,3100,3222,3175,3000,3550,3222,3175,3000,3550
2016,Nanyang Technological University,College of Sciences,Chemistry & Biological Chemistry,2875,80.6,64.2,3119,3000,3234,3149,2925,3500,3234,3149,2925,3500
2016,Nanyang Technological University,College of Sciences,Mathematical Sciences,2876,88.5,76.9,3453,3400,3535,3500,3200,3750,3535,3500,3200,3750
2016,Nanyang Technological University,College of Sciences,Mathematics & Economics,2877,89.4,72.7,3346,3150,3458,3300,3000,3750,3458,3300,3000,3750
2016,Nanyang Technological University,College of Sciences,Physics / Applied Physics,2878,85.7,77.1,3578,3350,3683,3450,3100,4000,3683,3450,3100,4000
2016,Nanyang Technological University,Sports Science and Management,Sports Science and Management,2879,83.1,66.1,3196,3100,3272,3200,2825,3500,3272,3200,2825,3500
2016,Nanyang Technological University,National Institute of Education (NIE),Arts (with Education),2880,100,100,3337,3500,3525,3525,3400,3615,3525,3525,3400,3615
2016,Nanyang Technological University,National Institute of Education (NIE),Science (with Education),2881,100,100,3438,3500,3546,3525,3500,3850,3546,3525,3500,3850
2016,National University of Singapore,Faculty of Arts & Social Sciences,Bachelor of Arts,2882,86.1,62.5,2971,3000,3063,3000,2600,3200,3063,3000,2600,3200
2016,National University of Singapore,Faculty of Arts & Social Sciences,Bachelor of Arts (Hons),2883,90.7,74.1,3258,3300,3321,3500,3000,3600,3321,3500,3000,3600
2016,National University of Singapore,Faculty of Arts & Social Sciences,Bachelor of Social Sciences,2884,89.5,73.3,3341,3300,3423,3300,3000,3650,3423,3300,3000,3650
2016,National University of Singapore,Faculty Of Dentistry,Bachelor of Dental Surgery,2885,100,100,4173,4050,4221,4050,4050,4450,4221,4050,4050,4450
2016,National University of Singapore,Faculty Of Engineering,Bachelor of Engineering (Biomedical Engineering),2886,91.9,80.6,3314,3100,3366,3200,3000,3500,3366,3200,3000,3500
2016,National University of Singapore,Faculty Of Engineering,Bachelor of Engineering (Chemical Engineering),2887,85.3,80.3,3414,3250,3562,3450,3150,4000,3562,3450,3150,4000
2016,National University of Singapore,Faculty Of Engineering,Bachelor of Engineering (Civil Engineering),2888,95.3,91.9,3402,3300,3509,3420,3200,3800,3509,3420,3200,3800
2016,National University of Singapore,Faculty Of Engineering,Bachelor of Engineering (Computer Engineering),2889,89.1,85.9,3884,3700,3942,3900,3467,4500,3942,3900,3467,4500
2016,National University of Singapore,Faculty Of Engineering,Bachelor of Engineering (Electrical Engineering),2890,91.9,87.6,3669,3400,3765,3500,3200,4200,3765,3500,3200,4200
2016,National University of Singapore,Faculty Of Engineering,Bachelor of Engineering (Engineering Science),2891,85.2,74.1,3549,3400,3707,3740,3350,4026,3707,3740,3350,4026
2016,National University of Singapore,Faculty Of Engineering,Bachelor of Engineering (Environmental Engineering),2892,79.3,65.5,3432,3300,3470,3350,3000,3832,3470,3350,3000,3832
2016,National University of Singapore,Faculty Of Engineering,Bachelor of Engineering (Industrial and Systems Engineering),2893,80.3,78.9,3788,3450,3879,3500,3300,4250,3879,3500,3300,4250
2016,National University of Singapore,Faculty Of Engineering,Bachelor of Engineering (Materials Science And Engineering),2894,90.2,78.4,3381,3300,3501,3540,3200,3900,3501,3540,3200,3900
2016,National University of Singapore,Faculty Of Engineering,Bachelor of Engineering (Mechanical Engineering),2895,86.6,81,3470,3300,3560,3400,3150,3800,3560,3400,3150,3800
2016,National University of Singapore,Faculty of Law,Bachelor of Laws (L.L.B) (Hons) #,2896,97.7,95.9,4844,4775,4898,4900,4200,5600,4898,4900,4200,5600
2016,National University of Singapore,Faculty of Science,Bachelor of Applied Science **,2897,na,na,na,na,na,na,na,na,na,na,na,na
2016,National University of Singapore,Faculty of Science,Bachelor of Applied Science (Hons),2898,81,61.9,2905,2800,3058,3130,2800,3350,3058,3130,2800,3350
2016,National University of Singapore,Faculty of Science,Bachelor of Science,2899,84.3,59.4,2895,3000,2995,3000,2600,3225,2995,3000,2600,3225
2016,National University of Singapore,Faculty of Science,Bachelor of Science (Hons),2900,84.9,71.7,3331,3300,3386,3300,3000,3650,3386,3300,3000,3650
2016,National University of Singapore,Faculty of Science,Bachelor of Science (Computational Biology) **,2901,na,na,na,na,na,na,na,na,na,na,na,na
2016,National University of Singapore,Faculty of Science,Bachelor of Science (Pharmacy)(Hons) #,2902,99.1,97.2,3500,3500,3597,3600,3300,3950,3597,3600,3300,3950
2016,National University of Singapore,NUS Business School,Bachelor of Business Administration,2903,93.6,80.7,3232,3000,3282,3000,2837,3500,3282,3000,2837,3500
2016,National University of Singapore,NUS Business School,Bachelor of Business Administration (Hons),2904,96.4,92.8,4126,3600,4207,3620,3258,4500,4207,3620,3258,4500
2016,National University of Singapore,NUS Business School,Bachelor of Business Administration (Accountancy),2905,88.6,86.4,2977,2900,3020,2963,2800,3100,3020,2963,2800,3100
2016,National University of Singapore,NUS Business School,Bachelor of Business Administration (Accountancy) (Hons),2906,99,99,3435,3000,3465,3075,2900,3800,3465,3075,2900,3800
2016,National University of Singapore,School of Computing,Bachelor of Computing (Communications And Media) **,2907,na,na,na,na,na,na,na,na,na,na,na,na
2016,National University of Singapore,School of Computing,Bachelor of Computing (Computer Science),2908,96.3,93.3,4320,4000,4385,4000,3500,5000,4385,4000,3500,5000
2016,National University of Singapore,School of Computing,Bachelor of Computing (Electronic Commerce) **,2909,na,na,na,na,na,na,na,na,na,na,na,na
2016,National University of Singapore,School of Computing,Bachelor of Computing (Information Systems),2910,94,94,3875,3800,3969,4000,3365,4500,3969,4000,3365,4500
2016,National University of Singapore,School of Design & Environment,Bachelor of Arts (Architecture) #,2911,93.2,89.8,3926,4000,3960,4000,3500,4250,3960,4000,3500,4250
2016,National University of Singapore,School of Design & Environment,Bachelor of Arts (Industrial Design),2912,90.6,65.6,3282,3000,3320,3000,2900,4000,3320,3000,2900,4000
2016,National University of Singapore,School of Design & Environment,Bachelor of Science (Project and Facilities Management),2913,87.8,84.7,3035,3000,3113,3000,2850,3276,3113,3000,2850,3276
2016,National University of Singapore,School of Design & Environment,Bachelor of Science (Real Estate),2914,94.6,92.4,3247,3000,3368,3200,2950,3735,3368,3200,2950,3735
2016,National University of Singapore,Yong Loo Lin School (Medicine),Bachelor of Medicine and Bachelor Of Surgery #,2915,99.4,99.4,4460,4500,4887,5000,4500,5200,4887,5000,4500,5200
2016,National University of Singapore,Yong Loo Lin School (Medicine),Bachelor of Science (Nursing),2916,93.2,90.9,3166,3200,3363,3400,3200,3425,3363,3400,3200,3425
2016,National University of Singapore,Yong Loo Lin School (Medicine),Bachelor of Science (Nursing) (Hons),2917,95.1,95.1,3308,3300,3529,3500,3400,3600,3529,3500,3400,3600
2016,National University of Singapore,Yong Siew Toh Conservatory of Music,Bachelor of Music,2918,85.7,14.3,3250,3250,3250,3250,2999,3500,3250,3250,2999,3500
2016,National University of Singapore,Multi-Disciplinary Programme,Bachelor of Environmental Studies,2919,83.8,67.6,3347,3250,3399,3300,3000,3500,3399,3300,3000,3500
2016,Singapore Management University,School of Accountancy (4-year programme) *,Accountancy,2920,98.5,96,3390,3000,3455,3000,2900,3600,3455,3000,2900,3600
2016,Singapore Management University,School of Accountancy (4-year programme) *,Accountancy Cum Laude and above,2921,100,100,3827,3500,3943,3600,3000,4583,3943,3600,3000,4583
2016,Singapore Management University,School of Business (4-year programme) *,Business Management,2922,92.4,84.6,3727,3400,3831,3500,3000,4000,3831,3500,3000,4000
2016,Singapore Management University,School of Business (4-year programme) *,Business Management Cum Laude and above,2923,96.1,92.1,4140,3550,4234,3660,3250,4583,4234,3660,3250,4583
2016,Singapore Management University,School of Economics (4-year programme) *,Economics,2924,93.4,84,3801,3500,3906,3700,3200,4300,3906,3700,3200,4300
2016,Singapore Management University,School of Economics (4-year programme) *,Economics Cum Laude and above,2925,97,92.5,4315,4000,4425,4107,3800,4750,4425,4107,3800,4750
2016,Singapore Management University,School of Information Systems (4-year programme) *,Information Systems Management,2926,95.7,91.5,3837,3500,3897,3600,3200,4167,3897,3600,3200,4167
2016,Singapore Management University,School of Information Systems (4-year programme) *,Information Systems Management Cum Laude and above,2927,97.5,95,4504,4167,4603,4167,3800,4750,4603,4167,3800,4750
2016,Singapore Management University,School of Social Sciences (4-year programme) *,Social Sciences,2928,91.5,80.4,3199,3100,3311,3145,3000,3500,3311,3145,3000,3500
2016,Singapore Management University,School of Social Sciences (4-year programme) *,Social Sciences Cum Laude and above,2929,94.9,87.2,3405,3300,3548,3400,3000,3668,3548,3400,3000,3668
2016,Singapore Management University,School of Law (4-year programme) *,Law #,2930,95.8,93.7,4810,4600,4915,4850,4200,5800,4915,4850,4200,5800
2016,Singapore Management University,School of Law (4-year programme) *,Law Cum Laude and above #,2931,96.7,96.7,4950,4950,5095,5300,4500,5800,5095,5300,4500,5800
2016,Singapore Institute of Technology,DigiPen Institute of Technology,Bachelor of Arts in Game Design **,2932,na,na,na,na,na,na,na,na,na,na,na,na
2016,Singapore Institute of Technology,DigiPen Institute of Technology,Bachelor of Fine Arts in Digital Arts & Animation,2933,73.3,53.3,3045,3000,3052,3000,2700,3016,3052,3000,2700,3016
2016,Singapore Institute of Technology,DigiPen Institute of Technology,Bachelor of Science in Computer Science & Game Design,2934,85.7,85.7,3312,3400,3329,3400,3100,3500,3329,3400,3100,3500
2016,Singapore Institute of Technology,DigiPen Institute of Technology,Bachelor of Science in Computer Science in Real-Time Interactive Simulation,2935,100,92.9,3729,3680,3803,4000,3500,4200,3803,4000,3500,4200
2016,Singapore Institute of Technology,The Glasgow School of Art,Bachelor of Arts with Honours in Communication Design,2936,91.1,58.9,2652,2600,2652,2600,2500,2700,2652,2600,2500,2700
2016,Singapore Institute of Technology,The Glasgow School of Art,Bachelor of Arts with Honours in Interior Design,2937,97.4,76.3,2467,2500,2485,2515,2200,2800,2485,2515,2200,2800
2016,Singapore Institute of Technology,Newcastle University,Bachelor of Engineering with Honours in Chemical Engineering,2938,85.9,71.8,3201,3100,3463,3300,3080,3650,3463,3300,3080,3650
2016,Singapore Institute of Technology,Newcastle University,Bachelor of Engineering with Honours in Electrical Power Engineering,2939,86.4,79.7,3239,3000,3440,3200,2800,3700,3440,3200,2800,3700
2016,Singapore Institute of Technology,Newcastle University,Bachelor of Engineering with Honours in Marine Engineering,2940,95.2,81,3812,3425,3956,3840,3200,4530,3956,3840,3200,4530
2016,Singapore Institute of Technology,Newcastle University,Bachelor of Engineering with Honours in Mechanical Design & Manufacturing Engineering,2941,87,77.8,3162,3000,3344,3200,2900,3575,3344,3200,2900,3575
2016,Singapore Institute of Technology,Newcastle University,Bachelor of Engineering with Honours in Naval Architecture,2942,90,90,3172,3250,3239,3300,3000,3500,3239,3300,3000,3500
2016,Singapore Institute of Technology,Newcastle University,Bachelor of Engineering with Honours in Offshore Engineering,2943,86.4,72.7,3172,3275,3286,3430,3000,3600,3286,3430,3000,3600
2016,Singapore Institute of Technology,Newcastle University,Bachelor of Science with Honours in Food & Human Nutrition,2944,86.7,62.2,2598,2600,2707,2600,2420,2800,2707,2600,2420,2800
2016,Singapore Institute of Technology,Technische Universität München,Bachelor of Science in Chemical Engineering,2945,78.6,67.9,2776,2900,3149,3130,2500,3700,3149,3130,2500,3700
2016,Singapore Institute of Technology,Technische Universität München,Bachelor of Science in Electrical Engineering & Information Technology,2946,90.9,86.4,2978,3000,3042,3000,2825,3350,3042,3000,2825,3350
2016,Singapore Institute of Technology,The Culinary Institute of America,Bachelor of Professional Studies in Culinary Arts Management,2947,86.2,69,2231,2250,2344,2300,2000,2500,2344,2300,2000,2500
2016,Singapore Institute of Technology,Trinity College Dublin / Singapore Institute of Technology-Trinity College Dublin,Bachelor in Science (Diagnostic Radiography),2948,88.2,88.2,3406,3385,3628,3660,3400,3930,3628,3660,3400,3930
2016,Singapore Institute of Technology,Trinity College Dublin / Singapore Institute of Technology-Trinity College Dublin,Bachelor in Science (Occupational Therapy),2949,100,100,3297,3200,3301,3200,3100,3500,3301,3200,3100,3500
2016,Singapore Institute of Technology,Trinity College Dublin / Singapore Institute of Technology-Trinity College Dublin,Bachelor in Science (Physiotherapy),2950,100,100,3310,3300,3344,3300,3240,3500,3344,3300,3240,3500
2016,Singapore Institute of Technology,Trinity College Dublin / Singapore Institute of Technology-Trinity College Dublin,Bachelor in Science (Radiation Therapy) **,2951,na,na,na,na,na,na,na,na,na,na,na,na
2016,Singapore Institute of Technology,University of Glasgow,Bachelor of Engineering with Honours in Aeronautical Engineering,2952,81.6,65.3,3042,3000,3277,3200,2800,3700,3277,3200,2800,3700
2016,Singapore Institute of Technology,University of Glasgow,Bachelor of Engineering with Honours in Aerospace Systems,2953,82.2,64.4,3312,3225,3390,3275,2900,4009,3390,3275,2900,4009
2016,Singapore Institute of Technology,University of Glasgow,Bachelor of Engineering with Honours in Mechanical Design Engineering,2954,87,70.4,3187,3000,3273,3200,3000,3365,3273,3200,3000,3365
2016,Singapore Institute of Technology,University of Glasgow,Bachelor of Engineering with Honours in Mechatronics,2955,88.7,80.3,3406,3200,3523,3300,3000,3800,3523,3300,3000,3800
2016,Singapore Institute of Technology,University of Glasgow,Bachelor of Science with Honours in Computing Science,2956,89.8,81.6,3645,3600,3704,3600,3400,3900,3704,3600,3400,3900
2016,Singapore Institute of Technology,University of Manchester,Bachelor of Science with Honours in Nursing Practice,2957,92.7,85.5,3378,3400,3600,3600,3400,3750,3600,3600,3400,3750
2016,Singapore Institute of Technology,University of Liverpool,Bachelor of Arts with Honours in Criminology and Security,2958,92.6,81.5,4096,4200,4131,4200,3700,4600,4131,4200,3700,4600
2016,Singapore Institute of Technology,Wheelock College,Bachelor of Science in Early Childhood Education,2959,98,92,2705,2700,2707,2700,2600,2850,2707,2700,2600,2850
2016,Singapore University of Technology and Design,na,Bachelor of Engineering (Engineering Product Development),2960,87,79.7,3620,3500,3690,3600,3300,3750,3690,3600,3300,3750
2016,Singapore University of Technology and Design,na,Bachelor of Engineering (Information Systems Technology and Design),2961,91.9,91.9,4197,4000,4232,4000,3500,4950,4232,4000,3500,4950
2016,Singapore University of Technology and Design,na,Bachelor of Engineering (Engineering Systems and Design),2962,100,93.5,3695,3600,3830,3650,3550,4200,3830,3650,3550,4200
2016,Singapore University of Technology and Design,na,Bachelor of Science (Architecture and Sustainable Design) ###,2963,na,na,na,na,na,na,na,na,na,na,na,na
2017,Nanyang Technological University,College of Business (Nanyang Business School),Bachelor of Accountancy (Hons),2964,97.1,94.5,3121,3000,3166,3000,2900,3100,3166,3000,2900,3100
2017,Nanyang Technological University,College of Business (Nanyang Business School),Double Degree in Bachelor of Accountancy (Hons) and Bachelor of Business (Hons),2965,97.2,94.3,3830,3500,3892,3600,3013,4317,3892,3600,3013,4317
2017,Nanyang Technological University,College of Business (Nanyang Business School),Bachelor of Business (Hons),2966,93,80.8,3530,3300,3643,3300,3000,3800,3643,3300,3000,3800
2017,Nanyang Technological University,College of Business (Nanyang Business School),Double Degree in Bachelor of Business (Hons) and Bachelor of Engineering (Hons) (Computer Science),2967,100,95,5036,4750,5225,5000,4000,5362,5225,5000,4000,5362
2017,Nanyang Technological University,College of Engineering,Bachelor of Engineering (Hons) (Aerospace Engineering),2968,80,75,3645,3492,3702,3500,3250,4210,3702,3500,3250,4210
2017,Nanyang Technological University,College of Engineering,Double Degree in Bachelor of Engineering (Hons) (Aerospace Engineering) and Bachelor of Arts (Hons) in Economics **,2969,na,na,na,na,na,na,na,na,na,na,na,na
2017,Nanyang Technological University,College of Engineering,Bachelor of Engineering (Hons) (Bioengineering),2970,78.3,65.2,3326,3200,3486,3419,3000,3825,3486,3419,3000,3825
2017,Nanyang Technological University,College of Engineering,Bachelor of Engineering  (Hons) (Chemical And Biomolecular Engineering),2971,82.3,75.3,3326,3200,3577,3500,3200,4000,3577,3500,3200,4000
2017,Nanyang Technological University,College of Engineering,Double Degree in Bachelor of Engineering  (Hons) (Chemical And Biomolecular Engineering) and Bachelor of Arts (Hons) in Economics **,2972,na,na,na,na,na,na,na,na,na,na,na,na
2017,Nanyang Technological University,College of Engineering,Bachelor of Engineering (Hons) (Civil Engineering),2973,98.5,96.9,3373,3300,3442,3400,3190,3675,3442,3400,3190,3675
2017,Nanyang Technological University,College of Engineering,Double Degree in Bachelor of Engineering (Hons) (Civil Engineering) and Bachelor of Arts (Hons) in Economics **,2974,na,na,na,na,na,na,na,na,na,na,na,na
2017,Nanyang Technological University,College of Engineering,Bachelor of Engineering (Hons) (Computer Engineering),2975,95.1,87.8,3667,3600,3743,3600,3450,3925,3743,3600,3450,3925
2017,Nanyang Technological University,College of Engineering,Bachelor of Engineering (Hons) (Computer Science),2976,92.4,86.7,4078,3750,4160,3850,3500,4500,4160,3850,3500,4500
2017,Nanyang Technological University,College of Engineering,Double Degree in Bachelor of Business (Hons) and Bachelor of Engineering (Hons) (Computer Engineering) **,2977,na,na,na,na,na,na,na,na,na,na,na,na
2017,Nanyang Technological University,College of Engineering,Bachelor of Engineering (Hons) (Electrical & Electronic Engineering),2978,89.3,85,3532,3500,3657,3600,3200,4000,3657,3600,3200,4000
2017,Nanyang Technological University,College of Engineering,Bachelor of Engineering (Hons) (Environmental Engineering),2979,71.8,64.1,3538,3475,3588,3635,3200,3950,3588,3635,3200,3950
2017,Nanyang Technological University,College of Engineering,Bachelor of Engineering (Hons) (Information Engineering & Media),2980,86.9,78.7,3685,3677,3790,3700,3350,4200,3790,3700,3350,4200
2017,Nanyang Technological University,College of Engineering,Double Degree in Bachelor of Engineering (Hons) (Information Engineering & Media) and Bachelor of Arts (Hons) in Economics **,2981,na,na,na,na,na,na,na,na,na,na,na,na
2017,Nanyang Technological University,College of Engineering,Bachelor of Science (Hons) (Maritime Studies),2982,92.2,92.2,3279,3200,3333,3320,3000,3500,3333,3320,3000,3500
2017,Nanyang Technological University,College of Engineering,Bachelor of Engineering (Hons) (Materials Engineering),2983,84.9,75.6,3288,3200,3434,3375,3200,3700,3434,3375,3200,3700
2017,Nanyang Technological University,College of Engineering,Double Degree in Bachelor of Engineering (Hons) (Materials Engineering) and Bachelor of Arts (Hons) in Economics **,2984,na,na,na,na,na,na,na,na,na,na,na,na
2017,Nanyang Technological University,College of Engineering,Bachelor of Engineering (Hons) (Mechanical Engineering),2985,82.7,74.9,3422,3300,3579,3450,3100,4000,3579,3450,3100,4000
2017,Nanyang Technological University,College of Engineering,Double Degree in Bachelor of Engineering (Hons) (Mechanical Engineering) and Bachelor of Arts (Hons) in Economics **,2986,na,na,na,na,na,na,na,na,na,na,na,na
2017,Nanyang Technological University,College of Engineering,Bachelor of Fine Arts (Hons),2987,88.5,54,2862,2800,2909,2800,2500,3200,2909,2800,2500,3200
2017,Nanyang Technological University,College of Engineering,Bachelor of Arts (Hons) in Chinese,2988,84.6,67.7,3119,3300,3147,3300,2750,3500,3147,3300,2750,3500
2017,Nanyang Technological University,College of Engineering,Bachelor of Communication Studies (Hons),2989,92.6,62.2,3134,3000,3184,3000,2775,3500,3184,3000,2775,3500
2017,Nanyang Technological University,College of Engineering,Bachelor of Arts (Hons) in Economics,2990,84.7,75.5,3286,3200,3379,3240,3000,3720,3379,3240,3000,3720
2017,Nanyang Technological University,College of Engineering,Bachelor of Arts (Hons) in English,2991,77.8,50.8,3042,3000,3149,3000,2800,3300,3149,3000,2800,3300
2017,Nanyang Technological University,College of Engineering,Bachelor of Arts (Hons) in History,2992,86,68.4,3206,3100,3265,3200,3000,3600,3265,3200,3000,3600
2017,Nanyang Technological University,College of Engineering,Bachelor of Arts (Hons) in Linguistics And Multilingual Studies,2993,80,60,3042,3000,3117,3100,2600,3500,3117,3100,2600,3500
2017,Nanyang Technological University,College of Engineering,Bachelor of Arts (Hons) in Philosophy **,2994,na,na,na,na,na,na,na,na,na,na,na,na
2017,Nanyang Technological University,College of Engineering,Bachelor of Arts (Hons) in Psychology,2995,78.9,59.2,3107,3107,3151,3200,2890,3500,3151,3200,2890,3500
2017,Nanyang Technological University,College of Engineering,Bachelor of Arts (Hons) in Public Policy And Global Affairs,2996,74.1,66.7,3353,3300,3479,3395,3160,3750,3479,3395,3160,3750
2017,Nanyang Technological University,College of Engineering,Bachelor of Arts (Hons) in Sociology,2997,77.6,62.1,3263,3200,3309,3228,2970,3500,3309,3228,2970,3500
2017,Nanyang Technological University,College of Sciences,Double Degree in Bachelor of Science (Hons) in Biomedical Sciences and Bachelor of Medicine (Chinese Medicine) #,2998,92,80,2722,2928,2792,2950,2500,3035,2792,2950,2500,3035
2017,Nanyang Technological University,College of Sciences,Bachelor of Science (Hons) in Biological Sciences,2999,80.4,62.6,3177,3100,3255,3200,3000,3500,3255,3200,3000,3500
2017,Nanyang Technological University,College of Sciences,Bachelor of Science (Hons) in Chemistry & Biological Chemistry,3000,70.1,51.1,3035,3000,3173,3100,2800,3488,3173,3100,2800,3488
2017,Nanyang Technological University,College of Sciences,Bachelor of Science (Hons) in Mathematical Sciences,3001,89.7,79.5,3517,3400,3580,3500,3100,3800,3580,3500,3100,3800
2017,Nanyang Technological University,College of Sciences,Bachelor of Science (Hons) in Mathematics & Economics,3002,89.8,83.1,3504,3290,3625,3400,3013,3775,3625,3400,3013,3775
2017,Nanyang Technological University,College of Sciences,Bachelor of Science (Hons) in Physics/Applied Physics,3003,81.6,61.8,3367,3300,3490,3300,3000,3819,3490,3300,3000,3819
2017,Nanyang Technological University,Sports Science and Management,Bachelor of Science (Hons) (Sport Science & Management),3004,81.1,48.6,3372,3285,3486,3450,2800,4000,3486,3450,2800,4000
2017,Nanyang Technological University,National Institute of Education (NIE),Bachelor of Arts (Hons) (Education),3005,100,100,3489,3600,3589,3600,3500,3800,3589,3600,3500,3800
2017,Nanyang Technological University,National Institute of Education (NIE),Bachelor of Science (Hons) (Education),3006,100,100,3610,3603,3701,3701,3500,3958,3701,3701,3500,3958
2017,National University of Singapore,Faculty of Arts & Social Sciences,Bachelor of Arts,3007,85.8,61.9,3005,3000,3107,3000,2700,3300,3107,3000,2700,3300
2017,National University of Singapore,Faculty of Arts & Social Sciences,Bachelor of Arts (Hons),3008,88.2,66.7,3309,3300,3391,3360,3000,3600,3391,3360,3000,3600
2017,National University of Singapore,Faculty of Arts & Social Sciences,Bachelor of Social Sciences,3009,88.3,74.7,3365,3300,3443,3300,3000,3750,3443,3300,3000,3750
2017,National University of Singapore,Faculty Of Dentistry,Bachelor of Dental Surgery,3010,100,100,4124,4050,4143,4050,4000,4400,4143,4050,4000,4400
2017,National University of Singapore,Faculty Of Engineering,Bachelor of Engineering (Biomedical Engineering),3011,90.6,81.3,3215,3200,3367,3300,3000,3700,3367,3300,3000,3700
2017,National University of Singapore,Faculty Of Engineering,Bachelor of Engineering (Chemical Engineering),3012,87.8,81.3,3550,3500,3727,3600,3300,4000,3727,3600,3300,4000
2017,National University of Singapore,Faculty Of Engineering,Bachelor of Engineering (Civil Engineering),3013,95.5,90.9,3361,3300,3427,3300,3135,3700,3427,3300,3135,3700
2017,National University of Singapore,Faculty Of Engineering,Bachelor of Engineering (Electrical Engineering),3014,89.4,86.5,3529,3500,3641,3600,3300,3900,3641,3600,3300,3900
2017,National University of Singapore,Faculty Of Engineering,Bachelor of Engineering (Engineering Science),3015,76.5,64.7,3783,3600,3827,3675,3440,4200,3827,3675,3440,4200
2017,National University of Singapore,Faculty Of Engineering,Bachelor of Engineering (Environmental Engineering),3016,86.3,71.2,3425,3100,3546,3350,3000,3800,3546,3350,3000,3800
2017,National University of Singapore,Faculty Of Engineering,Bachelor of Engineering (Industrial and Systems Engineering),3017,93.3,89.9,3905,3725,4035,3875,3450,4200,4035,3875,3450,4200
2017,National University of Singapore,Faculty Of Engineering,Bachelor of Engineering (Materials Science And Engineering),3018,94,86,3269,3200,3570,3388,3200,3950,3570,3388,3200,3950
2017,National University of Singapore,Faculty Of Engineering,Bachelor of Engineering (Mechanical Engineering),3019,87.3,82.3,3537,3400,3657,3450,3100,4000,3657,3450,3100,4000
2017,National University of Singapore,Faculty of Law,Bachelor of Laws #,3020,95.8,92.3,4958,5000,5121,5000,4500,5600,5121,5000,4500,5600
2017,National University of Singapore,Faculty of Science,Bachelor of Applied Science **,3021,na,na,na,na,na,na,na,na,na,na,na,na
2017,National University of Singapore,Faculty of Science,Bachelor of Applied Science (Hons),3022,82.1,50,3186,3075,3187,3085,2800,3200,3187,3085,2800,3200
2017,National University of Singapore,Faculty of Science,Bachelor of Science,3023,76.9,54.5,3053,3000,3214,3082,2800,3400,3214,3082,2800,3400
2017,National University of Singapore,Faculty of Science,Bachelor of Science (Hons),3024,85.9,69.3,3340,3200,3435,3300,3000,3700,3435,3300,3000,3700
2017,National University of Singapore,Faculty of Science,Bachelor of Science (Computational Biology) **,3025,na,na,na,na,na,na,na,na,na,na,na,na
2017,National University of Singapore,Faculty of Science,Bachelor of Science (Pharmacy) #,3026,99.1,94.5,3473,3500,3616,3600,3500,3800,3616,3600,3500,3800
2017,National University of Singapore,NUS Business School,Bachelor of Business Administration,3027,94.9,87.3,3770,3400,4031,3500,3000,4333,4031,3500,3000,4333
2017,National University of Singapore,NUS Business School,Bachelor of Business Administration (Hons),3028,98.2,93.6,4272,3725,4388,3800,3450,4782,4388,3800,3450,4782
2017,National University of Singapore,NUS Business School,Bachelor of Business Administration (Accountancy),3029,97.2,94.4,3396,3000,3473,3025,3000,3600,3473,3025,3000,3600
2017,National University of Singapore,NUS Business School,Bachelor of Business Administration (Accountancy) (Hons),3030,100,100,3689,3100,3744,3125,3000,4023,3744,3125,3000,4023
2017,National University of Singapore,School of Computing,Bachelor of Computing (Communications And Media) **,3031,na,na,na,na,na,na,na,na,na,na,na,na
2017,National University of Singapore,School of Computing,Bachelor of Computing (Computational Biology) **,3032,na,na,na,na,na,na,na,na,na,na,na,na
2017,National University of Singapore,School of Computing,Bachelor of Computing (Computer Science),3033,93.5,89.4,4510,4200,4628,4285,3656,5000,4628,4285,3656,5000
2017,National University of Singapore,School of Computing,Bachelor of Computing (Electronic Commerce) **,3034,na,na,na,na,na,na,na,na,na,na,na,na
2017,National University of Singapore,School of Computing,Bachelor of Computing (Information Security) **,3035,na,na,na,na,na,na,na,na,na,na,na,na
2017,National University of Singapore,School of Computing,Bachelor of Computing (Information Systems),3036,94.5,91.8,4061,4000,4192,4000,3550,4592,4192,4000,3550,4592
2017,National University of Singapore,School of Computing,Bachelor of Science (Business Analytics),3037,97.6,97.6,4114,3810,4203,4000,3500,4766,4203,4000,3500,4766
2017,National University of Singapore,School of Design & Environment,Bachelor of Arts (Architecture) #,3038,91.3,86.4,4037,4000,4079,4000,3780,4300,4079,4000,3780,4300
2017,National University of Singapore,School of Design & Environment,Bachelor of Arts (Industrial Design),3039,93.3,60,3034,2890,3079,2920,2600,3200,3079,2920,2600,3200
2017,National University of Singapore,School of Design & Environment,Bachelor of Science (Project and Facilities Management),3040,90.8,81.7,3105,3000,3162,3000,2900,3300,3162,3000,2900,3300
2017,National University of Singapore,School of Design & Environment,Bachelor of Science (Real Estate),3041,93.8,88.7,3090,3000,3168,3000,2800,3300,3168,3000,2800,3300
2017,National University of Singapore,Yong Loo Lin School (Medicine),Bachelor of Medicine And Bachelor Of Surgery #,3042,100,100,4367,4500,4882,5000,4500,5305,4882,5000,4500,5305
2017,National University of Singapore,Yong Loo Lin School (Medicine),Bachelor of Science (Nursing),3043,97.4,97.4,3165,3200,3328,3400,3200,3450,3328,3400,3200,3450
2017,National University of Singapore,Yong Loo Lin School (Medicine),Bachelor of Science (Nursing) (Hons),3044,91.8,89.8,3280,3300,3462,3500,3300,3650,3462,3500,3300,3650
2017,National University of Singapore,YST Conservatory Of Music,Bachelor of Music,3045,73.3,26.7,2298,2025,2500,2225,2050,2950,2500,2225,2050,2950
2017,National University of Singapore,Yale-NUS College,Bachelor of Arts with Honours,3046,93.5,76.6,3812,3500,3956,3500,3075,4000,3956,3500,3075,4000
2017,National University of Singapore,Yale-NUS College,Bachelor of Science with Honours,3047,91.7,75,4362,4083,4362,4083,3600,4875,4362,4083,3600,4875
2017,National University of Singapore,Multi-Disciplinary Programmes,Bachelor of Engineering (Computer Engineering),3048,89.4,84.7,4010,3600,4131,3900,3588,4500,4131,3900,3588,4500
2017,National University of Singapore,Multi-Disciplinary Programmes,Bachelor of Environmental Studies,3049,88.7,62.3,3297,3200,3419,3300,3000,3600,3419,3300,3000,3600
2017,Singapore Management University,School of Accountancy (4-years programme) *,Accountancy,3050,98,96.6,3569,3000,3646,3000,2920,3600,3646,3000,2920,3600
2017,Singapore Management University,School of Accountancy (4-years programme) *,Accountancy Cum Laude and above,3051,97.8,97.8,4037,3200,4089,3200,3000,4645,4089,3200,3000,4645
2017,Singapore Management University,School of Business (4-years programme) *,Business Management,3052,93.3,85.7,3862,3475,3995,3500,3050,4362,3995,3500,3050,4362
2017,Singapore Management University,School of Business (4-years programme) *,Business Management Cum Laude and above,3053,95.8,92,4364,3880,4504,4000,3300,5000,4504,4000,3300,5000
2017,Singapore Management University,School of Economics (4-years programme) *,Economics,3054,91.3,82.6,4013,3600,4143,3700,3300,4583,4143,3700,3300,4583
2017,Singapore Management University,School of Economics (4-years programme) *,Economics Cum Laude and above,3055,93.2,90.5,4591,4000,4737,4100,3600,5113,4737,4100,3600,5113
2017,Singapore Management University,School of Information Systems (4-years programme) *,Information Systems Management,3056,95.1,91.3,3922,3905,4014,4000,3550,4500,4014,4000,3550,4500
2017,Singapore Management University,School of Information Systems (4-years programme) *,Information Systems Management Cum Laude and above,3057,96.1,94.1,4211,4334,4305,4334,4000,4750,4305,4334,4000,4750
2017,Singapore Management University,School of Social Sciences (4-years programme) *,Social Sciences,3058,91.3,78,3344,3250,3493,3300,3000,3750,3493,3300,3000,3750
2017,Singapore Management University,School of Social Sciences (4-years programme) *,Social Sciences Cum Laude and above,3059,87.9,81.8,3810,3600,3938,3630,3300,4000,3938,3630,3300,4000
2017,Singapore Management University,School of Law (4-years programme) *,Law #,3060,97.6,94,4778,4500,4941,5000,4000,5840,4941,5000,4000,5840
2017,Singapore Management University,School of Law (4-years programme) *,Law Cum Laude and above #,3061,97.9,97.9,5163,5450,5287,5600,4200,6000,5287,5600,4200,6000
2017,Singapore Institute of Technology,DigiPen Institute of Technology,Bachelor of Arts in Game Design ^,3062,96.2,92.3,3040,3000,3067,3000,2800,3200,3067,3000,2800,3200
2017,Singapore Institute of Technology,DigiPen Institute of Technology,Bachelor of Fine Arts in Digital Arts & Animation ^,3063,88.5,69.2,2859,2825,2876,2875,2700,3000,2876,2875,2700,3000
2017,Singapore Institute of Technology,DigiPen Institute of Technology,Bachelor of Science in Computer Science & Game Design ^,3064,100,100,3232,3250,3291,3250,2900,3600,3291,3250,2900,3600
2017,Singapore Institute of Technology,DigiPen Institute of Technology,Bachelor of Science in Computer Science in Real-Time Interactive Simulation,3065,96.9,90.6,3898,3800,3904,3800,3558,4140,3904,3800,3558,4140
2017,Singapore Institute of Technology,The Glasgow School of Art,Bachelor of Arts with Honours in Communication Design,3066,90.7,68.5,2819,2600,2949,2700,2500,3200,2949,2700,2500,3200
2017,Singapore Institute of Technology,The Glasgow School of Art,Bachelor of Arts with Honours in Interior Design,3067,92.3,87.2,2818,2700,2841,2700,2500,3000,2841,2700,2500,3000
2017,Singapore Institute of Technology,Newcastle University,Bachelor of Engineering with Honours in Chemical Engineering,3068,77.3,62.1,3061,3100,3290,3255,2975,3600,3290,3255,2975,3600
2017,Singapore Institute of Technology,Newcastle University,Bachelor of Engineering with Honours in Electrical Power Engineering,3069,94.4,88.9,3191,3200,3269,3200,3000,3450,3269,3200,3000,3450
2017,Singapore Institute of Technology,Newcastle University,Bachelor of Engineering with Honours in Marine Engineering ^,3070,96.2,88.5,3461,3300,3541,3500,3000,4000,3541,3500,3000,4000
2017,Singapore Institute of Technology,Newcastle University,Bachelor of Engineering with Honours in Mechanical Design & Manufacturing Engineering,3071,90.5,85.7,3063,3000,3145,3000,2800,3350,3145,3000,2800,3350
2017,Singapore Institute of Technology,Newcastle University,Bachelor of Engineering with Honours in Naval Architecture ^,3072,95.5,95.5,3451,3300,3537,3300,3200,3500,3537,3300,3200,3500
2017,Singapore Institute of Technology,Newcastle University,Bachelor of Engineering with Honours in Offshore Engineering ^,3073,100,86.7,3792,3300,3866,3300,3300,3950,3866,3300,3300,3950
2017,Singapore Institute of Technology,Newcastle University,Bachelor of Science with Honours in Food & Human Nutrition,3074,97.7,79.1,2784,2600,2980,2700,2475,3200,2980,2700,2475,3200
2017,Singapore Institute of Technology,Technische Universität München,Bachelor of Science in Chemical Engineering,3075,84.5,74.1,3061,3000,3301,3200,3000,3375,3301,3200,3000,3375
2017,Singapore Institute of Technology,Technische Universität München,Bachelor of Science in Electrical Engineering & Information Technology,3076,82.8,82.8,3504,3175,3591,3400,3000,4000,3591,3400,3000,4000
2017,Singapore Institute of Technology,The Culinary Institute of America,Bachelor of Professional Studies in Culinary Arts Management,3077,87.9,54.5,2357,2300,2598,2300,2200,3259,2598,2300,2200,3259
2017,Singapore Institute of Technology,Singapore Institute of Technology -Trinity College Dublin / Trinity College Dublin,Bachelor in Science (Diagnostic Radiography) **,3078,na,na,na,na,na,na,na,na,na,na,na,na
2017,Singapore Institute of Technology,Singapore Institute of Technology -Trinity College Dublin / Trinity College Dublin,Bachelor in Science (Occupational Therapy),3079,100,97.1,3217,3250,3258,3300,3020,3450,3258,3300,3020,3450
2017,Singapore Institute of Technology,Singapore Institute of Technology -Trinity College Dublin / Trinity College Dublin,Bachelor in Science (Physiotherapy),3080,100,96.8,3483,3350,3489,3400,3300,3500,3489,3400,3300,3500
2017,Singapore Institute of Technology,Singapore Institute of Technology -Trinity College Dublin / Trinity College Dublin,Bachelor in Science (Radiation Therapy) **,3081,na,na,na,na,na,na,na,na,na,na,na,na
2017,Singapore Institute of Technology,University of Glasgow,Bachelor of Engineering with Honours in Aeronautical Engineering,3082,81.3,65.6,3367,3100,3481,3200,2950,3700,3481,3200,2950,3700
2017,Singapore Institute of Technology,University of Glasgow,Bachelor of Engineering with Honours in Aerospace Systems,3083,80,52.5,3207,3125,3280,3125,2625,3650,3280,3125,2625,3650
2017,Singapore Institute of Technology,University of Glasgow,Bachelor of Engineering with Honours in Mechanical Design Engineering,3084,96.6,87.9,3608,3100,3670,3200,3000,3700,3670,3200,3000,3700
2017,Singapore Institute of Technology,University of Glasgow,Bachelor of Engineering with Honours in Mechatronics,3085,94.6,86.5,3412,3050,3595,3400,3000,4000,3595,3400,3000,4000
2017,Singapore Institute of Technology,University of Glasgow,Bachelor of Science with Honours in Computing Science,3086,95.8,85.9,3633,3600,3724,3600,3300,4200,3724,3600,3300,4200
2017,Singapore Institute of Technology,University of Manchester,Bachelor of Science with Honours in Nursing Practice,3087,98.2,96.5,3507,3400,3741,3650,3600,3900,3741,3650,3600,3900
2017,Singapore Institute of Technology,University of Liverpool,Bachelor of Arts with Honours in Criminology and Security,3088,86.4,69.5,3759,3800,3825,3800,3050,4160,3825,3800,3050,4160
2017,Singapore Institute of Technology,Wheelock College,Bachelor of Science in Early Childhood Education,3089,96.4,92.9,2883,2900,2890,2900,2800,3000,2890,2900,2800,3000
2017,Singapore Institute of Technology,Singapore Institute of Technology,Bachelor of Accountancy with Honours,3090,94.1,92.1,3073,3050,3113,3088,2975,3250,3113,3088,2975,3250
2017,Singapore Institute of Technology,Singapore Institute of Technology,Bachelor of Hospitality Business with Honours ^,3091,94.7,84.2,2713,2700,2829,2800,2500,3100,2829,2800,2500,3100
2017,Singapore University of Technology and Design,na,Bachelor of Engineering (Engineering Product Development),3092,89.9,87.3,3594,3600,3638,3600,3450,3800,3638,3600,3450,3800
2017,Singapore University of Technology and Design,na,Bachelor of Engineering (Information Systems Technology and Design),3093,100,100,4146,4000,4175,4023,3600,4900,4175,4023,3600,4900
2017,Singapore University of Technology and Design,na,Bachelor of Engineering (Engineering Systems and Design),3094,91.7,85.4,3856,3800,3956,3850,3600,4210,3956,3850,3600,4210
2017,Singapore University of Technology and Design,na,Bachelor of Science (Architecture and Sustainable Design) ###,3095,na,na,na,na,na,na,na,na,na,na,na,na
2018,Nanyang Technological University,College of Business (Nanyang Business School),Accountancy,3096,94.6,92.2,3214,3000,3245,3000,3000,3200,3245,3000,3000,3200
2018,Nanyang Technological University,College of Business (Nanyang Business School),Accountancy and Business,3097,99.2,97.7,4391,4000,4456,4000,3600,4633,4456,4000,3600,4633
2018,Nanyang Technological University,College of Business (Nanyang Business School),Business,3098,92.6,84.3,3646,3500,3776,3500,3200,4000,3776,3500,3200,4000
2018,Nanyang Technological University,College of Business (Nanyang Business School),Business and Computing ^,3099,100,100,4536,4450,4572,4575,4200,4900,4572,4575,4200,4900
2018,Nanyang Technological University,College of Engineering,Aerospace Engineering,3100,95.3,88.4,3710,3625,3873,3800,3365,4280,3873,3800,3365,4280
2018,Nanyang Technological University,College of Engineering,Aerospace Engineering and Economics **,3101,na,na,na,na,na,na,na,na,na,na,na,na
2018,Nanyang Technological University,College of Engineering,Bioengineering,3102,77.5,66.2,3457,3500,3660,3500,3200,4000,3660,3500,3200,4000
2018,Nanyang Technological University,College of Engineering,Business and Computer Engineering **,3103,na,na,na,na,na,na,na,na,na,na,na,na
2018,Nanyang Technological University,College of Engineering,Chemical & Biomolecular Engineering,3104,91.6,86,3461,3500,3782,3600,3300,4200,3782,3600,3300,4200
2018,Nanyang Technological University,College of Engineering,Chemical & Biomolecular Engineering and Economics **,3105,na,na,na,na,na,na,na,na,na,na,na,na
2018,Nanyang Technological University,College of Engineering,Civil Engineering,3106,96.5,96.5,3521,3400,3597,3500,3200,3816,3597,3500,3200,3816
2018,Nanyang Technological University,College of Engineering,Computer Engineering,3107,95.8,95.8,3749,3700,3865,3775,3400,4200,3865,3775,3400,4200
2018,Nanyang Technological University,College of Engineering,Computer Engineering and Economics **,3108,na,na,na,na,na,na,na,na,na,na,na,na
2018,Nanyang Technological University,College of Engineering,Computer Science,3109,94.4,93,3970,3800,4062,4000,3500,4500,4062,4000,3500,4500
2018,Nanyang Technological University,College of Engineering,Electrical & Electronic Engineering,3110,92.7,91,3625,3500,3772,3600,3323,4000,3772,3600,3323,4000
2018,Nanyang Technological University,College of Engineering,Environmental Engineering,3111,92.1,81.6,3388,3360,3485,3400,3000,3500,3485,3400,3000,3500
2018,Nanyang Technological University,College of Engineering,Environmental Engineering and Economics **,3112,na,na,na,na,na,na,na,na,na,na,na,na
2018,Nanyang Technological University,College of Engineering,Information Engineering & Media,3113,93.2,89,3724,3725,3800,3750,3500,4140,3800,3750,3500,4140
2018,Nanyang Technological University,College of Engineering,Maritime Studies,3114,93.3,90,3351,3300,3409,3350,3000,3640,3409,3350,3000,3640
2018,Nanyang Technological University,College of Engineering,Materials Engineering,3115,86.5,81.9,3457,3400,3650,3500,3200,4000,3650,3500,3200,4000
2018,Nanyang Technological University,College of Engineering,Mechanical Engineering,3116,85.6,81.1,3448,3500,3653,3500,3200,4000,3653,3500,3200,4000
2018,Nanyang Technological University,"College of Humanities, Arts & Social Sciences","Art, Design & Media",3117,85.7,53.8,2930,2800,2986,3000,2600,3300,2986,3000,2600,3300
2018,Nanyang Technological University,"College of Humanities, Arts & Social Sciences",Chinese,3118,86.4,76.3,3149,3150,3260,3500,3000,3518,3260,3500,3000,3518
2018,Nanyang Technological University,"College of Humanities, Arts & Social Sciences",Communication Studies,3119,95,84.2,3085,3000,3166,3000,2750,3500,3166,3000,2750,3500
2018,Nanyang Technological University,"College of Humanities, Arts & Social Sciences",Economics,3120,90.1,84,3604,3500,3755,3536,3200,3959,3755,3536,3200,3959
2018,Nanyang Technological University,"College of Humanities, Arts & Social Sciences",English,3121,81.6,59.2,3051,3000,3124,3000,2600,3500,3124,3000,2600,3500
2018,Nanyang Technological University,"College of Humanities, Arts & Social Sciences",History,3122,74.4,56.4,3593,3500,3719,3500,3260,4150,3719,3500,3260,4150
2018,Nanyang Technological University,"College of Humanities, Arts & Social Sciences",Linguistics & Multilingual Studies,3123,79.2,45.8,3074,3200,3091,3200,2900,3500,3091,3200,2900,3500
2018,Nanyang Technological University,"College of Humanities, Arts & Social Sciences",Philosophy,3124,80,76,3031,3000,3126,3000,2550,3500,3126,3000,2550,3500
2018,Nanyang Technological University,"College of Humanities, Arts & Social Sciences",Psychology,3125,90.1,78,3316,3300,3355,3370,3000,3684,3355,3370,3000,3684
2018,Nanyang Technological University,"College of Humanities, Arts & Social Sciences",Public Policy and Global Affairs,3126,80.6,71,3501,3350,3619,3350,3050,4018,3619,3350,3050,4018
2018,Nanyang Technological University,"College of Humanities, Arts & Social Sciences",Sociology,3127,80.2,60.4,3275,3175,3374,3220,3000,3841,3374,3220,3000,3841
2018,Nanyang Technological University,College of Sciences,Biological Sciences,3128,80.1,67,3232,3200,3319,3250,3035,3650,3319,3250,3035,3650
2018,Nanyang Technological University,College of Sciences,Biomedical Sciences **,3129,na,na,na,na,na,na,na,na,na,na,na,na
2018,Nanyang Technological University,College of Sciences,Biomedical Sciences & Chinese Medicine # ^,3130,90.9,81.8,2941,3000,2953,3000,2700,3100,2953,3000,2700,3100
2018,Nanyang Technological University,College of Sciences,Chemistry & Biological Chemistry,3131,77.6,63.9,3205,3167,3427,3200,3000,3725,3427,3200,3000,3725
2018,Nanyang Technological University,College of Sciences,Environmental Earth Systems Sciences ^,3132,76.2,57.1,3347,3440,3389,3440,3150,3900,3389,3440,3150,3900
2018,Nanyang Technological University,College of Sciences,Mathematical Sciences,3133,87.1,75.9,3661,3600,3744,3650,3360,4000,3744,3650,3360,4000
2018,Nanyang Technological University,College of Sciences,Mathematics & Economics,3134,96.3,83.3,3481,3500,3569,3600,3200,4000,3569,3600,3200,4000
2018,Nanyang Technological University,College of Sciences,Physics & Applied Physics,3135,80.2,74.1,3468,3300,3576,3400,3025,3800,3576,3400,3025,3800
2018,Nanyang Technological University,National Institute of Education (NIE),Arts (With Education),3136,100,99.2,3618,3750,3751,3800,3600,3806,3751,3800,3600,3806
2018,Nanyang Technological University,National Institute of Education (NIE),Science (With Education),3137,100,100,3600,3800,3738,3800,3600,4000,3738,3800,3600,4000
2018,Nanyang Technological University,Sports Science and Management,Sport Science and Management,3138,87,61.1,3172,3200,3382,3300,3000,3600,3382,3300,3000,3600
2018,Nanyang Technological University,Lee Kong Chian School of Medicine,Medicine ##,3139,na,na,na,na,na,na,na,na,na,na,na,na
2018,National University of Singapore,Faculty of Arts & Social Sciences,Bachelor of Arts,3140,83.7,56.6,3169,3070,3322,3200,2800,3600,3322,3200,2800,3600
2018,National University of Singapore,Faculty of Arts & Social Sciences,Bachelor of Arts (Hons),3141,87.5,60.8,3290,3300,3377,3300,3000,3600,3377,3300,3000,3600
2018,Singapore University of Social Sciences,School of Business,Bachelor of Accountancy,3142,98.7,97.5,2858,2850,2879,3000,2700,3000,2879,3000,2700,3000
2018,National University of Singapore,Faculty of Arts & Social Sciences,Bachelor of Social Sciences,3143,88.2,74.5,3459,3400,3526,3400,3200,3800,3526,3400,3200,3800
2018,National University of Singapore,Faculty of Dentistry,Bachelor of Dental Surgery,3144,100,100,4148,4050,4228,4050,4000,4450,4228,4050,4000,4450
2018,National University of Singapore,Faculty of Engineering,Bachelor of Engineering (Biomedical Engineering),3145,79.4,69.8,3357,3300,3444,3389,3280,3650,3444,3389,3280,3650
2018,National University of Singapore,Faculty of Engineering,Bachelor of Engineering (Chemical Engineering),3146,89.9,84.1,3768,3700,4050,4000,3500,4300,4050,4000,3500,4300
2018,National University of Singapore,Faculty of Engineering,Bachelor of Engineering (Civil Engineering),3147,91.8,89.8,3520,3500,3627,3500,3300,3900,3627,3500,3300,3900
2018,National University of Singapore,Faculty of Engineering,Bachelor of Engineering (Electrical Engineering),3148,91,83.4,3712,3600,3982,3700,3400,4546,3982,3700,3400,4546
2018,National University of Singapore,Faculty of Engineering,Bachelor of Engineering (Engineering Science) **,3149,na,na,na,na,na,na,na,na,na,na,na,na
2018,National University of Singapore,Faculty of Engineering,Bachelor of Engineering (Environmental Engineering),3150,88.9,74.6,3411,3300,3518,3400,3000,3868,3518,3400,3000,3868
2018,National University of Singapore,Faculty of Engineering,Bachelor of Engineering (Industrial and Systems Engineering),3151,91.5,87.8,3889,3800,4051,3895,3600,4500,4051,3895,3600,4500
2018,National University of Singapore,Faculty of Engineering,Bachelor of Engineering (Materials Science and Engineering),3152,88.6,86.4,3550,3600,3794,3600,3500,4305,3794,3600,3500,4305
2018,National University of Singapore,Faculty of Engineering,Bachelor of Engineering (Mechanical Engineering),3153,92.8,86.9,3684,3500,3877,3700,3300,4100,3877,3700,3300,4100
2018,National University of Singapore,Faculty of Law,Bachelor of Laws #,3154,97.3,92.6,5070,5000,5263,5500,4500,5840,5263,5500,4500,5840
2018,National University of Singapore,Faculty of Science,Bachelor of Science,3155,81.6,47.2,3146,3000,3289,3100,2900,3850,3289,3100,2900,3850
2018,National University of Singapore,Faculty of Science,Bachelor of Science (Hons),3156,87.3,72.8,3371,3300,3460,3400,3000,3725,3460,3400,3000,3725
2018,National University of Singapore,Faculty of Science,Bachelor of Science (Computational Biology) **,3157,na,na,na,na,na,na,na,na,na,na,na,na
2018,National University of Singapore,Faculty of Science,Bachelor of Science (Pharmacy) #,3158,96.6,93.2,3549,3500,3723,3650,3500,3900,3723,3650,3500,3900
2018,National University of Singapore,NUS Business School,Bachelor of Business Administration,3159,95.7,84.8,3633,3150,3732,3225,3000,3750,3732,3225,3000,3750
2018,National University of Singapore,NUS Business School,Bachelor of Business Administration (Hons),3160,96.6,90.9,4286,3800,4424,3895,3300,4748,4424,3895,3300,4748
2018,National University of Singapore,NUS Business School,Bachelor of Business Administration (Accountancy) ^,3161,95.2,95.2,3209,3000,3522,3020,2700,3500,3522,3020,2700,3500
2018,National University of Singapore,NUS Business School,Bachelor of Business Administration (Accountancy) (Hons),3162,97.6,95.3,3643,3100,3683,3200,3000,4000,3683,3200,3000,4000
2018,National University of Singapore,School of Computing,Bachelor of Computing (Communications and Media) **,3163,na,na,na,na,na,na,na,na,na,na,na,na
2018,National University of Singapore,School of Computing,Bachelor of Computing (Computational Biology) **,3164,na,na,na,na,na,na,na,na,na,na,na,na
2018,National University of Singapore,School of Computing,Bachelor of Computing (Computer Science),3165,96.9,91.8,4577,4280,4658,4320,3900,5000,4658,4320,3900,5000
2018,National University of Singapore,School of Computing,Bachelor of Computing (Electronic Commerce) **,3166,na,na,na,na,na,na,na,na,na,na,na,na
2018,National University of Singapore,School of Computing,Bachelor of Computing (Information Security) **,3167,na,na,na,na,na,na,na,na,na,na,na,na
2018,National University of Singapore,School of Computing,Bachelor of Computing (Information Systems),3168,98.4,95.3,4338,4375,4472,4458,4000,5000,4472,4458,4000,5000
2018,National University of Singapore,School of Computing,Bachelor of Science (Business Analytics),3169,93.5,93.5,4432,4400,4499,4500,4000,5000,4499,4500,4000,5000
2018,National University of Singapore,School of Design & Environment,Bachelor of Arts (Architecture) # **,3170,na,na,na,na,na,na,na,na,na,na,na,na
2018,National University of Singapore,School of Design & Environment,Bachelor of Arts (Industrial Design),3171,87,69.6,3309,3200,3371,3250,3000,3800,3371,3250,3000,3800
2018,National University of Singapore,School of Design & Environment,Bachelor of Science (Project and Facilities Management),3172,89,84.6,3189,3040,3237,3060,3000,3300,3237,3060,3000,3300
2018,National University of Singapore,School of Design & Environment,Bachelor of Science (Real Estate),3173,91.7,85.1,3295,3300,3372,3300,3000,3600,3372,3300,3000,3600
2018,National University of Singapore,YLL School of Medicine,Bachelor of Medicine and Bachelor of Surgery # **,3174,na,na,na,na,na,na,na,na,na,na,na,na
2018,National University of Singapore,YLL School of Medicine,Bachelor of Science (Nursing),3175,94.6,94.6,3230,3250,3469,3450,3300,3500,3469,3450,3300,3500
2018,National University of Singapore,YLL School of Medicine,Bachelor of Science (Nursing) (Hons),3176,98,98,3306,3350,3546,3550,3400,3750,3546,3550,3400,3750
2018,National University of Singapore,Yong Siew Toh Conservatory of Music,Bachelor of Music,3177,81,23.8,2000,1750,2100,1800,1500,2700,2100,1800,1500,2700
2018,National University of Singapore,Yale-NUS College,Bachelor of Arts with Honours,3178,90.5,81.1,4283,3600,4381,3630,3275,4642,4381,3630,3275,4642
2018,National University of Singapore,Yale-NUS College,Bachelor of Science with Honours ^,3179,89.5,78.9,5017,4800,5136,4800,3600,6435,5136,4800,3600,6435
2018,National University of Singapore,Multidisciplinary Programmes,Bachelor of Engineering (Computer Engineering),3180,88.6,84.3,4105,3800,4188,3975,3500,4900,4188,3975,3500,4900
2018,National University of Singapore,Multidisciplinary Programmes,Bachelor of Environmental Studies,3181,84.2,55.3,3371,3414,3385,3414,3000,3600,3385,3414,3000,3600
2018,Singapore Institute of Technology,DigiPen Institute of Technology,Bachelor of Arts in Game Design ^,3182,86.7,86.7,3277,3300,3324,3300,3196,3500,3324,3300,3196,3500
2018,Singapore Institute of Technology,DigiPen Institute of Technology,Bachelor of Fine Arts in Digital Art and Animation,3183,91.2,52.9,2854,2800,2861,2800,2600,3000,2861,2800,2600,3000
2018,Singapore Institute of Technology,DigiPen Institute of Technology,Bachelor of Science in Computer Science and Game Design ^,3184,94.7,89.5,3570,3600,3576,3600,3300,4000,3576,3600,3300,4000
2018,Singapore Institute of Technology,DigiPen Institute of Technology,Bachelor of Science in Computer Science in Real-Time Interactive Simulation,3185,96.8,96.8,4031,4000,4088,4016,3830,4200,4088,4016,3830,4200
2018,Singapore Institute of Technology,Newcastle University,Bachelor of Engineering with Honours in Chemical Engineering,3186,84.6,76.9,3193,3100,3451,3300,3000,3600,3451,3300,3000,3600
2020,National University of Singapore,Yale-NUS College,Bachelor of Arts with Honours,3187,90.5,65.7,4242,3800,4370,3890,3475,5000,4370,3890,3475,5000
2018,Singapore Institute of Technology,Newcastle University,Bachelor of Engineering with Honours in Electrical Power Engineering,3188,94.5,81.8,3382,3300,3438,3343,3050,3500,3438,3343,3050,3500
2018,Singapore Institute of Technology,Newcastle University,Bachelor of Engineering with Honours in Marine Engineering,3189,97.1,94.3,3374,3250,3439,3250,3000,3600,3439,3250,3000,3600
2018,Singapore Institute of Technology,Newcastle University,Bachelor of Engineering with Honours in Mechanical Design and Manufacturing Engineering,3190,93.5,82.3,3343,3200,3484,3253,3100,3600,3484,3253,3100,3600
2018,Singapore Institute of Technology,Newcastle University,Bachelor of Engineering with Honours in Naval Architecture ^,3191,100,100,3368,3300,3479,3400,3300,3800,3479,3400,3300,3800
2018,Singapore Institute of Technology,Newcastle University,Bachelor of Engineering with Honours in Offshore Engineering ^,3192,92.3,84.6,3245,3100,3545,3510,3100,3850,3545,3510,3100,3850
2018,Singapore Institute of Technology,Newcastle University,Bachelor of Science with Honours in Food and Human Nutrition,3193,90.4,69.2,2837,2800,2895,2900,2625,3200,2895,2900,2625,3200
2018,Singapore Institute of Technology,Singapore Institute of Technology (SIT),Bachelor of Accountancy with Honours,3194,96.3,91.5,3188,3050,3216,3075,3000,3250,3216,3075,3000,3250
2018,Singapore Institute of Technology,Singapore Institute of Technology (SIT),Bachelor of Engineering with Honours in Information & Communications Technology (Information Security) ^,3195,100,100,4111,4000,4116,4045,4000,4400,4116,4045,4000,4400
2018,Singapore Institute of Technology,Singapore Institute of Technology (SIT),Bachelor of Engineering with Honours in Information & Communications Technology (Software Engineering),3196,95.7,95.7,3838,4000,3914,4000,3600,4300,3914,4000,3600,4300
2018,Singapore Institute of Technology,Singapore Institute of Technology (SIT),Bachelor of Engineering with Honours in Sustainable Infrastructure Engineering (Land),3197,98.3,96.6,3618,3456,3688,3550,3400,3800,3688,3550,3400,3800
2018,Singapore Institute of Technology,Singapore Institute of Technology (SIT),Bachelor of Hospitality Business with Honours,3198,92.1,81.6,2898,2800,2991,2825,2600,3175,2991,2825,2600,3175
2018,Singapore Institute of Technology,SIT-University of Glasgow,Bachelor of Science with Honours in Nursing,3199,95.3,90.7,3260,3350,3536,3500,3350,3800,3536,3500,3350,3800
2018,Singapore Institute of Technology,SIT-Trinity College Dublin / Trinity College Dublin,Bachelor in Science (Diagnostic Radiography) ^,3200,95.8,87.5,3476,3300,3571,3350,3300,3800,3571,3350,3300,3800
2018,Singapore Institute of Technology,SIT-Trinity College Dublin / Trinity College Dublin,Bachelor in Science (Occupational Therapy),3201,96.6,96.6,3409,3450,3431,3460,3300,3610,3431,3460,3300,3610
2018,Singapore Institute of Technology,SIT-Trinity College Dublin / Trinity College Dublin,Bachelor in Science (Physiotherapy),3202,100,100,3258,3300,3276,3300,3000,3600,3276,3300,3000,3600
2018,Singapore Institute of Technology,SIT-Trinity College Dublin / Trinity College Dublin,Bachelor in Science (Radiation Therapy) **,3203,na,na,na,na,na,na,na,na,na,na,na,na
2018,Singapore Institute of Technology,Technische Universität München,Bachelor of Science in Chemical Engineering,3204,83.7,75.5,3048,3000,3298,3200,3000,3550,3298,3200,3000,3550
2018,Singapore Institute of Technology,Technische Universität München,Bachelor of Science in Electrical Engineering & Information Technology,3205,83.3,69.4,3506,3500,3609,3500,3300,4000,3609,3500,3300,4000
2018,Singapore Institute of Technology,The Culinary Institute of America,Bachelor of Business Administration in Food Business Management,3206,86.5,64.9,2643,2530,2929,2663,2415,3300,2929,2663,2415,3300
2018,Singapore Institute of Technology,The Glasgow School of Art,Bachelor of Arts with Honours in Communication Design,3207,84.9,54.7,2818,2850,3055,2950,2550,3000,3055,2950,2550,3000
2018,Singapore Institute of Technology,The Glasgow School of Art,Bachelor of Arts with Honours in Interior Design,3208,92.3,76.9,2710,2700,2796,2775,2500,3000,2796,2775,2500,3000
2018,Singapore Institute of Technology,University of Glasgow,Bachelor of Engineering with Honours in Aeronautical Engineering,3209,78,70.7,3440,3200,3454,3200,3000,3500,3454,3200,3000,3500
2018,Singapore Institute of Technology,University of Glasgow,Bachelor of Engineering with Honours in Aerospace Systems,3210,82.4,61.8,3412,3300,3451,3380,3025,3875,3451,3380,3025,3875
2018,Singapore Institute of Technology,University of Glasgow,Bachelor of Engineering with Honours in Mechanical Design Engineering,3211,94.3,90.6,3587,3400,3718,3500,3100,4000,3718,3500,3100,4000
2018,Singapore Institute of Technology,University of Glasgow,Bachelor of Engineering with Honours in Mechatronics,3212,93.7,87.3,3633,3500,3812,3600,3275,4298,3812,3600,3275,4298
2018,Singapore Institute of Technology,University of Glasgow,Bachelor of Science with Honours in Computing Science,3213,94.7,89.3,3926,3929,3996,4000,3500,4225,3996,4000,3500,4225
2018,Singapore Institute of Technology,University of Liverpool,Bachelor of Arts with Honours in Criminology and Security,3214,91.9,74.2,3645,3500,3726,3729,3260,4100,3726,3729,3260,4100
2018,Singapore Institute of Technology,Wheelock College,Bachelor of Science in Early Childhood Education,3215,100,98.2,2897,2925,2911,2925,2800,3100,2911,2925,2800,3100
2018,Singapore Management University,School of Accountancy (4-year programme) *,Accountancy,3216,96.4,92.3,3576,3000,3607,3000,3000,3650,3607,3000,3000,3650
2018,Singapore Management University,School of Accountancy (4-year programme) *,Accountancy (Cum Laude and above),3217,96.3,95.1,4396,3450,4439,3550,3013,4773,4439,3550,3013,4773
2018,Singapore Management University,School of Business (4-year programme) *,Business Management,3218,91.6,86.5,4017,3600,4133,3700,3250,4500,4133,3700,3250,4500
2018,Singapore Management University,School of Business (4-year programme) *,Business Management (Cum Laude and above),3219,97.4,95.6,4433,4000,4544,4000,3500,4800,4544,4000,3500,4800
2018,Singapore Management University,School of Economics (4-year programme) *,Economics,3220,91.1,85.6,4017,3500,4140,3700,3200,4600,4140,3700,3200,4600
2018,Singapore Management University,School of Economics (4-year programme) *,Economics (Cum Laude and above),3221,93.4,89.5,4599,4000,4721,4000,3500,5200,4721,4000,3500,5200
2018,Singapore Management University,School of Information Systems (4-year programme) *,Information Systems,3222,93.6,89.5,4058,4000,4160,4000,3600,4600,4160,4000,3600,4600
2018,Singapore Management University,School of Information Systems (4-year programme) *,Information Systems (Cum Laude and above),3223,100,97.2,4584,4650,4659,4685,4200,5000,4659,4685,4200,5000
2018,Singapore Management University,School of Social Sciences (4-year programme) *,Social Sciences,3224,85.6,74.4,3336,3200,3409,3210,3000,3710,3409,3210,3000,3710
2018,Singapore Management University,School of Social Sciences (4-year programme) *,Social Sciences (Cum Laude and above),3225,84.2,78.9,3818,3550,3880,3600,3200,4100,3880,3600,3200,4100
2018,Singapore Management University,School of Law (4-year programme) *,Law #,3226,92.7,90.8,4704,4500,4856,4500,4050,5600,4856,4500,4050,5600
2018,Singapore Management University,School of Law (4-year programme) *,Law (Cum Laude and above) #,3227,94.4,92.6,4986,4750,5256,5513,4500,6000,5256,5513,4500,6000
2018,Singapore University of Social Sciences,School of Business,Bachelor of Science in Finance,3228,88,84,3364,3400,3393,3400,3200,3500,3393,3400,3200,3500
2018,Singapore University of Social Sciences,School of Business,Bachelor of Science in Marketing,3229,94,84,2925,3000,3023,3000,2650,3245,3023,3000,2650,3245
2018,Singapore University of Technology and Design,na,Bachelor of Engineering (Engineering Product Development),3230,94.7,86.3,3773,3700,3826,3700,3500,4000,3826,3700,3500,4000
2018,Singapore University of Technology and Design,na,Bachelor of Engineering (Information Systems Technology and Design),3231,97.3,93.3,4448,4300,4544,4400,4000,5000,4544,4400,4000,5000
2018,Singapore University of Technology and Design,na,Bachelor of Engineering (Engineering Systems and Design),3232,90,90,3798,3800,3893,3800,3600,4000,3893,3800,3600,4000
2018,Singapore University of Technology and Design,na,Bachelor of Science (Architecture and Sustainable Design),3233,95.1,88.5,3848,3900,3945,4000,3600,4215,3945,4000,3600,4215
2019,Nanyang Technological University,College of Business (Nanyang Business School),Accountancy,3234,97.5,94,3220,3000,3254,3000,3000,3200,3254,3000,3000,3200
2019,Nanyang Technological University,College of Business (Nanyang Business School),Accountancy and Business,3235,97.9,95.2,4284,4000,4359,4000,3200,4600,4359,4000,3200,4600
2019,Nanyang Technological University,College of Business (Nanyang Business School),Business,3236,93.8,83.1,3707,3500,3797,3600,3200,4000,3797,3600,3200,4000
2019,Nanyang Technological University,College of Business (Nanyang Business School),Business and Computing ^,3237,94.4,83.3,4479,4833,4562,4833,3600,5000,4562,4833,3600,5000
2019,Nanyang Technological University,College of Engineering,Aerospace Engineering,3238,87.5,80.7,3816,3700,3939,3800,3500,4600,3939,3800,3500,4600
2019,Nanyang Technological University,College of Engineering,Aerospace Engineering and Economics **,3239,na,na,na,na,na,na,na,na,na,na,na,na
2019,Nanyang Technological University,College of Engineering,Bioengineering,3240,81.3,64.1,3445,3400,3548,3500,3200,3700,3548,3500,3200,3700
2019,Nanyang Technological University,College of Engineering,Business and Computer Engineering **,3241,na,na,na,na,na,na,na,na,na,na,na,na
2019,Nanyang Technological University,College of Engineering,Chemical and Biomolecular Engineering,3242,88.6,78.1,3681,3600,3921,3800,3500,4300,3921,3800,3500,4300
2019,Nanyang Technological University,College of Engineering,Chemical and Biomolecular Engineering and Economics **,3243,na,na,na,na,na,na,na,na,na,na,na,na
2019,Nanyang Technological University,College of Engineering,Civil Engineering,3244,94.9,90.6,3525,3400,3582,3500,3300,3900,3582,3500,3300,3900
2019,Nanyang Technological University,College of Engineering,Civil Engineering and Economics **,3245,na,na,na,na,na,na,na,na,na,na,na,na
2019,Nanyang Technological University,College of Engineering,Computer Engineering,3246,94.6,94.6,3994,4000,4074,4000,3600,4500,4074,4000,3600,4500
2019,Nanyang Technological University,College of Engineering,Computer Science,3247,97.4,95.9,4270,4050,4309,4200,3800,4900,4309,4200,3800,4900
2019,Nanyang Technological University,College of Engineering,Electrical and Electronic Engineering,3248,92.6,87.1,3769,3700,3884,3700,3500,4000,3884,3700,3500,4000
2019,Nanyang Technological University,College of Engineering,Environmental Engineering,3249,83.9,77.4,3574,3500,3596,3510,3400,3800,3596,3510,3400,3800
2019,Nanyang Technological University,College of Engineering,Environmental Engineering and Economics **,3250,na,na,na,na,na,na,na,na,na,na,na,na
2019,Nanyang Technological University,College of Engineering,Information Engineering and Media,3251,90.7,85.3,3934,3970,4006,4000,3600,4350,4006,4000,3600,4350
2019,Nanyang Technological University,College of Engineering,Maritime Studies,3252,98.3,93.2,3512,3400,3669,3500,3300,3700,3669,3500,3300,3700
2019,Nanyang Technological University,College of Engineering,Materials Engineering,3253,82,76,3601,3500,3817,3600,3300,4175,3817,3600,3300,4175
2019,Nanyang Technological University,College of Engineering,Materials Engineering and Economics **,3254,na,na,na,na,na,na,na,na,na,na,na,na
2019,Nanyang Technological University,College of Engineering,Mechanical Engineering,3255,84.5,82.1,3608,3500,3728,3600,3380,4005,3728,3600,3380,4005
2019,Nanyang Technological University,College of Engineering,Mechanical Engineering and Economics **,3256,na,na,na,na,na,na,na,na,na,na,na,na
2019,Nanyang Technological University,"College of Humanities, Arts & Social Sciences","Art, Design & Media",3257,83.6,50.9,3031,3000,3068,3000,2800,3500,3068,3000,2800,3500
2019,Nanyang Technological University,"College of Humanities, Arts & Social Sciences",Chinese,3258,90.1,79,3158,3150,3260,3210,2980,3500,3260,3210,2980,3500
2019,Nanyang Technological University,"College of Humanities, Arts & Social Sciences",Communication Studies,3259,90.4,69.4,3220,3200,3264,3200,2800,3500,3264,3200,2800,3500
2019,Nanyang Technological University,"College of Humanities, Arts & Social Sciences",Economics,3260,88.2,79.8,3385,3300,3453,3400,3050,3600,3453,3400,3050,3600
2019,Nanyang Technological University,"College of Humanities, Arts & Social Sciences",English,3261,83.8,64.9,2987,3000,2997,3000,2565,3500,2997,3000,2565,3500
2019,Nanyang Technological University,"College of Humanities, Arts & Social Sciences",History,3262,73,56.8,3449,3500,3498,3500,3200,3800,3498,3500,3200,3800
2019,Nanyang Technological University,"College of Humanities, Arts & Social Sciences",Linguistics And Multilingual Studies,3263,81.7,65,3265,3160,3365,3200,3000,3740,3365,3200,3000,3740
2019,Nanyang Technological University,"College of Humanities, Arts & Social Sciences",Philosophy ^,3264,82.6,69.6,3288,3300,3369,3500,3300,3584,3369,3500,3300,3584
2019,Nanyang Technological University,"College of Humanities, Arts & Social Sciences",Psychology,3265,89.2,73.1,3463,3350,3506,3400,3100,3800,3506,3400,3100,3800
2019,Nanyang Technological University,"College of Humanities, Arts & Social Sciences",Public Policy And Global Affairs,3266,90.2,87.8,3756,3691,3868,3850,3500,4345,3868,3850,3500,4345
2019,Nanyang Technological University,"College of Humanities, Arts & Social Sciences",Sociology,3267,86.9,70.5,3305,3200,3441,3300,3040,3600,3441,3300,3040,3600
2019,Nanyang Technological University,College of Sciences,Biological Sciences,3268,81.6,66.3,3315,3300,3450,3300,3100,3600,3450,3300,3100,3600
2019,Nanyang Technological University,College of Sciences,Biomedical Sciences & Chinese Medicine # ^,3269,95.2,85.7,2964,3000,2979,3000,2780,3200,2979,3000,2780,3200
2019,Nanyang Technological University,College of Sciences,Chemistry & Biological Chemistry,3270,80.9,66.2,3246,3200,3338,3400,3000,3600,3338,3400,3000,3600
2019,Nanyang Technological University,College of Sciences,Environmental Earth Systems Sciences ^,3271,87.5,79.2,3401,3500,3416,3500,3200,3500,3416,3500,3200,3500
2019,Nanyang Technological University,College of Sciences,Mathematical Sciences,3272,91.2,79.6,3741,3549,3848,3599,3215,4070,3848,3599,3215,4070
2019,Nanyang Technological University,College of Sciences,Mathematics & Economics,3273,93.5,84.8,3838,3570,3996,3700,3400,4167,3996,3700,3400,4167
2019,Nanyang Technological University,College of Sciences,Physics & Applied Physics,3274,90,78.6,3782,3500,3849,3500,3300,4200,3849,3500,3300,4200
2019,Nanyang Technological University,Sports Science and Management,Sports Science and Management,3275,87,55.6,3289,3200,3438,3350,3000,3660,3438,3350,3000,3660
2019,Nanyang Technological University,National Institute of Education (NIE),Arts (with Education),3276,100,100,3629,3800,3710,3800,3600,3806,3710,3800,3600,3806
2019,Nanyang Technological University,National Institute of Education (NIE),Science (with Education),3277,100,100,3719,3800,3758,3800,3660,3840,3758,3800,3660,3840
2019,Nanyang Technological University,Lee Kong Chian School of Medicine,Medicine #,3278,100,100,4932,4700,5661,5700,5200,6092,5661,5700,5200,6092
2019,National University of Singapore,Faculty of Arts & Social Sciences,Bachelor of Arts,3279,84.9,64.5,3225,3000,3456,3200,2800,3700,3456,3200,2800,3700
2019,National University of Singapore,Faculty of Arts & Social Sciences,Bachelor of Arts (Hons),3280,92.7,68.2,3421,3500,3537,3500,3250,3800,3537,3500,3250,3800
2019,National University of Singapore,Faculty of Arts & Social Sciences,Bachelor of Social Sciences,3281,88,75.9,3590,3500,3674,3500,3212,3850,3674,3500,3212,3850
2019,National University of Singapore,Faculty of Dentistry,Bachelor of Dental Surgery,3282,100,97.3,4057,4200,4068,4200,4000,4500,4068,4200,4000,4500
2019,National University of Singapore,Faculty of Engineering,Bachelor of Engineering (Biomedical Engineering),3283,80.4,68.6,3480,3500,3535,3500,3200,3800,3535,3500,3200,3800
2019,National University of Singapore,Faculty of Engineering,Bachelor of Engineering (Chemical Engineering),3284,92.4,86.7,3802,3700,3959,3950,3500,4300,3959,3950,3500,4300
2019,National University of Singapore,Faculty of Engineering,Bachelor of Engineering (Civil Engineering),3285,95,93,3685,3500,3746,3600,3400,4025,3746,3600,3400,4025
2019,National University of Singapore,Faculty of Engineering,Bachelor of Engineering (Electrical Engineering),3286,89.6,85.2,3957,3800,4101,4000,3600,4600,4101,4000,3600,4600
2019,National University of Singapore,Faculty of Engineering,Bachelor of Engineering (Engineering Science) ^,3287,84.6,84.6,4115,3500,4285,3750,3400,5200,4285,3750,3400,5200
2019,National University of Singapore,Faculty of Engineering,Bachelor of Engineering (Environmental Engineering),3288,89.5,80.7,3473,3400,3569,3400,3200,3900,3569,3400,3200,3900
2019,National University of Singapore,Faculty of Engineering,Bachelor of Engineering (Industrial and Systems Engineering),3289,97.6,96.5,4303,3850,4451,4000,3500,4600,4451,4000,3500,4600
2019,National University of Singapore,Faculty of Engineering,Bachelor of Engineering (Materials Science and Engineering),3290,78.6,76.2,3796,3700,4086,4000,3700,4600,4086,4000,3700,4600
2019,National University of Singapore,Faculty of Engineering,Bachelor of Engineering (Mechanical Engineering),3291,88.6,86.7,3745,3500,3847,3700,3400,4300,3847,3700,3400,4300
2019,National University of Singapore,Faculty of Law,Bachelor of Laws #,3292,95.7,93,5068,5000,5160,5400,4500,5800,5160,5400,4500,5800
2019,National University of Singapore,Faculty of Science,Bachelor of Science,3293,84,59.3,3181,3000,3320,3100,2900,3600,3320,3100,2900,3600
2019,National University of Singapore,Faculty of Science,Bachelor of Science (Hons) ^,3294,88.5,72.3,3510,3355,3605,3500,3100,3800,3605,3500,3100,3800
2019,National University of Singapore,Faculty of Science,Bachelor of Science (Computational Biology) **,3295,na,na,na,na,na,na,na,na,na,na,na,na
2019,National University of Singapore,Faculty of Science,Bachelor of Science (Pharmacy) #,3296,100,95.5,3648,3600,3840,3750,3500,4000,3840,3750,3500,4000
2019,National University of Singapore,NUS Business School,Bachelor of Business Administration,3297,100,82.6,4799,4000,4925,4000,3400,5500,4925,4000,3400,5500
2019,National University of Singapore,NUS Business School,Bachelor of Business Administration (Hons),3298,95.5,91,4451,4000,4593,4150,3500,5000,4593,4150,3500,5000
2019,National University of Singapore,NUS Business School,Bachelor of Business Administration (Accountancy) ^,3299,93.8,93.8,3897,3000,4005,3000,3000,3800,4005,3000,3000,3800
2019,National University of Singapore,NUS Business School,Bachelor of Business Administration (Accountancy) (Hons),3300,97.8,97.8,4008,3500,4093,3600,3000,4500,4093,3600,3000,4500
2019,National University of Singapore,School of Computing,Bachelor of Computing (Computer Science),3301,92.8,90.6,5477,5000,5571,5000,4205,5585,5571,5000,4205,5585
2019,National University of Singapore,School of Computing,Bachelor of Computing (Electronic Commerce) **,3302,na,na,na,na,na,na,na,na,na,na,na,na
2019,National University of Singapore,School of Computing,Bachelor of Computing (Information Security) **,3303,na,na,na,na,na,na,na,na,na,na,na,na
2019,National University of Singapore,School of Computing,Bachelor of Computing (Information Systems),3304,95.9,95.9,4210,4000,4330,4228,4000,4685,4330,4228,4000,4685
2019,National University of Singapore,School of Computing,Bachelor of Science (Business Analytics),3305,100,100,4811,5000,4881,5000,4050,5200,4881,5000,4050,5200
2019,National University of Singapore,School of Design & Environment,Bachelor of Arts (Architecture) #,3306,100,96,4156,4010,4199,4100,3800,4500,4199,4100,3800,4500
2019,National University of Singapore,School of Design & Environment,Bachelor of Arts (Industrial Design) ^,3307,86.2,48.3,3142,3200,3245,3300,3000,3500,3245,3300,3000,3500
2019,National University of Singapore,School of Design & Environment,Bachelor of Science (Project and Facilities Management),3308,88.3,80.6,3189,3100,3243,3155,3000,3480,3243,3155,3000,3480
2019,National University of Singapore,School of Design & Environment,Bachelor of Science (Real Estate),3309,95.3,89.6,3431,3400,3494,3400,3100,3650,3494,3400,3100,3650
2019,National University of Singapore,Yong Loo Lin School (Medicine),Bachelor of Medicine and Bachelor of Surgery #,3310,99.5,99.5,4607,4600,5218,5237,4950,5657,5218,5237,4950,5657
2019,National University of Singapore,Yong Loo Lin School (Medicine),Bachelor of Science (Nursing),3311,93.5,89.1,3123,3250,3314,3358,3200,3450,3314,3358,3200,3450
2019,National University of Singapore,Yong Loo Lin School (Medicine),Bachelor of Science (Nursing) (Hons),3312,98.8,97.5,3389,3450,3612,3650,3515,3750,3612,3650,3515,3750
2019,National University of Singapore,YST Conservatory of Music,Bachelor of Music,3313,82.6,39.1,3531,3500,3575,3500,2875,3900,3575,3500,2875,3900
2019,National University of Singapore,Yale-NUS College,Bachelor of Arts with Honours,3314,96,77,4066,3600,4197,3684,3400,4567,4197,3684,3400,4567
2019,National University of Singapore,Yale-NUS College,Bachelor of Science with Honours ^,3315,94.7,89.5,6962,5000,7139,5000,4150,9967,7139,5000,4150,9967
2019,National University of Singapore,Multi-Disciplinary Programmes,Bachelor of Engineering (Computer Engineering),3316,92.9,91.7,4653,4000,4732,4000,3750,4900,4732,4000,3750,4900
2019,National University of Singapore,Multi-Disciplinary Programmes,Bachelor of Environmental Studies,3317,88.4,67.4,3329,3300,3332,3325,3000,3600,3332,3325,3000,3600
2019,Singapore Institute of Technology,DigiPen Institute of Technology,Bachelor of Arts in Game Design ^,3318,83.3,79.2,3122,3120,3167,3220,3000,3500,3167,3220,3000,3500
2019,Singapore Institute of Technology,DigiPen Institute of Technology,Bachelor of Fine Arts in Digital Art and Animation,3319,81.3,50,3036,3150,3051,3150,2750,3275,3051,3150,2750,3275
2019,Singapore Institute of Technology,DigiPen Institute of Technology,Bachelor of Science in Computer Science and Game Design ^,3320,91.3,87,3760,3800,3791,3800,3550,4000,3791,3800,3550,4000
2019,Singapore Institute of Technology,DigiPen Institute of Technology,Bachelor of Science in Computer Science in Real-Time Interactive Simulation,3321,100,94.9,4447,4400,4474,4400,4000,5200,4474,4400,4000,5200
2019,Singapore Institute of Technology,Singapore Institute of Technology (SIT),Bachelor of Accountancy with Honours,3322,93.7,89.2,3181,3100,3239,3100,3000,3250,3239,3100,3000,3250
2019,Singapore Institute of Technology,Singapore Institute of Technology (SIT),Bachelor of Engineering with Honours in Information & Communications Technology (Information Security),3323,97.5,95,4171,4000,4319,4100,3900,5000,4319,4100,3900,5000
2019,Singapore Institute of Technology,Singapore Institute of Technology (SIT),Bachelor of Engineering with Honours in Information & Communications Technology (Software Engineering),3324,100,97.4,4090,4034,4188,4190,3600,4550,4188,4190,3600,4550
2019,Singapore Institute of Technology,Singapore Institute of Technology (SIT),Bachelor of Engineering with Honours in Pharmaceutical Engineering,3325,92.2,90.6,3237,3162,3748,3660,3500,4044,3748,3660,3500,4044
2019,Singapore Institute of Technology,Singapore Institute of Technology (SIT),Bachelor of Engineering with Honours in Sustainable Infrastructure Engineering (Building Services),3326,92.5,92.5,3433,3360,3484,3500,3200,3700,3484,3500,3200,3700
2019,Singapore Institute of Technology,Singapore Institute of Technology (SIT),Bachelor of Engineering with Honours in Sustainable Infrastructure Engineering (Land),3327,93.8,90.6,3856,3800,3976,3842,3700,4210,3976,3842,3700,4210
2019,Singapore Institute of Technology,Singapore Institute of Technology (SIT),Bachelor of Engineering with Honours in Telematics (Intelligent Transportation Systems Engineering),3328,100,97,3777,3750,3811,3750,3500,4000,3811,3750,3500,4000
2019,Singapore Institute of Technology,Singapore Institute of Technology (SIT),Bachelor of Hospitality Business with Honours,3329,89.1,74.6,2972,2800,3102,3000,2800,3270,3102,3000,2800,3270
2019,Singapore Institute of Technology,SIT-DigiPen Institute of Technology,Bachelor of Engineering in Systems Engineering (ElectroMechanical Systems) ^,3330,95.2,90.5,3931,3921,4024,3975,3500,4470,4024,3975,3500,4470
2019,Singapore Institute of Technology,SIT-Massey University,Bachelor of Food Technology with Honours,3331,93,88.4,2962,2975,2978,2975,2750,3250,2978,2975,2750,3250
2019,Singapore Institute of Technology,SIT-Newcastle University,Bachelor of Engineering with Honours in Chemical Engineering,3332,82.2,73.3,3217,3200,3463,3500,3200,3600,3463,3500,3200,3600
2019,Singapore Institute of Technology,SIT-Newcastle University,Bachelor of Engineering with Honours in Electrical Power Engineering ^,3333,91.3,82.6,3489,3400,3542,3500,3250,3600,3542,3500,3250,3600
2019,Singapore Institute of Technology,SIT-Newcastle University,Bachelor of Engineering with Honours in Marine Engineering ^,3334,100,100,3318,3300,3393,3300,3200,3521,3393,3300,3200,3521
2019,Singapore Institute of Technology,SIT-Newcastle University,Bachelor of Engineering with Honours in Mechanical Design and Manufacturing Engineering ^,3335,80,66.7,3227,3100,3269,3100,3050,3500,3269,3100,3050,3500
2019,Singapore Institute of Technology,SIT-Newcastle University,Bachelor of Engineering with Honours in Naval Architecture **,3336,na,na,na,na,na,na,na,na,na,na,na,na
2019,Singapore Institute of Technology,SIT-Newcastle University,Bachelor of Engineering with Honours in Offshore Engineering **,3337,na,na,na,na,na,na,na,na,na,na,na,na
2019,Singapore Institute of Technology,SIT-Trinity College Dublin / Trinity College Dublin,Bachelor in Science (Diagnostic Radiography) **,3338,na,na,na,na,na,na,na,na,na,na,na,na
2019,Singapore Institute of Technology,SIT-Trinity College Dublin / Trinity College Dublin,Bachelor in Science (Occupational Therapy),3339,100,100,3429,3400,3466,3425,3308,3650,3466,3425,3308,3650
2019,Singapore Institute of Technology,SIT-Trinity College Dublin / Trinity College Dublin,Bachelor in Science (Physiotherapy),3340,98.3,98.3,3479,3400,3498,3400,3400,3620,3498,3400,3400,3620
2019,Singapore Institute of Technology,SIT-Trinity College Dublin / Trinity College Dublin,Bachelor in Science (Radiation Therapy) **,3341,na,na,na,na,na,na,na,na,na,na,na,na
2019,Singapore Institute of Technology,SIT-University of Glasgow,Bachelor of Science with Honours in Nursing,3342,100,95.8,3522,3500,3772,3800,3450,4085,3772,3800,3450,4085
2019,Singapore Institute of Technology,Technische Universität München,Bachelor of Science in Chemical Engineering,3343,81.8,77.3,3213,3100,3471,3300,3110,3600,3471,3300,3110,3600
2019,Singapore Institute of Technology,Technische Universität München,Bachelor of Science in Electrical Engineering & Information Technology **,3344,na,na,na,na,na,na,na,na,na,na,na,na
2019,Singapore Institute of Technology,The Culinary Institute of America,Bachelor of Business Administration in Food Business Management ^,3345,81,61.9,2532,2350,2852,2625,2200,3350,2852,2625,2200,3350
2019,Singapore Institute of Technology,The Glasgow School of Art,Bachelor of Arts with Honours in Communication Design,3346,78.7,55.3,2724,2800,2832,2800,2450,3000,2832,2800,2450,3000
2019,Singapore Institute of Technology,The Glasgow School of Art,Bachelor of Arts with Honours in Interior Design,3347,87.1,80.6,2692,2700,2760,2700,2400,3000,2760,2700,2400,3000
2019,Singapore Institute of Technology,University of Glasgow,Bachelor of Engineering with Honours in Aeronautical Engineering,3348,77.1,64.6,3500,3500,3597,3500,3200,4000,3597,3500,3200,4000
2019,Singapore Institute of Technology,University of Glasgow,Bachelor of Engineering with Honours in Aerospace Systems,3349,82.4,67.6,3863,3550,3993,3700,3400,4600,3993,3700,3400,4600
2019,Singapore Institute of Technology,University of Glasgow,Bachelor of Engineering with Honours in Mechanical Design Engineering,3350,97,93.9,3569,3500,3722,3500,3300,3800,3722,3500,3300,3800
2019,Singapore Institute of Technology,University of Glasgow,Bachelor of Engineering with Honours in Mechatronics,3351,93.2,83.1,3764,3600,3793,3600,3300,4000,3793,3600,3300,4000
2019,Singapore Institute of Technology,University of Glasgow,Bachelor of Science with Honours in Computing Science,3352,92.3,89.2,4294,4000,4366,4200,3700,5100,4366,4200,3700,5100
2019,Singapore Institute of Technology,University of Liverpool,Bachelor of Arts with Honours in Criminology and Security,3353,80.2,70.4,3647,3526,3823,3695,3400,4050,3823,3695,3400,4050
2019,Singapore Management University,School of Accountancy (4-year programme) *,Accountancy,3354,96.4,93.7,3753,3000,3802,3050,3000,4000,3802,3050,3000,4000
2019,Singapore Management University,School of Accountancy (4-year programme) *,Accountancy (Cum Laude and above),3355,97.9,97.9,4364,3500,4431,3600,3000,5000,4431,3600,3000,5000
2019,Singapore Management University,School of Business (4-year programme) *,Business Management,3356,91,84.8,4056,3600,4181,3750,3300,4600,4181,3750,3300,4600
2019,Singapore Management University,School of Business (4-year programme) *,Business Management (Cum Laude and above),3357,93,90.4,4504,4000,4614,4167,3600,5120,4614,4167,3600,5120
2019,Singapore Management University,School of Economics (4-year programme) *,Economics,3358,87.1,81.3,4042,3800,4159,3900,3500,4500,4159,3900,3500,4500
2019,Singapore Management University,School of Economics (4-year programme) *,Economics (Cum Laude and above),3359,94.2,89.9,4401,4000,4520,4038,3600,4600,4520,4038,3600,4600
2019,Singapore Management University,School of Information Systems (4-year programme) *,Information Systems,3360,95.1,90.2,4413,4166,4549,4300,4000,5000,4549,4300,4000,5000
2019,Singapore Management University,School of Information Systems (4-year programme) *,Information Systems (Cum Laude and above),3361,98,96,5029,5000,5212,5000,4300,5550,5212,5000,4300,5550
2019,Singapore Management University,School of Social Sciences (4-year programme) *,Social Sciences,3362,92.2,82.8,3523,3400,3629,3500,3065,4000,3629,3500,3065,4000
2019,Singapore Management University,School of Social Sciences (4-year programme) *,Social Sciences (Cum Laude and above),3363,92.7,90.2,3599,3500,3742,3500,3100,4070,3742,3500,3100,4070
2019,Singapore Management University,School of Law (4-year programme) *,Law #,3364,99.1,98.2,4942,4600,5064,4900,4200,5800,5064,4900,4200,5800
2019,Singapore Management University,School of Law (4-year programme) *,Law (Cum Laude and above) #,3365,98.6,97.1,5136,5000,5324,5550,4500,6000,5324,5550,4500,6000
2019,Singapore University of Social Sciences,S R Nathan School of Human Development,Bachelor of Human Resource Management,3366,87.1,74.2,2942,3000,2975,3000,2800,3300,2975,3000,2800,3300
2019,Singapore University of Social Sciences,School of Business,Bachelor of Accountancy,3367,91.1,83.3,2880,3000,2900,3000,2750,3000,2900,3000,2750,3000
2019,Singapore University of Social Sciences,School of Business,Bachelor of Science in Finance,3368,88.6,88.6,3708,3400,3722,3450,3085,3750,3722,3450,3085,3750
2019,Singapore University of Social Sciences,School of Business,Bachelor of Science in Marketing,3369,88.3,70,2993,3000,3169,3000,2800,3400,3169,3000,2800,3400
2019,Singapore University of Technology and Design,na,Bachelor of Engineering (Engineering Product Development),3370,84.2,80.2,3991,3900,4042,4000,3660,4500,4042,4000,3660,4500
2019,Singapore University of Technology and Design,na,Bachelor of Engineering (Information Systems Technology and Design),3371,88.8,85.7,4599,4400,4636,4400,3800,5000,4636,4400,3800,5000
2019,Singapore University of Technology and Design,na,Bachelor of Engineering (Engineering Systems and Design),3372,89.9,87.3,3944,3800,4082,4000,3500,4400,4082,4000,3500,4400
2019,Singapore University of Technology and Design,na,Bachelor of Science (Architecture and Sustainable Design),3373,100,91.8,3923,3897,3985,3900,3600,4100,3985,3900,3600,4100
2020,Nanyang Technological University,College of Business (Nanyang Business School),Accountancy,3374,96,88.7,3213,3000,3228,3000,3000,3100,3228,3000,3000,3100
2020,Nanyang Technological University,College of Business (Nanyang Business School),Accountancy and Business,3375,97.6,91.3,4615,4327,4704,4405,3500,5000,4704,4405,3500,5000
2020,Nanyang Technological University,College of Business (Nanyang Business School),Business,3376,95.2,66.8,3973,3750,4113,3800,3300,4429,4113,3800,3300,4429
2020,Nanyang Technological University,College of Business (Nanyang Business School),Double Degree in Business and Computer Engineering/Computing,3377,97.4,97.4,5216,5200,5537,5400,5000,5750,5537,5400,5000,5750
2020,Nanyang Technological University,College of Engineering,Aerospace Engineering,3378,91.2,75.8,4110,3980,4284,4000,3800,4945,4284,4000,3800,4945
2020,Nanyang Technological University,College of Engineering,Bioengineering,3379,89.1,43.6,3428,3400,3473,3450,3200,3800,3473,3450,3200,3800
2020,Nanyang Technological University,College of Engineering,Chemical and Biomolecular Engineering,3380,95,83,3732,3600,3948,3900,3500,4300,3948,3900,3500,4300
2020,Nanyang Technological University,College of Engineering,Civil Engineering,3381,95.7,87,3458,3400,3495,3500,3200,3800,3495,3500,3200,3800
2020,Nanyang Technological University,College of Engineering,Computer Engineering,3382,97.2,94.4,4069,4100,4136,4100,3627,4845,4136,4100,3627,4845
2020,Nanyang Technological University,College of Engineering,Computer Science,3383,92.2,86.1,4508,4250,4558,4300,3880,5000,4558,4300,3880,5000
2020,Nanyang Technological University,College of Engineering,Double Degree in Engineering and Economics ^,3384,100,94.1,4459,4450,4516,4450,3825,5050,4516,4450,3825,5050
2020,Nanyang Technological University,College of Engineering,Electrical and Electronic Engineering,3385,94.5,75.1,3925,3800,4004,3880,3500,4370,4004,3880,3500,4370
2020,Nanyang Technological University,College of Engineering,Environmental Engineering,3386,90.2,58.5,3364,3375,3444,3450,3200,3800,3444,3450,3200,3800
2020,Nanyang Technological University,College of Engineering,Information Engineering and Media,3387,96,70,4085,4000,4208,4000,3500,4500,4208,4000,3500,4500
2020,Nanyang Technological University,College of Engineering,Maritime Studies,3388,90.8,78.5,3608,3500,3646,3500,3300,3875,3646,3500,3300,3875
2020,Nanyang Technological University,College of Engineering,Materials Engineering,3389,91.5,69,3613,3600,3755,3700,3500,4000,3755,3700,3500,4000
2020,Nanyang Technological University,College of Engineering,Mechanical Engineering,3390,91.7,67.5,3861,3700,3977,3850,3500,4432,3977,3850,3500,4432
2020,Nanyang Technological University,"College of Humanities, Arts & Social Sciences","Art, Design and Media",3391,90.4,35.7,2858,2800,2925,2800,2500,3300,2925,2800,2500,3300
2020,Nanyang Technological University,"College of Humanities, Arts & Social Sciences",Chinese,3392,83.8,63.5,3251,3350,3310,3500,3000,3500,3310,3500,3000,3500
2020,Nanyang Technological University,"College of Humanities, Arts & Social Sciences",Communication Studies,3393,94.9,66.7,3378,3300,3440,3340,3000,3800,3440,3340,3000,3800
2020,Nanyang Technological University,"College of Humanities, Arts & Social Sciences",Economics,3394,91.8,63.5,3756,3700,3926,3797,3400,4050,3926,3797,3400,4050
2020,Nanyang Technological University,"College of Humanities, Arts & Social Sciences",English,3395,90.9,43.2,3507,3450,3561,3450,3128,3900,3561,3450,3128,3900
2020,Nanyang Technological University,"College of Humanities, Arts & Social Sciences",History,3396,87.2,44.7,3558,3575,3644,3650,3250,4025,3644,3650,3250,4025
2020,Nanyang Technological University,"College of Humanities, Arts & Social Sciences",Inter-Disciplinary Double Major ^,3397,95.8,50,3608,3300,3797,3854,3200,4500,3797,3854,3200,4500
2020,Nanyang Technological University,"College of Humanities, Arts & Social Sciences",Linguistics and Multilingual Studies,3398,96.6,63.8,3371,3300,3472,3350,3000,3900,3472,3350,3000,3900
2020,Nanyang Technological University,"College of Humanities, Arts & Social Sciences",Philosophy,3399,96.3,70.4,3417,3300,3580,3650,3300,3850,3580,3650,3300,3850
2020,Nanyang Technological University,"College of Humanities, Arts & Social Sciences",Psychology,3400,83.8,53.5,3315,3200,3433,3300,3100,3650,3433,3300,3100,3650
2020,Nanyang Technological University,"College of Humanities, Arts & Social Sciences",Public Policy and Global Affairs,3401,92.5,67.5,3989,3710,4043,3800,3500,4583,4043,3800,3500,4583
2020,Nanyang Technological University,"College of Humanities, Arts & Social Sciences",Sociology,3402,95.4,66.2,3529,3500,3598,3600,3300,3800,3598,3600,3300,3800
2020,Nanyang Technological University,College of Science,Biological Sciences,3403,88.9,56.7,3319,3300,3401,3325,3200,3650,3401,3325,3200,3650
2020,Nanyang Technological University,College of Science,Biomedical Sciences and Chinese Medicine # ^,3404,94.7,84.2,2950,3000,2969,3000,2800,3150,2969,3000,2800,3150
2020,Nanyang Technological University,College of Science,Chemistry and Biological Chemistry,3405,91.9,45.6,3230,3200,3345,3245,3000,3635,3345,3245,3000,3635
2020,Nanyang Technological University,College of Science,Environmental Earth Systems Sciences ^,3406,95.5,63.6,3637,3550,3657,3550,3400,3764,3657,3550,3400,3764
2020,Nanyang Technological University,College of Science,Mathematical Sciences,3407,92.4,68.9,3746,3600,3823,3656,3300,4250,3823,3656,3300,4250
2020,Nanyang Technological University,College of Science,Mathematics and Economics,3408,87.1,55.7,3849,3832,3949,3832,3500,4300,3949,3832,3500,4300
2020,Nanyang Technological University,College of Science,Physics and Applied Physics,3409,92.6,48.5,3643,3600,3719,3700,3500,3850,3719,3700,3500,3850
2020,Nanyang Technological University,Sports Science and Management,Sports Science and Management,3410,91.5,52.5,3494,3240,3661,3300,3000,4200,3661,3300,3000,4200
2020,Nanyang Technological University,National Institute of Education (NIE),Arts (with Education),3411,100,98.4,3582,3798,3682,3799,3600,3806,3682,3799,3600,3806
2020,Nanyang Technological University,National Institute of Education (NIE),Science (with Education),3412,100,100,3660,3799,3744,3800,3700,4000,3744,3800,3700,4000
2020,Nanyang Technological University,Lee Kong Chian School of Medicine,Medicine #,3413,100,100,4775,4700,5387,5250,5000,5900,5387,5250,5000,5900
2020,National University of Singapore,Faculty of Arts & Social Sciences,Bachelor of Arts,3414,90.4,39.8,3639,3100,3868,3300,2700,3600,3868,3300,2700,3600
2020,National University of Singapore,Faculty of Arts & Social Sciences,Bachelor of Arts (Hons),3415,93.1,54.2,3529,3500,3586,3500,3300,3854,3586,3500,3300,3854
2020,National University of Singapore,Faculty of Arts & Social Sciences,Bachelor of Social Sciences,3416,93.5,65.3,3597,3500,3666,3500,3345,3875,3666,3500,3345,3875
2020,National University of Singapore,Faculty of Dentistry,Bachelor of Dental Surgery,3417,100,100,4202,4200,4280,4200,4200,4600,4280,4200,4200,4600
2020,National University of Singapore,Faculty of Engineering,Bachelor of Engineering (Biomedical Engineering),3418,95.8,53.1,3500,3500,3577,3500,3300,3740,3577,3500,3300,3740
2020,National University of Singapore,Faculty of Engineering,Bachelor of Engineering (Chemical Engineering),3419,97,78.2,3955,4000,4155,4000,3700,4500,4155,4000,3700,4500
2020,National University of Singapore,Faculty of Engineering,Bachelor of Engineering (Civil Engineering),3420,95.5,86.5,3661,3500,3739,3590,3500,4050,3739,3590,3500,4050
2020,National University of Singapore,Faculty of Engineering,Bachelor of Engineering (Electrical Engineering),3421,91,75.4,4256,4000,4370,4200,3800,5000,4370,4200,3800,5000
2020,National University of Singapore,Faculty of Engineering,Bachelor of Engineering (Engineering Science) ^,3422,91.3,73.9,4499,4000,4584,4000,3765,5000,4584,4000,3765,5000
2020,National University of Singapore,Faculty of Engineering,Bachelor of Engineering (Environmental Engineering),3423,100,63.2,3473,3500,3572,3500,3250,3875,3572,3500,3250,3875
2020,National University of Singapore,Faculty of Engineering,Bachelor of Engineering (Industrial and Systems Engineering),3424,97.2,93,4236,4010,4337,4380,3700,4800,4337,4380,3700,4800
2020,National University of Singapore,Faculty of Engineering,Bachelor of Engineering (Materials Science and Engineering),3425,90.3,66.1,3795,3700,3922,3900,3600,4200,3922,3900,3600,4200
2020,National University of Singapore,Faculty of Engineering,Bachelor of Engineering (Mechanical Engineering),3426,94.2,69.6,3832,3700,3946,3800,3500,4200,3946,3800,3500,4200
2020,National University of Singapore,Faculty of Law,Bachelor of Laws #,3427,91.8,86.8,4848,4640,5009,5000,4400,5600,5009,5000,4400,5600
2020,National University of Singapore,Faculty of Science,Bachelor of Science,3428,86,42.1,3195,3000,3297,3100,3000,3650,3297,3100,3000,3650
2020,National University of Singapore,Faculty of Science,Bachelor of Science (Hons),3429,93.1,57.4,3636,3500,3723,3528,3300,4000,3723,3528,3300,4000
2020,National University of Singapore,Faculty of Science,Bachelor of Science (Computational Biology) ^,3430,80,40,4563,4525,4625,4650,4250,5000,4625,4650,4250,5000
2020,National University of Singapore,Faculty of Science,Bachelor of Science (Pharmacy) #,3431,99.3,93.7,3590,3600,3751,3700,3500,3950,3751,3700,3500,3950
2020,National University of Singapore,Faculty of Science,Bachelor of Science (Data Science and Analytics) ^,3432,100,78.3,4417,4125,4456,4125,3900,4900,4456,4125,3900,4900
2020,National University of Singapore,NUS Business School,Bachelor of Business Administration ^,3433,96.3,66.7,4910,4000,5043,4150,3300,6100,5043,4150,3300,6100
2020,National University of Singapore,NUS Business School,Bachelor of Business Administration (Hons),3434,94.9,80.7,4459,4000,4579,4000,3600,5000,4579,4000,3600,5000
2020,National University of Singapore,NUS Business School,Bachelor of Business Administration (Accountancy) ^,3435,90.9,63.6,4443,3500,4443,3500,2800,5500,4443,3500,2800,5500
2020,National University of Singapore,NUS Business School,Bachelor of Business Administration (Accountancy) (Hons),3436,96.8,92.1,3951,3400,4050,3500,3000,4425,4050,3500,3000,4425
2020,National University of Singapore,School of Computing,Bachelor of Computing (Computer Science),3437,97.1,92.6,5576,5100,5735,5243,4400,6316,5735,5243,4400,6316
2020,National University of Singapore,School of Computing,Bachelor of Computing (Information Security) ^,3438,90.9,90.9,4620,4650,4746,5000,4200,5300,4746,5000,4200,5300
2020,National University of Singapore,School of Computing,Bachelor of Computing (Information Systems),3439,98.6,93.1,4591,4495,4764,4500,4000,5400,4764,4500,4000,5400
2020,National University of Singapore,School of Computing,Bachelor of Science (Business Analytics),3440,98,84.3,4985,5000,5094,5000,4480,5800,5094,5000,4480,5800
2020,National University of Singapore,School of Design & Environment,Bachelor of Arts (Architecture),3441,94,91,3984,4000,4058,4000,3650,4300,4058,4000,3650,4300
2020,National University of Singapore,School of Design & Environment,Bachelor of Arts (Industrial Design) ^,3442,90.3,22.6,3417,3500,3417,3500,3000,3500,3417,3500,3000,3500
2020,National University of Singapore,School of Design & Environment,Bachelor of Science (Project and Facilities Management),3443,92.2,66.7,3338,3200,3400,3200,3000,3500,3400,3200,3000,3500
2020,National University of Singapore,School of Design & Environment,Bachelor of Science (Real Estate),3444,95.1,68.6,3609,3600,3682,3630,3200,4000,3682,3630,3200,4000
2020,National University of Singapore,Yong Loo Lin School (Medicine),Bachelor of Medicine and Bachelor of Surgery #,3445,100,100,4688,4700,5306,5250,5000,5800,5306,5250,5000,5800
2020,National University of Singapore,Yong Loo Lin School (Medicine),Bachelor of Science (Nursing),3446,97.4,92.2,3269,3250,3489,3500,3250,3680,3489,3500,3250,3680
2020,National University of Singapore,Yong Loo Lin School (Medicine),Bachelor of Science (Nursing) (Hons),3447,98.5,97,3371,3400,3616,3600,3500,3750,3616,3600,3500,3750
2020,National University of Singapore,YST Conservatory of Music,Bachelor of Music,3448,69.2,15.4,3163,3125,3238,3275,3125,3350,3238,3275,3125,3350
2020,National University of Singapore,Yale-NUS College,Bachelor of Science with Honours ^,3449,92.6,77.8,5615,5350,5798,5350,4225,6485,5798,5350,4225,6485
2020,National University of Singapore,Multi-Disciplinary Programmes,Bachelor of Engineering (Computer Engineering),3450,93.7,81.1,4904,5000,4977,5000,4080,5500,4977,5000,4080,5500
2020,National University of Singapore,Multi-Disciplinary Programmes,Bachelor of Environmental Studies,3451,92.9,47.6,3251,3250,3409,3250,3010,3750,3409,3250,3010,3750
2020,Singapore Institute of Technology,DigiPen Institute of Technology,Bachelor of Arts in Game Design ^,3452,100,78.6,3486,3500,3575,3500,3100,3600,3575,3500,3100,3600
2020,Singapore Institute of Technology,DigiPen Institute of Technology,Bachelor of Fine Arts in Digital Art and Animation,3453,97.1,70.6,2845,2835,2862,2887,2675,3000,2862,2887,2675,3000
2020,Singapore Institute of Technology,DigiPen Institute of Technology,Bachelor of Science in Computer Science and Game Design,3454,97.7,81.8,3960,4000,3974,4000,3500,4200,3974,4000,3500,4200
2020,Singapore Institute of Technology,DigiPen Institute of Technology,Bachelor of Science in Computer Science in Real-Time Interactive Simulation,3455,97.6,90.5,4390,4200,4399,4200,3880,4500,4399,4200,3880,4500
2020,Singapore Institute of Technology,Singapore Institute of Technology (SIT),Bachelor of Accountancy with Honours,3456,97.4,69.8,3107,3000,3120,3000,3000,3200,3120,3000,3000,3200
2020,Singapore Institute of Technology,Singapore Institute of Technology (SIT),Bachelor of Engineering with Honours in Information & Communications Technology (Information Security),3457,100,95.9,4023,4000,4237,4300,3600,4630,4237,4300,3600,4630
2020,Singapore Institute of Technology,Singapore Institute of Technology (SIT),Bachelor of Engineering with Honours in Information & Communications Technology (Software Engineering),3458,96.2,83,4275,4000,4366,4000,3600,4750,4366,4000,3600,4750
2020,Singapore Institute of Technology,Singapore Institute of Technology (SIT),Bachelor of Engineering with Honours in Pharmaceutical Engineering,3459,94.2,73.9,3329,3375,3749,3740,3400,4000,3749,3740,3400,4000
2020,Singapore Institute of Technology,Singapore Institute of Technology (SIT),Bachelor of Engineering with Honours in Sustainable Infrastructure Engineering (Building Services),3460,98.1,84.6,3585,3500,3702,3500,3375,3800,3702,3500,3375,3800
2020,Singapore Institute of Technology,Singapore Institute of Technology (SIT),Bachelor of Engineering with Honours in Sustainable Infrastructure Engineering (Land),3461,97.1,77.1,3823,3925,4203,4105,3650,4370,4203,4105,3650,4370
2020,Singapore Institute of Technology,Singapore Institute of Technology (SIT),Bachelor of Engineering with Honours in Telematics (Intelligent Transportation Systems Engineering),3462,92.9,55.4,4083,4200,4135,4200,3380,4800,4135,4200,3380,4800
2020,Singapore Institute of Technology,Singapore Institute of Technology (SIT),Bachelor of Hospitality Business with Honours,3463,89.9,47.9,3041,3000,3148,3000,2800,3400,3148,3000,2800,3400
2020,Singapore Institute of Technology,SIT- DigiPen Institute of Technology,Bachelor of Engineering with Honours in Systems Engineering (ElectroMechanical Systems),3464,95.7,82.6,4044,4090,4114,4185,3750,4250,4114,4185,3750,4250
2020,Singapore Institute of Technology,SIT- Massey University,Bachelor of Food Technology with Honours,3465,95.2,52.4,3060,3000,3084,3000,2770,3400,3084,3000,2770,3400
2020,Singapore Institute of Technology,SIT- Newcastle University,Bachelor of Engineering with Honours in Chemical Engineering,3466,95.7,47.8,3095,3000,3242,3200,3000,3500,3242,3200,3000,3500
2020,Singapore Institute of Technology,SIT- Newcastle University,Bachelor of Engineering with Honours in Electrical Power Engineering,3467,97.9,68.8,3501,3500,3603,3500,3400,3850,3603,3500,3400,3850
2020,Singapore Institute of Technology,SIT- Newcastle University,Bachelor of Engineering with Honours in Marine Engineering ^,3468,100,79.2,3774,3650,3821,3750,3300,4370,3821,3750,3300,4370
2020,Singapore Institute of Technology,SIT- Newcastle University,Bachelor of Engineering with Honours in Mechanical Design and Manufacturing Engineering,3469,94.6,57.1,3281,3300,3443,3350,3025,3925,3443,3350,3025,3925
2020,Singapore Institute of Technology,SIT- Newcastle University,Bachelor of Engineering with Honours in Naval Architecture ^,3470,78.6,42.9,3217,3150,3244,3200,2600,3465,3244,3200,2600,3465
2020,Singapore Institute of Technology,SIT- Newcastle University,Bachelor of Engineering with Honours in Offshore Engineering ^,3471,92.3,69.2,3921,3800,4160,4000,3750,4800,4160,4000,3750,4800
2020,Singapore Institute of Technology,SIT / SIT-Trinity College Dublin / Trinity College Dublin,Bachelor in Science (Diagnostic Radiography),3472,100,100,3446,3400,3685,3650,3400,3859,3685,3650,3400,3859
2020,Singapore Institute of Technology,SIT / SIT-Trinity College Dublin / Trinity College Dublin,Bachelor in Science (Occupational Therapy),3473,100,100,3510,3400,3542,3400,3364,3629,3542,3400,3364,3629
2020,Singapore Institute of Technology,SIT / SIT-Trinity College Dublin / Trinity College Dublin,Bachelor in Science (Physiotherapy),3474,98.2,96.3,3485,3480,3518,3500,3400,3700,3518,3500,3400,3700
2020,Singapore Institute of Technology,SIT / SIT-Trinity College Dublin / Trinity College Dublin,Bachelor in Science (Radiation Therapy) ^,3475,100,83.3,3380,3500,3380,3500,3400,3500,3380,3500,3400,3500
2020,Singapore Institute of Technology,SIT-University of Glasgow,Bachelor of Engineering with Honours in Civil Engineering,3476,97.9,78.7,3444,3400,3518,3500,3200,3700,3518,3500,3200,3700
2020,Singapore Institute of Technology,SIT-University of Glasgow,Bachelor of Science with Honours in Nursing,3477,96.2,94.2,3436,3270,3725,3650,3405,4000,3725,3650,3405,4000
2020,Singapore Institute of Technology,Technische Universität München,Bachelor of Science in Chemical Engineering,3478,93.3,48.9,3147,3100,3387,3175,2815,3650,3387,3175,2815,3650
2020,Singapore Institute of Technology,Technische Universität München,Bachelor of Science in Electrical Engineering & Information Technology,3479,94.7,39.5,3760,3600,3773,3600,3350,4000,3773,3600,3350,4000
2020,Singapore Institute of Technology,The Culinary Institute of America,Bachelor of Business Administration in Food Business Management,3480,86,66.7,2497,2475,2675,2550,2300,2820,2675,2550,2300,2820
2020,Singapore Institute of Technology,The Glasgow School of Art,Bachelor of Arts with Honours in Communication Design,3481,85.7,38.1,2773,2800,2876,2800,2500,3000,2876,2800,2500,3000
2020,Singapore Institute of Technology,The Glasgow School of Art,Bachelor of Arts with Honours in Interior Design,3482,83.9,45.2,2958,2500,2992,2600,2500,3500,2992,2600,2500,3500
2020,Singapore Institute of Technology,University of Glasgow,Bachelor of Engineering with Honours in Aeronautical Engineering,3483,91.2,35.3,4127,3900,4159,3921,3400,5010,4159,3921,3400,5010
2020,Singapore Institute of Technology,University of Glasgow,Bachelor of Engineering with Honours in Aerospace Systems ^,3484,100,37.9,3900,3750,3940,3750,3400,4600,3940,3750,3400,4600
2020,Singapore Institute of Technology,University of Glasgow,Bachelor of Engineering with Honours in Mechanical Design Engineering,3485,95,53.3,3461,3500,3592,3500,3200,3650,3592,3500,3200,3650
2020,Singapore Institute of Technology,University of Glasgow,Bachelor of Engineering with Honours in Mechatronics,3486,89.3,58.9,3579,3454,3690,3600,3200,4000,3690,3600,3200,4000
2020,Singapore Institute of Technology,University of Glasgow,Bachelor of Science with Honours in Computing Science,3487,98.6,89.9,4517,5000,4530,5000,4000,5000,4530,5000,4000,5000
2020,Singapore Institute of Technology,University of Liverpool,Bachelor of Arts with Honours in Criminology and Security,3488,93.7,68.4,3634,3480,3919,3700,3400,4300,3919,3700,3400,4300
2020,Singapore Management University,School of Accountancy (4-year programme) *,Accountancy,3489,94.7,86,3636,3050,3694,3100,3000,4000,3694,3100,3000,4000
2020,Singapore Management University,School of Accountancy (4-year programme) *,Accountancy (Cum Laude and above),3490,96.3,86.1,3979,3600,4057,3744,3000,4583,4057,3744,3000,4583
2020,Singapore Management University,School of Business (4-year programme) *,Business Management,3491,95.8,68.4,4183,3800,4293,3850,3440,4600,4293,3850,3440,4600
2020,Singapore Management University,School of Business (4-year programme) *,Business Management (Cum Laude and above),3492,97.5,78.7,4596,4000,4688,4000,3600,5000,4688,4000,3600,5000
2020,Singapore Management University,School of Economics (4-year programme) *,Economics,3493,91.5,70.5,4181,3750,4290,3800,3400,4500,4290,3800,3400,4500
2020,Singapore Management University,School of Economics (4-year programme) *,Economics (Cum Laude and above),3494,94.7,82.9,4670,4000,4749,4000,3660,5275,4749,4000,3660,5275
2020,Singapore Management University,School of Information Systems (4-year programme) *,Information Systems,3495,93.1,83.9,4548,4500,4683,4542,4000,5400,4683,4542,4000,5400
2020,Singapore Management University,School of Information Systems (4-year programme) *,Information Systems (Cum Laude and above),3496,93.3,93.3,4903,5000,5064,5000,4500,5416,5064,5000,4500,5416
2020,Singapore Management University,School of Social Sciences (4-year programme) *,Social Sciences,3497,89.9,52.8,3540,3360,3626,3500,3200,4000,3626,3500,3200,4000
2020,Singapore Management University,School of Social Sciences (4-year programme) *,Social Sciences (Cum Laude and above),3498,90.6,65.6,3711,3510,3784,3510,3230,4200,3784,3510,3230,4200
2020,Singapore Management University,School of Law (4-year programme) *,Law #,3499,95.5,91.1,4729,4500,4804,4588,4000,5600,4804,4588,4000,5600
2020,Singapore Management University,School of Law (4-year programme) *,Law (Cum Laude and above) #,3500,97,95.5,5053,5000,5141,5000,4500,5735,5141,5000,4500,5735
2020,Singapore University of Social Sciences,S R Nathan School of Human Development,Bachelor of Early Childhood Education ^,3501,100,88.2,2879,3000,2879,3000,2700,3016,2879,3000,2700,3016
2020,Singapore University of Social Sciences,S R Nathan School of Human Development,Bachelor of Human Resource Management,3502,90.6,22.6,2947,2750,3051,2950,2650,3300,3051,2950,2650,3300
2020,Singapore University of Social Sciences,S R Nathan School of Human Development,Bachelor of Social Work,3503,97.3,89.2,3443,3500,3486,3500,3450,3655,3486,3500,3450,3655
2020,Singapore University of Social Sciences,School of Business,Bachelor of Accountancy,3504,94.6,81.7,3059,3000,3116,3000,3000,3000,3116,3000,3000,3000
2020,Singapore University of Social Sciences,School of Business,Bachelor of Science in Finance ^,3505,100,50,3537,3163,3854,3163,2850,4466,3854,3163,2850,4466
2020,Singapore University of Social Sciences,School of Business,Bachelor of Science in Marketing,3506,92.1,51.3,3126,2900,3246,2900,2750,3520,3246,2900,2750,3520
2020,Singapore University of Social Sciences,School of Business,Bachelor of Science in Supply Chain Management ^,3507,88,36,3125,3100,3284,3185,2950,3500,3284,3185,2950,3500
2020,Singapore University of Technology and Design,na,Bachelor of Engineering (Engineering Product Development),3508,94.6,82.1,3809,3800,3901,3800,3500,4150,3901,3800,3500,4150
2020,Singapore University of Technology and Design,na,Bachelor of Engineering (Engineering Systems and Design),3509,95.2,77.1,4195,3950,4287,4000,3725,4900,4287,4000,3725,4900
2020,Singapore University of Technology and Design,na,Bachelor of Engineering (Information Systems Technology and Design),3510,96.9,85.4,4581,4500,4734,4500,4000,5000,4734,4500,4000,5000
2020,Singapore University of Technology and Design,na,Bachelor of Science (Architecture and Sustainable Design),3511,100,95.6,3897,3800,3982,3800,3500,4070,3982,3800,3500,4070
2021,Nanyang Technological University,College of Business (Nanyang Business School),Accountancy,3512,97.7,93,3505,3300,3539,3400,3100,3500,3539,3400,3100,3500
2021,Nanyang Technological University,College of Business (Nanyang Business School),Accountancy and Business,3513,99.2,96.2,5018,4500,5173,4500,3700,5858,5173,4500,3700,5858
2021,Nanyang Technological University,College of Business (Nanyang Business School),Business,3514,96.2,85.2,4211,4000,4362,4000,3500,4800,4362,4000,3500,4800
2021,Nanyang Technological University,College of Business (Nanyang Business School),Double Degree in Business and Computer Engineering/Computing,3515,93.8,87.5,6418,6300,6578,6300,5250,8225,6578,6300,5250,8225
2021,Nanyang Technological University,College of Engineering,Aerospace Engineering,3516,94.4,87.3,4250,4250,4321,4471,3792,5000,4321,4471,3792,5000
2021,Nanyang Technological University,College of Engineering,Bioengineering,3517,90.9,75.8,3480,3483,3654,3500,3300,3850,3654,3500,3300,3850
2021,Nanyang Technological University,College of Engineering,Chemical and Biomolecular Engineering,3518,91.1,84.8,3784,3600,3959,3740,3600,4300,3959,3740,3600,4300
2021,Nanyang Technological University,College of Engineering,Civil Engineering,3519,97.7,92,3596,3500,3664,3540,3400,3800,3664,3540,3400,3800
2021,Nanyang Technological University,College of Engineering,Computer Engineering,3520,95.8,89.6,4649,4500,4847,4500,4000,5000,4847,4500,4000,5000
2021,Nanyang Technological University,College of Engineering,Computer Science,3521,97,91,4871,4800,4924,4800,4200,5450,4924,4800,4200,5450
2021,Nanyang Technological University,College of Engineering,Double Degree in Engineering and Economics ^,3522,90.9,90.9,4485,4580,4566,4583,4530,4900,4566,4583,4530,4900
2021,Nanyang Technological University,College of Engineering,Electrical and Electronic Engineering,3523,93.9,88.6,3978,3900,4069,4000,3600,4400,4069,4000,3600,4400
2021,Nanyang Technological University,College of Engineering,Environmental Engineering,3524,96.6,86.2,3422,3500,3487,3500,3200,3600,3487,3500,3200,3600
2021,Nanyang Technological University,College of Engineering,Information Engineering and Media,3525,95.7,88.6,4247,4200,4325,4200,3900,4800,4325,4200,3900,4800
2021,Nanyang Technological University,College of Engineering,Maritime Studies,3526,98.4,95.2,3697,3500,3763,3500,3500,4000,3763,3500,3500,4000
2021,Nanyang Technological University,College of Engineering,Materials Engineering,3527,96.3,83,3701,3600,3801,3650,3500,4000,3801,3650,3500,4000
2021,Nanyang Technological University,College of Engineering,Mechanical Engineering,3528,94,86.1,3845,3700,4006,3800,3570,4400,4006,3800,3570,4400
2021,Nanyang Technological University,"College of Humanities, Arts & Social Sciences","Art, Design and Media",3529,86.2,46.6,3146,3000,3182,3000,2650,3675,3182,3000,2650,3675
2021,Nanyang Technological University,"College of Humanities, Arts & Social Sciences",Chinese,3530,87,72.5,3376,3250,3483,3300,3053,3650,3483,3300,3053,3650
2021,Nanyang Technological University,"College of Humanities, Arts & Social Sciences",Communication Studies,3531,96.9,80.8,3463,3375,3548,3500,3000,3943,3548,3500,3000,3943
2021,Nanyang Technological University,"College of Humanities, Arts & Social Sciences",Economics,3532,93.5,88.3,3658,3500,3720,3650,3300,4000,3720,3650,3300,4000
2021,Nanyang Technological University,"College of Humanities, Arts & Social Sciences",English,3533,95.5,64.2,3254,3300,3354,3500,3000,3600,3354,3500,3000,3600
2021,Nanyang Technological University,"College of Humanities, Arts & Social Sciences",History,3534,82.2,66.7,3724,3675,3800,3675,3500,4000,3800,3675,3500,4000
2021,Nanyang Technological University,"College of Humanities, Arts & Social Sciences",Inter-Disciplinary Double Major ^,3535,92.9,75,3794,3650,3822,3650,3450,4180,3822,3650,3450,4180
2021,Nanyang Technological University,"College of Humanities, Arts & Social Sciences",Linguistics and Multilingual Studies,3536,87.2,70.2,3351,3300,3398,3300,3000,3850,3398,3300,3000,3850
2021,Nanyang Technological University,"College of Humanities, Arts & Social Sciences",Philosophy,3537,88.5,57.7,3394,3400,3502,3400,2915,4480,3502,3400,2915,4480
2021,Nanyang Technological University,"College of Humanities, Arts & Social Sciences",Psychology,3538,91.8,71.8,3342,3300,3362,3350,3000,3500,3362,3350,3000,3500
2021,Nanyang Technological University,"College of Humanities, Arts & Social Sciences",Public Policy and Global Affairs,3539,83.3,77.1,4024,3778,4105,3804,3500,4524,4105,3804,3500,4524
2021,Nanyang Technological University,"College of Humanities, Arts & Social Sciences",Sociology,3540,91.3,69.6,3509,3475,3567,3500,3200,3940,3567,3500,3200,3940
2021,Nanyang Technological University,College of Science,Biological Sciences / Biomedical Sciences,3541,96.8,81.7,3470,3400,3569,3500,3260,3800,3569,3500,3260,3800
2021,Nanyang Technological University,College of Science,Biomedical Sciences and Chinese Medicine # ^,3542,90.9,77.3,3023,3100,3119,3100,2890,3300,3119,3100,2890,3300
2021,Nanyang Technological University,College of Science,Chemistry and Biological Chemistry,3543,90.2,74.4,3367,3400,3501,3400,3100,3700,3501,3400,3100,3700
2021,Nanyang Technological University,College of Science,Environmental Earth Systems Sciences ^,3544,100,91.3,3810,3892,3888,3950,3500,4300,3888,3950,3500,4300
2021,Nanyang Technological University,College of Science,Mathematical Sciences / Mathematical Sciences and Economics,3545,91,75.6,3939,3750,4039,3806,3500,4500,4039,3806,3500,4500
2021,Nanyang Technological University,College of Science,Physics and Applied Physics,3546,84.5,69,3710,3570,3793,3600,3384,4000,3793,3600,3384,4000
2021,Nanyang Technological University,Sports Science and Management,Sports Science and Management,3547,86.2,55.4,3292,3300,3438,3300,3100,3620,3438,3300,3100,3620
2021,Nanyang Technological University,National Institute of Education (NIE),Arts (with Education),3548,100,100,3563,3754,3718,3780,3700,3900,3718,3780,3700,3900
2021,Nanyang Technological University,National Institute of Education (NIE),Science (with Education) ^,3549,100,100,3578,3776,3796,3904,3727,4000,3796,3904,3727,4000
2021,Nanyang Technological University,Lee Kong Chian School of Medicine,Medicine #,3550,100,100,4702,4700,5404,5500,5200,5800,5404,5500,5200,5800
2021,National University of Singapore,Faculty of Arts & Social Sciences,Bachelor of Arts,3551,91.4,70,3405,3200,3600,3200,2850,4100,3600,3200,2850,4100
2021,National University of Singapore,Faculty of Arts & Social Sciences,Bachelor of Arts (Hons),3552,88.8,68.3,3619,3500,3731,3650,3400,3983,3731,3650,3400,3983
2021,National University of Singapore,Faculty of Arts & Social Sciences,Bachelor of Social Sciences,3553,92.5,78.2,3757,3531,3850,3600,3400,4100,3850,3600,3400,4100
2021,National University of Singapore,Faculty of Dentistry,Bachelor of Dental Surgery,3554,100,100,4256,4200,4286,4200,4200,4600,4286,4200,4200,4600
2021,National University of Singapore,Faculty of Engineering,Bachelor of Engineering (Biomedical Engineering),3555,94.4,83.3,3610,3500,3732,3600,3300,4000,3732,3600,3300,4000
2021,National University of Singapore,Faculty of Engineering,Bachelor of Engineering (Chemical Engineering),3556,91.4,84.8,3793,3700,4023,3800,3600,4300,4023,3800,3600,4300
2021,National University of Singapore,Faculty of Engineering,Bachelor of Engineering (Civil Engineering),3557,97.3,97.3,3780,3700,3897,3700,3500,4100,3897,3700,3500,4100
2021,National University of Singapore,Faculty of Engineering,Bachelor of Engineering (Electrical Engineering),3558,95.1,93,4251,4000,4377,4150,3900,4550,4377,4150,3900,4550
2021,National University of Singapore,Faculty of Engineering,Bachelor of Engineering (Engineering Science) ^,3559,89.5,68.4,4189,4500,4399,4500,4000,4900,4399,4500,4000,4900
2021,National University of Singapore,Faculty of Engineering,Bachelor of Engineering (Environmental Engineering),3560,97.1,88.6,3572,3500,3607,3500,3300,3900,3607,3500,3300,3900
2021,National University of Singapore,Faculty of Engineering,Bachelor of Engineering (Industrial and Systems Engineering),3561,96.7,91.8,4237,4150,4417,4500,4000,4900,4417,4500,4000,4900
2021,National University of Singapore,Faculty of Engineering,Bachelor of Engineering (Materials Science and Engineering),3562,91.7,87.5,3899,3775,4020,3896,3600,4200,4020,3896,3600,4200
2021,National University of Singapore,Faculty of Engineering,Bachelor of Engineering (Mechanical Engineering),3563,94.5,89.5,3965,3800,4115,3875,3500,4550,4115,3875,3500,4550
2021,National University of Singapore,Faculty of Law,Bachelor of Laws #,3564,96.5,93.5,5398,5150,5627,5600,4500,6000,5627,5600,4500,6000
2021,National University of Singapore,Faculty of Science,Bachelor of Science,3565,82.4,56.9,3446,3300,3627,3527,3100,4000,3627,3527,3100,4000
2021,National University of Singapore,Faculty of Science,Bachelor of Science (Hons),3566,92.2,76.5,3665,3500,3767,3600,3400,4000,3767,3600,3400,4000
2021,National University of Singapore,Faculty of Science,Bachelor of Science (Computational Biology) ^,3567,100,100,4655,4500,4677,4500,4000,5000,4677,4500,4000,5000
2021,National University of Singapore,Faculty of Science,Bachelor of Science (Pharmacy) #,3568,95.9,91.9,3773,3760,3923,3915,3636,4200,3923,3915,3636,4200
2021,National University of Singapore,Faculty of Science,Bachelor of Science (Data Science and Analytics),3569,97.7,95.3,4819,4500,4981,4800,4200,5400,4981,4800,4200,5400
2021,National University of Singapore,NUS Business School,Bachelor of Business Administration,3570,94.7,81.6,5199,3550,5567,3700,3125,7625,5567,3700,3125,7625
2021,National University of Singapore,NUS Business School,Bachelor of Business Administration (Hons),3571,98.1,93.5,4828,4200,4950,4347,3700,5200,4950,4347,3700,5200
2021,National University of Singapore,NUS Business School,Bachelor of Business Administration (Accountancy) ^,3572,100,100,3380,3300,3515,3400,3013,3750,3515,3400,3013,3750
2021,National University of Singapore,NUS Business School,Bachelor of Business Administration (Accountancy) (Hons),3573,97,96.3,4124,3430,4194,3500,3200,4600,4194,3500,3200,4600
2021,National University of Singapore,School of Computing,Bachelor of Computing (Computer Science),3574,99.1,96.4,5898,5800,6002,6000,5000,6900,6002,6000,5000,6900
2021,National University of Singapore,School of Computing,Bachelor of Computing (Information Security) ^,3575,100,100,4992,5000,5095,5400,4305,5500,5095,5400,4305,5500
2021,National University of Singapore,School of Computing,Bachelor of Computing (Information Systems),3576,97.5,96.2,5087,5000,5217,5000,4500,5400,5217,5000,4500,5400
2021,National University of Singapore,School of Computing,Bachelor of Science (Business Analytics),3577,100,100,5437,5050,5603,5400,4800,6125,5603,5400,4800,6125
2021,National University of Singapore,School of Design & Environment,Bachelor of Arts (Architecture),3578,97.7,96.6,4090,4000,4139,4000,3600,4440,4139,4000,3600,4440
2021,National University of Singapore,School of Design & Environment,Bachelor of Arts (Industrial Design),3579,87.5,75,4146,3825,4178,3825,3200,4250,4178,3825,3200,4250
2021,National University of Singapore,School of Design & Environment,Bachelor of Science (Project and Facilities Management),3580,93.1,92.1,3424,3450,3560,3500,3200,3700,3560,3500,3200,3700
2021,National University of Singapore,School of Design & Environment,Bachelor of Science (Real Estate),3581,94.5,82.4,3692,3575,3863,3700,3400,4000,3863,3700,3400,4000
2021,National University of Singapore,Yong Loo Lin School (Medicine),Bachelor of Medicine and Bachelor of Surgery # **,3582,na,na,na,na,na,na,na,na,na,na,na,na
2021,National University of Singapore,Yong Loo Lin School (Medicine),Bachelor of Science (Nursing),3583,96.2,93.3,3300,3350,3530,3550,3350,3750,3530,3550,3350,3750
2021,National University of Singapore,Yong Loo Lin School (Medicine),Bachelor of Science (Nursing) (Hons),3584,97.9,96.8,3482,3500,3750,3750,3550,3950,3750,3750,3550,3950
2021,National University of Singapore,YST Conservatory of Music,Bachelor of Music ^,3585,82.4,35.3,3136,2958,3203,3100,2915,3600,3203,3100,2915,3600
2021,National University of Singapore,Yale-NUS College,Bachelor of Arts with Honours,3586,88.3,70.8,4344,4000,4453,4000,3500,5000,4453,4000,3500,5000
2021,National University of Singapore,Yale-NUS College,Bachelor of Science with Honours,3587,94.6,83.8,4779,4500,4952,4500,3800,5650,4952,4500,3800,5650
2021,National University of Singapore,Multi-Disciplinary Programmes,Bachelor of Engineering (Computer Engineering),3588,97.4,91.2,5345,5000,5473,5400,4500,6200,5473,5400,4500,6200
2021,National University of Singapore,Multi-Disciplinary Programmes,Bachelor of Environmental Studies,3589,97.4,81.6,3544,3500,3658,3650,3100,3996,3658,3650,3100,3996
2021,Singapore Institute of Technology,DigiPen Institute of Technology,Bachelor of Arts in Game Design ^,3590,100,81.5,3457,3200,3490,3300,3200,3500,3490,3300,3200,3500
2021,Singapore Institute of Technology,DigiPen Institute of Technology,Bachelor of Fine Arts in Digital Art and Animation,3591,80,63.3,3081,3200,3125,3200,2835,3500,3125,3200,2835,3500
2021,Singapore Institute of Technology,DigiPen Institute of Technology,Bachelor of Science in Computer Science and Game Design,3592,88.2,85.3,4229,4000,4324,4000,3700,4968,4324,4000,3700,4968
2021,Singapore Institute of Technology,DigiPen Institute of Technology,Bachelor of Science in Computer Science in Real-Time Interactive Simulation,3593,95.1,92.7,4962,4600,4984,4600,4300,5175,4984,4600,4300,5175
2021,Singapore Institute of Technology,Singapore Institute of Technology (SIT),Bachelor of Accountancy with Honours,3594,97.7,86.8,3363,3400,3431,3400,3200,3460,3431,3400,3200,3460
2021,Singapore Institute of Technology,Singapore Institute of Technology (SIT),Bachelor of Engineering with Honours in Information & Communications Technology (Information Security),3595,100,98.2,4934,4800,5251,4950,4605,5552,5251,4950,4605,5552
2021,Singapore Institute of Technology,Singapore Institute of Technology (SIT),Bachelor of Engineering with Honours in Information & Communications Technology (Software Engineering),3596,100,98,5126,5000,5215,5000,4590,5500,5215,5000,4590,5500
2021,Singapore Institute of Technology,Singapore Institute of Technology (SIT),Bachelor of Engineering with Honours in Aircraft Systems Engineering,3597,100,91.7,3297,3200,3394,3300,2500,4000,3394,3300,2500,4000
2021,Singapore Institute of Technology,Singapore Institute of Technology (SIT),Bachelor of Engineering with Honours in Pharmaceutical Engineering,3598,98.3,87.9,3423,3500,3736,3600,3300,4000,3736,3600,3300,4000
2021,Singapore Institute of Technology,Singapore Institute of Technology (SIT),Bachelor of Engineering with Honours in Sustainable Infrastructure Engineering (Building Services),3599,98,96.1,3707,3600,3773,3680,3500,3950,3773,3680,3500,3950
2021,Singapore Institute of Technology,Singapore Institute of Technology (SIT),Bachelor of Engineering with Honours in Sustainable Infrastructure Engineering (Land) ^,3600,96.3,88.9,3606,3500,3788,3700,3485,4250,3788,3700,3485,4250
2021,Singapore Institute of Technology,Singapore Institute of Technology (SIT),Bachelor of Engineering with Honours in Telematics (Intelligent Transportation Systems Engineering),3601,97.5,85,4086,4000,4146,4000,3850,4500,4146,4000,3850,4500
2021,Singapore Institute of Technology,Singapore Institute of Technology (SIT),Bachelor of Hospitality Business with Honours,3602,96.1,80.3,3037,3000,3216,3000,2800,3500,3216,3000,2800,3500
2021,Singapore Institute of Technology,Singapore Institute of Technology (SIT),Bachelor of Science (Diagnostic Radiography),3603,100,100,3670,3500,3880,3700,3500,4025,3880,3700,3500,4025
2021,Singapore Institute of Technology,Singapore Institute of Technology (SIT),Bachelor of Science (Occupational Therapy),3604,100,98.3,3521,3500,3546,3500,3400,3690,3546,3500,3400,3690
2021,Singapore Institute of Technology,Singapore Institute of Technology (SIT),Bachelor of Science (Radiation Therapy) ^,3605,100,100,3310,3500,3328,3500,3000,3500,3328,3500,3000,3500
2021,Singapore Institute of Technology,SIT- DigiPen Institute of Technology,Bachelor of Engineering with Honours in Systems Engineering (ElectroMechanical Systems),3606,100,95.1,4086,4000,4402,4370,3700,4900,4402,4370,3700,4900
2021,Singapore Institute of Technology,SIT- Massey University,Bachelor of Food Technology with Honours,3607,96.4,89.1,3221,3300,3322,3300,3000,3500,3322,3300,3000,3500
2021,Singapore Institute of Technology,SIT- Newcastle University,Bachelor of Engineering with Honours in Chemical Engineering,3608,79.2,64.2,3466,3500,3836,3700,3350,4200,3836,3700,3350,4200
2021,Singapore Institute of Technology,SIT- Newcastle University,Bachelor of Engineering with Honours in Electrical Power Engineering,3609,98.3,84.5,3583,3500,3691,3600,3500,3850,3691,3600,3500,3850
2021,Singapore Institute of Technology,SIT- Newcastle University,Bachelor of Engineering with Honours in Marine Engineering ^,3610,100,90.5,3598,3500,3819,3750,3400,4250,3819,3750,3400,4250
2021,Singapore Institute of Technology,SIT- Newcastle University,Bachelor of Engineering with Honours in Mechanical Design and Manufacturing Engineering,3611,93.4,90.2,3646,3600,3787,3650,3600,4000,3787,3650,3600,4000
2021,Singapore Institute of Technology,SIT- Newcastle University,Bachelor of Engineering with Honours in Naval Architecture ^,3612,100,95.7,3476,3300,3592,3400,3250,3850,3592,3400,3250,3850
2021,Singapore Institute of Technology,SIT- Newcastle University,Bachelor of Engineering with Honours in Offshore Engineering ^,3613,82.4,70.6,3513,3500,3575,3550,3350,3850,3575,3550,3350,3850
2021,Singapore Institute of Technology,SIT-Trinity College Dublin,Bachelor of Science (Physiotherapy),3614,97.9,96.8,3516,3500,3591,3525,3400,3800,3591,3525,3400,3800
2021,Singapore Institute of Technology,SIT-University of Glasgow,Bachelor of Engineering with Honours in Civil Engineering,3615,92.8,92.8,3650,3600,3719,3675,3500,3933,3719,3675,3500,3933
2021,Singapore Institute of Technology,SIT-University of Glasgow,Bachelor of Science with Honours in Nursing,3616,98.3,86.4,3403,3350,3697,3700,3350,3990,3697,3700,3350,3990
2021,Singapore Institute of Technology,Technische Universität München,Bachelor of Science in Chemical Engineering,3617,95.7,87,3495,3500,3645,3557,3400,3865,3645,3557,3400,3865
2021,Singapore Institute of Technology,Technische Universität München,Bachelor of Science in Electrical Engineering & Information Technology ^,3618,81.5,74.1,3649,3600,3806,3700,3250,4265,3806,3700,3250,4265
2021,Singapore Institute of Technology,The Culinary Institute of America,Bachelor of Business Administration in Food Business Management,3619,91.9,67.7,2647,2500,2817,2700,2500,3100,2817,2700,2500,3100
2021,Singapore Institute of Technology,The Glasgow School of Art,Bachelor of Arts with Honours in Communication Design,3620,94.4,59.3,2951,3000,2989,3000,2700,3200,2989,3000,2700,3200
2021,Singapore Institute of Technology,The Glasgow School of Art,Bachelor of Arts with Honours in Interior Design,3621,94.3,65.7,2761,3000,2807,3000,2500,3100,2807,3000,2500,3100
2021,Singapore Institute of Technology,University of Liverpool,Bachelor of Arts with Honours in Criminology and Security,3622,95.5,81.8,3807,3600,4001,3850,3400,4500,4001,3850,3400,4500
2021,Singapore Management University,School of Accountancy (4-year programme) *,Accountancy,3623,98.7,93,3751,3400,3814,3400,3200,4000,3814,3400,3200,4000
2021,Singapore Management University,School of Accountancy (4-year programme) *,Accountancy (Cum Laude and above),3624,97.9,92.6,4161,3700,4213,3850,3300,4600,4213,3850,3300,4600
2021,Singapore Management University,School of Business (4-year programme) *,Business Management,3625,96.6,86,4229,4000,4371,4000,3500,4650,4371,4000,3500,4650
2021,Singapore Management University,School of Business (4-year programme) *,Business Management (Cum Laude and above),3626,96.6,90.3,4705,4333,4855,4480,3800,5043,4855,4480,3800,5043
2021,Singapore Management University,School of Economics (4-year programme) *,Economics,3627,91.8,83.5,4641,4275,4777,4435,3800,5250,4777,4435,3800,5250
2021,Singapore Management University,School of Economics (4-year programme) *,Economics (Cum Laude and above),3628,94.1,91.2,5209,4750,5310,4900,4191,5810,5310,4900,4191,5810
2021,Singapore Management University,School of Information Systems (4-year programme) *,Information Systems,3629,98.2,94.6,4774,4860,4906,5000,4200,5350,4906,5000,4200,5350
2021,Singapore Management University,School of Information Systems (4-year programme) *,Information Systems (Cum Laude and above),3630,97.4,93.6,5317,5050,5499,5350,5000,5833,5499,5350,5000,5833
2021,Singapore Management University,School of Social Sciences (4-year programme) *,Social Sciences,3631,94.1,77.1,3656,3465,3836,3600,3200,4010,3836,3600,3200,4010
2021,Singapore Management University,School of Social Sciences (4-year programme) *,Social Sciences (Cum Laude and above),3632,96.9,86.2,3856,3500,4063,3763,3350,4500,4063,3763,3350,4500
2021,Singapore Management University,School of Law (4-year programme) *,Law #,3633,100,98.3,5319,5500,5433,5600,4500,6000,5433,5600,4500,6000
2021,Singapore Management University,School of Law (4-year programme) *,Law (Cum Laude and above) #,3634,100,98.8,5613,5600,5754,5800,5025,6000,5754,5800,5025,6000
2021,Singapore University of Social Sciences,S R Nathan School of Human Development,Bachelor of Early Childhood Education,3635,93,88.4,2949,3000,2963,3000,2800,3100,2963,3000,2800,3100
2021,Singapore University of Social Sciences,S R Nathan School of Human Development,Bachelor of Human Resource Management,3636,95.6,80.9,3249,3200,3412,3200,3000,3500,3412,3200,3000,3500
2021,Singapore University of Social Sciences,S R Nathan School of Human Development,Bachelor of Social Work,3637,94.7,86.8,3432,3530,3461,3530,3400,3580,3461,3530,3400,3580
2021,Singapore University of Social Sciences,School of Business,Bachelor of Accountancy,3638,98.6,89,3199,3200,3231,3200,3000,3400,3231,3200,3000,3400
2021,Singapore University of Social Sciences,School of Business,Bachelor of Science in Business Analytics,3639,93.5,83.9,4218,3800,4372,3800,3350,4900,4372,3800,3350,4900
2021,Singapore University of Social Sciences,School of Business,Bachelor of Science in Finance,3640,84.4,56.3,3856,3500,3862,3500,3300,4350,3862,3500,3300,4350
2021,Singapore University of Social Sciences,School of Business,Bachelor of Science in Marketing,3641,92.4,63.6,3303,3200,3411,3275,2820,3600,3411,3275,2820,3600
2021,Singapore University of Social Sciences,School of Business,Bachelor of Science in Supply Chain Management,3642,97.4,79.5,3245,3200,3381,3300,3025,3500,3381,3300,3025,3500
2021,Singapore University of Technology and Design,na,Bachelor of Engineering (Computer Science and Design),3643,98.3,96.7,4936,4800,5030,4800,4400,5414,5030,4800,4400,5414
2021,Singapore University of Technology and Design,na,Bachelor of Engineering (Engineering Product Development),3644,89.9,85.5,4047,4000,4141,4000,3750,4500,4141,4000,3750,4500
2021,Singapore University of Technology and Design,na,Bachelor of Engineering (Engineering Systems and Design),3645,95.5,90.9,4542,4500,4778,4700,3900,5000,4778,4700,3900,5000
2021,Singapore University of Technology and Design,na,Bachelor of Science (Architecture and Sustainable Design),3646,96.6,89.7,3800,3801,3842,3875,3430,4200,3842,3875,3430,4200
2022,National University of Singapore,Faculty of Arts & Social Sciences,Bachelor of Arts,3647,88.5,76.9,3808,3670,3928,3700,3500,4000,3928,3700,3500,4000
2022,National University of Singapore,Faculty of Arts & Social Sciences,Bachelor of Arts (Hons),3648,87.5,74.4,3889,3850,4034,4000,3500,4390,4034,4000,3500,4390
2022,National University of Singapore,Faculty of Arts & Social Sciences,Bachelor of Social Sciences,3649,92.3,81.1,3935,3650,4056,3795,3500,4350,4056,3795,3500,4350
2022,National University of Singapore,Faculty of Dentistry,Bachelor of Dental Surgery,3650,100,100,4331,4200,4331,4200,4200,4600,4331,4200,4200,4600
2022,National University of Singapore,Faculty of Law,Bachelor of Laws #,3651,97.3,94.6,5935,6000,6182,6400,5500,6800,6182,6400,5500,6800
2022,National University of Singapore,Faculty of Science,Bachelor of Science ^,3652,85.2,63,3630,3500,3823,3600,3500,4000,3823,3600,3500,4000
2022,National University of Singapore,Faculty of Science,Bachelor of Science (Hons),3653,90.6,80.1,4040,3720,4174,3850,3500,4500,4174,3850,3500,4500
2022,National University of Singapore,Faculty of Science,Bachelor of Science (Computational Biology)**,3654,na,na,na,na,na,na,na,na,na,na,na,na
2022,National University of Singapore,Faculty of Science,Bachelor of Science (Pharmacy) #,3655,98.4,95.1,3829,3798,4053,4000,3750,4250,4053,4000,3750,4250
2022,National University of Singapore,Faculty of Science,Bachelor of Science (Pharmaceutical Science) (Hons) ^,3656,94.1,76.5,3769,3700,3808,3700,3400,4350,3808,3700,3400,4350
2022,National University of Singapore,Faculty of Science,Bachelor of Science (Data Science and Analytics),3657,96.8,96.8,5562,5500,5616,5500,4628,6100,5616,5500,4628,6100
2022,National University of Singapore,NUS Business School,Bachelor of Business Administration,3658,87.9,78.8,5653,5000,6026,5100,4000,7000,6026,5100,4000,7000
2022,National University of Singapore,NUS Business School,Bachelor of Business Administration (Hons),3659,97.1,95.7,5346,4600,5519,4696,4000,5938,5519,4696,4000,5938
2022,National University of Singapore,NUS Business School,Bachelor of Business Administration (Accountancy) ^,3660,93.3,93.3,5494,3800,5560,3800,3400,5500,5560,3800,3400,5500
2022,National University of Singapore,NUS Business School,Bachelor of Business Administration (Accountancy) (Hons),3661,99.3,97.9,4619,4000,4668,4000,3600,5000,4668,4000,3600,5000
2022,National University of Singapore,NUS Business School,Bachelor of Science (Real Estate),3662,99,95.1,3924,3800,4062,3850,3600,4400,4062,3850,3600,4400
2022,National University of Singapore,School of Computing,Bachelor of Computing (Computer Science),3663,96.8,96.1,6954,6500,7121,6600,5341,7583,7121,6600,5341,7583
2022,National University of Singapore,School of Computing,Bachelor of Computing (Information Security),3664,94.6,91.1,5274,5400,5660,5500,4800,6475,5660,5500,4800,6475
2022,National University of Singapore,School of Computing,Bachelor of Computing (Information Systems),3665,95.3,93,5551,5300,5672,5500,4800,6250,5672,5500,4800,6250
2022,National University of Singapore,School of Computing,Bachelor of Science (Business Analytics),3666,96.2,95.2,5845,5500,5966,5500,5000,6600,5966,5500,5000,6600
2022,National University of Singapore,College of Design and Engineering,Bachelor of Engineering (Biomedical Engineering),3667,97.2,91.6,4140,3800,4268,4000,3500,5000,4268,4000,3500,5000
2022,National University of Singapore,College of Design and Engineering,Bachelor of Engineering (Chemical Engineering),3668,96.6,95.5,4487,4400,4690,4675,4018,5100,4690,4675,4018,5100
2022,National University of Singapore,College of Design and Engineering,Bachelor of Engineering (Civil Engineering),3669,93.8,88.9,3979,3921,4139,4000,3700,4400,4139,4000,3700,4400
2022,National University of Singapore,College of Design and Engineering,Bachelor of Engineering (Electrical Engineering),3670,92.2,90.7,4730,4700,4913,4800,4380,5500,4913,4800,4380,5500
2022,National University of Singapore,College of Design and Engineering,Bachelor of Engineering (Engineering Science) ^,3671,100,100,4622,4450,4659,4450,4080,5000,4659,4450,4080,5000
2022,National University of Singapore,College of Design and Engineering,Bachelor of Engineering (Environmental Engineering),3672,87.1,83.9,4252,4000,4496,4200,3850,5000,4496,4200,3850,5000
2022,National University of Singapore,College of Design and Engineering,Bachelor of Engineering (Industrial and Systems Engineering),3673,92.9,92.9,5137,5000,5281,5000,4290,5650,5281,5000,4290,5650
2022,National University of Singapore,College of Design and Engineering,Bachelor of Engineering (Materials Science and Engineering),3674,92.9,87.1,4384,4360,4539,4500,3850,5000,4539,4500,3850,5000
2022,National University of Singapore,College of Design and Engineering,Bachelor of Engineering (Mechanical Engineering),3675,96.2,91.9,4594,4400,4780,4525,4000,5200,4780,4525,4000,5200
2022,National University of Singapore,College of Design and Engineering,Bachelor of Arts (Architecture) #,3676,96,92,4360,4300,4481,4400,4000,4800,4481,4400,4000,4800
2022,National University of Singapore,College of Design and Engineering,Bachelor of Arts (Industrial Design),3677,66.7,43.3,4239,4500,4270,4500,3500,4500,4270,4500,3500,4500
2022,National University of Singapore,College of Design and Engineering,Bachelor of Science (Project and Facilities Management),3678,98.4,92,3612,3500,3670,3555,3375,3855,3670,3555,3375,3855
2022,National University of Singapore,Yong Loo Lin School (Medicine),Bachelor of Medicine and Bachelor of Surgery # **,3679,na,na,na,na,na,na,na,na,na,na,na,na
2022,National University of Singapore,Yong Loo Lin School (Medicine),Bachelor of Science (Nursing),3680,94.8,91.3,3426,3350,3656,3600,3500,3825,3656,3600,3500,3825
2022,National University of Singapore,Yong Loo Lin School (Medicine),Bachelor of Science (Nursing) (Hons),3681,100,99,3575,3550,3834,3850,3650,4000,3834,3850,3650,4000
2022,National University of Singapore,YST Conservatory of Music,Bachelor of Music ^,3682,85.7,28.6,3661,3590,3661,3590,3350,3973,3661,3590,3350,3973
2022,National University of Singapore,Yale-NUS College,Bachelor of Arts with Honours,3683,87.3,80.5,5130,4500,5418,4600,3800,6000,5418,4600,3800,6000
2022,National University of Singapore,Yale-NUS College,Bachelor of Science with Honours,3684,96.3,88.9,6764,5875,6879,6038,4500,9000,6879,6038,4500,9000
2022,National University of Singapore,Multi-Disciplinary Programmes,Bachelor of Engineering (Computer Engineering),3685,94.5,92.7,6183,5900,6367,6000,5300,6800,6367,6000,5300,6800
2022,National University of Singapore,Multi-Disciplinary Programmes,Bachelor of Environmental Studies,3686,91.9,78.4,3999,3800,4000,3800,3500,4000,4000,3800,3500,4000
2022,Nanyang Technological University,College of Business (Nanyang Business School),Accountancy,3687,98.3,97.6,3965,3600,4031,3600,3600,4300,4031,3600,3600,4300
2022,Nanyang Technological University,College of Business (Nanyang Business School),Accountancy and Business,3688,98,96.9,5473,4833,5580,4942,4167,6230,5580,4942,4167,6230
2022,Nanyang Technological University,College of Business (Nanyang Business School),Business,3689,94.5,86.5,4407,4000,4503,4015,3600,4800,4503,4015,3600,4800
2022,Nanyang Technological University,College of Business (Nanyang Business School),Double Degree in Business and Computer Engineering/Computing,3690,100,100,6307,6000,6627,6500,6000,7500,6627,6500,6000,7500
2022,Nanyang Technological University,College of Engineering,Aerospace Engineering,3691,94,93,4752,4800,4899,5000,4160,5500,4899,5000,4160,5500
2022,Nanyang Technological University,College of Engineering,Bioengineering,3692,93.9,90.9,4160,4000,4419,4200,3600,5250,4419,4200,3600,5250
2022,Nanyang Technological University,College of Engineering,Chemical and Biomolecular Engineering,3693,96.6,93.3,4580,4500,4733,4800,4028,5100,4733,4800,4028,5100
2022,Nanyang Technological University,College of Engineering,Civil Engineering,3694,91.6,88.4,3699,3600,3788,3650,3500,3975,3788,3650,3500,3975
2022,Nanyang Technological University,College of Engineering,Computer Engineering,3695,87,85.2,5366,5285,5463,5295,4500,6215,5463,5295,4500,6215
2022,Nanyang Technological University,College of Engineering,Computer Science,3696,94,91.7,5515,5400,5699,5500,4900,6420,5699,5500,4900,6420
2022,Nanyang Technological University,College of Engineering,Data Science and Artificial Intelligence ^,3697,88.2,82.4,6647,5625,6749,5625,5000,7500,6749,5625,5000,7500
2022,Nanyang Technological University,College of Engineering,Double Degree in Engineering and Economics ^,3698,100,100,5150,5000,5344,5000,4700,5815,5344,5000,4700,5815
2022,Nanyang Technological University,College of Engineering,Electrical and Electronic Engineering,3699,92.4,90.2,4595,4500,4723,4558,4100,5000,4723,4558,4100,5000
2022,Nanyang Technological University,College of Engineering,Environmental Engineering,3700,93.5,90.3,3988,3800,4139,3900,3700,4500,4139,3900,3700,4500
2022,Nanyang Technological University,College of Engineering,Information Engineering and Media,3701,95.3,93.8,5080,4950,5187,4950,4500,5500,5187,4950,4500,5500
2022,Nanyang Technological University,College of Engineering,Maritime Studies,3702,96.7,95.1,3842,3740,3860,3740,3500,4060,3860,3740,3500,4060
2022,Nanyang Technological University,College of Engineering,Materials Engineering,3703,94.9,92.6,4300,4300,4522,4500,3800,5000,4522,4500,3800,5000
2022,Nanyang Technological University,College of Engineering,Mechanical Engineering,3704,95,91.3,4381,4200,4537,4500,3944,5000,4537,4500,3944,5000
2022,Nanyang Technological University,"College of Humanities, Arts & Social Sciences","Art, Design and Media",3705,89.5,63.2,3303,3200,3372,3200,3000,3600,3372,3200,3000,3600
2022,Nanyang Technological University,"College of Humanities, Arts & Social Sciences",Chinese,3706,91.8,70.5,3408,3300,3566,3600,3060,4015,3566,3600,3060,4015
2022,Nanyang Technological University,"College of Humanities, Arts & Social Sciences",Communication Studies,3707,94.2,79.7,3674,3500,3739,3500,3200,4200,3739,3500,3200,4200
2022,Nanyang Technological University,"College of Humanities, Arts & Social Sciences",Economics,3708,88.7,81.7,4187,4000,4270,4000,3600,4550,4270,4000,3600,4550
2022,Nanyang Technological University,"College of Humanities, Arts & Social Sciences",English,3709,94.9,77.2,3574,3500,3699,3748,3200,4200,3699,3748,3200,4200
2022,Nanyang Technological University,"College of Humanities, Arts & Social Sciences",History,3710,86.5,80.8,3819,3800,3966,4000,3500,4250,3966,4000,3500,4250
2022,Nanyang Technological University,"College of Humanities, Arts & Social Sciences",Inter-Disciplinary Double Major8,3711,87.9,66.7,4135,4200,4258,4271,3650,4750,4258,4271,3650,4750
2022,Nanyang Technological University,"College of Humanities, Arts & Social Sciences",Linguistics and Multilingual Studies,3712,94.1,72.5,3452,3400,3513,3500,3150,3810,3513,3500,3150,3810
2022,Nanyang Technological University,"College of Humanities, Arts & Social Sciences",Philosophy ^,3713,78.3,69.6,3476,3300,3515,3450,3000,3700,3515,3450,3000,3700
2022,Nanyang Technological University,"College of Humanities, Arts & Social Sciences",Psychology,3714,79.8,69.7,3688,3635,3743,3668,3300,4015,3743,3668,3300,4015
2022,Nanyang Technological University,"College of Humanities, Arts & Social Sciences",Public Policy and Global Affairs,3715,97.9,95.7,4122,4088,4167,4123,3650,4500,4167,4123,3650,4500
2022,Nanyang Technological University,"College of Humanities, Arts & Social Sciences",Sociology,3716,92.9,87.1,3816,3789,3904,3800,3450,4200,3904,3800,3450,4200
2022,Nanyang Technological University,College of Science,Biological and Biomedical Sciences,3717,93.9,83.2,3688,3600,3808,3600,3400,4100,3808,3600,3400,4100
2022,Nanyang Technological University,College of Science,Biological Sciences and Psychology ^,3718,71.4,50,4057,3800,4264,4050,3700,4300,4264,4050,3700,4300
2022,Nanyang Technological University,College of Science,Biomedical Sciences and Chinese Medicine # ^,3719,100,90,3300,3100,3415,3175,3080,3300,3415,3175,3080,3300
2022,Nanyang Technological University,College of Science,Chemistry and Biological Chemistry,3720,90.8,84,3759,3600,3863,3700,3400,4200,3863,3700,3400,4200
2022,Nanyang Technological University,College of Science,Environmental Earth Systems Sciences ^,3721,100,88,4406,4008,4545,4023,3600,4959,4545,4023,3600,4959
2022,Nanyang Technological University,College of Science,Mathematical Sciences / Mathematical Sciences and Economics,3722,86.5,79.4,4352,4250,4436,4300,3799,4800,4436,4300,3799,4800
2022,Nanyang Technological University,College of Science,Physics and Applied Physics,3723,91.5,84.7,3917,4000,4067,4000,3683,4575,4067,4000,3683,4575
2022,Nanyang Technological University,National Institute of Education (NIE),Arts (with Education),3724,100,100,3684,4000,4025,4129,3750,4300,4025,4129,3750,4300
2022,Nanyang Technological University,National Institute of Education (NIE),Science (with Education) ^,3725,100,100,4106,4275,4211,4300,4000,4470,4211,4300,4000,4470
2022,Nanyang Technological University,National Institute of Education (NIE),Sports Science and Management,3726,100,74.4,3657,3350,3762,3350,3200,4266,3762,3350,3200,4266
2022,Nanyang Technological University,Lee Kong Chian School of Medicine,Medicine #,3727,100,100,4779,4700,5532,5600,5199,6000,5532,5600,5199,6000
2022,Singapore Management University,School of Accountancy (4-year programme) *,Accountancy,3728,98.1,96.1,4432,3800,4497,3825,3600,4600,4497,3825,3600,4600
2022,Singapore Management University,School of Accountancy (4-year programme) *,Accountancy (Cum Laude and above),3729,100,98,5040,4000,5097,4025,3600,5500,5097,4025,3600,5500
2022,Singapore Management University,School of Business (4-year programme) *,Business Management,3730,94.3,86.5,4744,4208,4937,4400,3700,5200,4937,4400,3700,5200
2022,Singapore Management University,School of Business (4-year programme) *,Business Management (Cum Laude and above),3731,97.4,93.1,5409,4600,5630,4800,4050,6084,5630,4800,4050,6084
2022,Singapore Management University,School of Economics (4-year programme) *,Economics,3732,97.2,89.9,4665,4500,4824,4500,4000,5200,4824,4500,4000,5200
2022,Singapore Management University,School of Economics (4-year programme) *,Economics (Cum Laude and above),3733,100,98.6,5021,4500,5169,4500,4091,5700,5169,4500,4091,5700
2022,Singapore Management University,School of Information Systems (4-year programme) *,Information Systems,3734,95.1,93.4,5333,5235,5472,5400,4700,6166,5472,5400,4700,6166
2022,Singapore Management University,School of Information Systems (4-year programme) *,Information Systems (Cum Laude and above),3735,96,94.4,5702,5500,5799,5638,4900,6500,5799,5638,4900,6500
2022,Singapore Management University,School of Social Sciences (4-year programme) *,Social Sciences,3736,91.4,83.3,4076,3843,4265,4000,3500,4600,4265,4000,3500,4600
2022,Singapore Management University,School of Social Sciences (4-year programme) *,Social Sciences (Cum Laude and above),3737,94.3,88.6,4351,4008,4576,4316,3795,4900,4576,4316,3795,4900
2022,Singapore Management University,School of Law (4-year programme) *,Law #,3738,94.1,91.1,6063,6000,6221,6375,5500,6800,6221,6375,5500,6800
2022,Singapore Management University,School of Law (4-year programme) *,Law (Cum Laude and above) #,3739,92.4,92.4,6226,6338,6429,6400,6000,7000,6429,6400,6000,7000
2022,Singapore University of Technology and Design,na,Bachelor of Engineering (Computer Science and Design),3740,91.2,86.8,5539,5000,5725,5190,4600,6600,5725,5190,4600,6600
2022,Singapore University of Technology and Design,na,Bachelor of Engineering (Engineering Product Development),3741,94.9,92.3,4266,4150,4408,4200,3900,5000,4408,4200,3900,5000
2022,Singapore University of Technology and Design,na,Bachelor of Engineering (Engineering Systems and Design),3742,89.5,86,4929,4500,5046,4500,4000,5300,5046,4500,4000,5300
2022,Singapore University of Technology and Design,na,Bachelor of Science (Architecture and Sustainable Design) ###,3743,90.6,84.9,4281,4100,4335,4100,3900,4500,4335,4100,3900,4500
2022,Singapore University of Social Sciences,S R Nathan School of Human Development,Bachelor of Early Childhood Education,3744,88.1,79.7,3090,3100,3188,3200,3000,3338,3188,3200,3000,3338
2022,Singapore University of Social Sciences,S R Nathan School of Human Development,Bachelor of Human Resource Management,3745,93.8,75,3749,3525,3874,3588,3250,4000,3874,3588,3250,4000
2022,Singapore University of Social Sciences,S R Nathan School of Human Development,Bachelor of Social Work,3746,91.9,80.6,3529,3640,3536,3640,3500,3640,3536,3640,3500,3640
2022,Singapore University of Social Sciences,School of Business,Bachelor of Accountancy,3747,96.4,94.6,3576,3600,3635,3600,3500,3663,3635,3600,3500,3663
2022,Singapore University of Social Sciences,School of Business,Bachelor of Science in Business Analytics,3748,93,86,4432,4500,4540,4660,4000,5000,4540,4660,4000,5000
2022,Singapore University of Social Sciences,School of Business,Bachelor of Science in Finance,3749,97.2,86.1,4149,4000,4483,4000,3800,5250,4483,4000,3800,5250
2022,Singapore University of Social Sciences,School of Business,Bachelor of Science in Marketing,3750,87.2,75.6,3664,3500,3827,3600,3220,4100,3827,3600,3220,4100
2022,Singapore University of Social Sciences,School of Business,Bachelor of Science in Supply Chain Management,3751,98.4,90.6,3629,3500,3702,3500,3300,3900,3702,3500,3300,3900
2022,Singapore University of Social Sciences,School of Law,Bachelor of Law **,3752,na,na,na,na,na,na,na,na,na,na,na,na
2022,Singapore Institute of Technology,DigiPen Institute of Technology,Bachelor of Arts in Game Design ^,3753,67.9,60.7,3847.352941,3500,3883.823529,3600,3400,4250,3883.823529,3600,3400,4250
2022,Singapore Institute of Technology,DigiPen Institute of Technology,Bachelor of Fine Arts in Digital Art and Animation,3754,77.1,54.3,3605.789474,3500,3628.304211,3500,3000,3825,3628.304211,3500,3000,3825
2022,Singapore Institute of Technology,DigiPen Institute of Technology,Bachelor of Science in Computer Science and Game Design,3755,90.6,84.4,4592.846154,4375,4680.538462,4490,4250,5200,4680.538462,4490,4250,5200
2022,Singapore Institute of Technology,DigiPen Institute of Technology,Bachelor of Science in Computer Science in Real-Time Interactive Simulation,3756,100,95.6,5575.963095,5500,5678.963095,5500,4700,6656.25,5678.963095,5500,4700,6656.25
2022,Singapore Institute of Technology,Singapore Institute of Technology (SIT),Bachelor of Accountancy with Honours,3757,91.8,91.8,3811.572414,3600,3841.344483,3600,3600,4000,3841.344483,3600,3600,4000
2022,Singapore Institute of Technology,Singapore Institute of Technology (SIT),Bachelor of Engineering with Honours in Information & Communications Technology (Information Security),3758,98,96,4798.275,4800,4926.782083,4800,4215.5,5563.435,4926.782083,4800,4215.5,5563.435
2022,Singapore Institute of Technology,Singapore Institute of Technology (SIT),Bachelor of Engineering with Honours in Information & Communications Technology (Software Engineering),3759,98.1,98.1,5168.679804,5000,5313.326863,5200,4798,5900,5313.326863,5200,4798,5900
2022,Singapore Institute of Technology,Singapore Institute of Technology (SIT),Bachelor of Engineering with Honours in Aircraft Systems Engineering,3760,91.2,85.3,4102.172414,4400,4167.689655,4400,3000,4900,4167.689655,4400,3000,4900
2022,Singapore Institute of Technology,Singapore Institute of Technology (SIT),Bachelor of Engineering with Honours in Pharmaceutical Engineering,3761,96.6,91.5,3790.612115,3755,4084.869038,3955,3502.5,4300,4084.869038,3955,3502.5,4300
2022,Singapore Institute of Technology,Singapore Institute of Technology (SIT),Bachelor of Engineering with Honours in Sustainable Infrastructure Engineering (Building Services),3762,100,97.6,3819.25,3725,3879.45,3775,3585,4050,3879.45,3775,3585,4050
2022,Singapore Institute of Technology,Singapore Institute of Technology (SIT),Bachelor of Engineering with Honours in Sustainable Infrastructure Engineering (Land),3763,93.3,93.3,4114.998889,3700,4302.517407,4000,3700,4800,4302.517407,4000,3700,4800
2022,Singapore Institute of Technology,Singapore Institute of Technology (SIT),Bachelor of Engineering with Honours in Telematics (Intelligent Transportation Systems Engineering),3764,81.4,65.1,4340.776786,4500,4400.241071,4687.5,4032.5,4800,4400.241071,4687.5,4032.5,4800
2022,Singapore Institute of Technology,Singapore Institute of Technology (SIT),Bachelor of Hospitality Business with Honours,3765,95.5,90,3236.838384,3200,3468.686869,3300,3000,3740,3468.686869,3300,3000,3740
2022,Singapore Institute of Technology,Singapore Institute of Technology (SIT),Bachelor of Science (Air Transport Management),3766,90,80,3888.294194,3700,4159.150645,3980,3501,4365,4159.150645,3980,3501,4365
2022,Singapore Institute of Technology,Singapore Institute of Technology (SIT),Bachelor of Science (Diagnostic Radiography),3767,100,100,3558.162791,3500,3835.857674,3800,3650,3990,3835.857674,3800,3650,3990
2022,Singapore Institute of Technology,Singapore Institute of Technology (SIT),Bachelor of Science (Occupational Therapy),3768,97.1,95.7,3604.91791,3600,3630.268657,3668.5,3500,3800,3630.268657,3668.5,3500,3800
2022,Singapore Institute of Technology,Singapore Institute of Technology (SIT),Bachelor of Science (Radiation Therapy) ^,3769,90.9,90.9,3615.4,3600,3767.9,3775,3500,4060,3767.9,3775,3500,4060
2022,Singapore Institute of Technology,SIT- DigiPen Institute of Technology,Bachelor of Engineering with Honours in Systems Engineering (ElectroMechanical Systems),3770,92.7,92.7,4842.905405,4800,4912.635135,4800,4574,5500,4912.635135,4800,4574,5500
2022,Singapore Institute of Technology,SIT- Massey University,Bachelor of Food Technology with Honours,3771,93.2,81.8,3271.805556,3300,3380.138889,3300,3050,3600,3380.138889,3300,3050,3600
2022,Singapore Institute of Technology,SIT- Newcastle University,Bachelor of Engineering with Honours in Chemical Engineering,3772,79.7,70.3,3936.25,3900,4215.522727,4100,3785,4650,4215.522727,4100,3785,4650
2022,Singapore Institute of Technology,SIT- Newcastle University,Bachelor of Engineering with Honours in Electrical Power Engineering,3773,86.4,84.7,4103.58,4000,4179.98,4100,3700,4510,4179.98,4100,3700,4510
2022,Singapore Institute of Technology,SIT- Newcastle University,Bachelor of Engineering with Honours in Marine Engineering,3774,93.5,93.5,4069.310345,3800,4211.034483,3900,3750,4400,4211.034483,3900,3750,4400
2022,Singapore Institute of Technology,SIT- Newcastle University,Bachelor of Engineering with Honours in Mechanical Design and Manufacturing Engineering,3775,88.5,80.3,4084.244898,4000,4291.64898,4100,3710,4500,4291.64898,4100,3710,4500
2022,Singapore Institute of Technology,SIT- Newcastle University,Bachelor of Engineering with Honours in Naval Architecture ^,3776,100,100,4390,3900,4540,4000,3800,5650,4540,4000,3800,5650
2022,Singapore Institute of Technology,SIT- Newcastle University,Bachelor of Engineering with Honours in Offshore Engineering ^,3777,90.5,85.7,3555.555556,3500,3797.611111,3675,3500,3900,3797.611111,3675,3500,3900
2022,Singapore Institute of Technology,SIT-Trinity College Dublin,Bachelor in Science (Physiotherapy),3778,98.1,98.1,3638.99,3630,3697.075,3674.25,3500,3850,3697.075,3674.25,3500,3850
2022,Singapore Institute of Technology,SIT-University of Glasgow,Bachelor of Engineering with Honours in Aerospace Engineering,3779,74.3,62.9,4085.454545,3750,4371.636364,4200,3500,4400,4371.636364,4200,3500,4400
2022,Singapore Institute of Technology,SIT-University of Glasgow,Bachelor of Engineering with Honours in Civil Engineering,3780,90.1,87.3,3932.42623,3800,4005.885246,3800,3700,4300,4005.885246,3800,3700,4300
2022,Singapore Institute of Technology,SIT-University of Glasgow,Bachelor of Engineering with Honours in Mechanical Engineering,3781,82.9,77.6,4070.236842,3900,4236.473684,4000,3800,4500,4236.473684,4000,3800,4500
2022,Singapore Institute of Technology,SIT-University of Glasgow,Bachelor of Science with Honours in Computing Science,3782,91.2,86.8,4979.817069,5000,5113.31719,5000,4800,5500,5113.31719,5000,4800,5500
2022,Singapore Institute of Technology,SIT-University of Glasgow,Bachelor of Science with Honours in Nursing,3783,98.6,88.4,3511.114754,3458,3796.516393,3800,3500,4100,3796.516393,3800,3500,4100
2022,Singapore Institute of Technology,Technische Universität München,Bachelor of Science in Chemical Engineering,3784,94.1,85.3,3704.482759,3600,4002.482759,3950,3600,4300,4002.482759,3950,3600,4300
2022,Singapore Institute of Technology,Technische Universität München,Bachelor of Science in Electrical Engineering & Information Technology ^,3785,95,85,4522.2,4200,4605.533333,4280,4000,4800,4605.533333,4280,4000,4800
2022,Singapore Institute of Technology,The Culinary Institute of America,Bachelor of Business Administration in Food Business Management ^,3786,89.5,78.9,2609,2450,2969,3050,2300,3500,2969,3050,2300,3500
2022,Singapore Institute of Technology,University of Liverpool,Bachelor of Arts with Honours in Criminology and Security,3787,90.5,85.7,4277.888889,4050,4533.247222,4560.835,4000,5293,4533.247222,4560.835,4000,5293
2013,Nanyang Technological University,College of Business (Nanyang Business School),Accountancy and Business,3788,97.4,96.1,3701,3200,3727,3350,2900,4000,3727,3350,2900,4000
2013,Nanyang Technological University,College of Business (Nanyang Business School),Accountancy (3-yr direct Honours Programme),3789,97.1,95.7,2850,2700,2938,2700,2700,2900,2938,2700,2700,2900
2013,Nanyang Technological University,College of Business (Nanyang Business School),Business (3-yr direct Honours Programme),3790,90.9,85.7,3053,3000,3214,3000,2700,3500,3214,3000,2700,3500
2013,Nanyang Technological University,College of Business (Nanyang Business School),Business and Computing,3791,87.5,87.5,3557,3400,3615,3400,3000,4100,3615,3400,3000,4100
2013,Nanyang Technological University,College of Engineering,Aerospace Engineering,3792,95.3,95.3,3494,3500,3536,3500,3100,3816,3536,3500,3100,3816
2013,Nanyang Technological University,College of Engineering,Bioengineering,3793,81.3,68.8,2952,2900,3166,3125,2893,3365,3166,3125,2893,3365
2013,Nanyang Technological University,College of Engineering,Chemical and Biomolecular Engineering,3794,87.3,85.1,3235,3000,3377,3200,3000,3800,3377,3200,3000,3800
2013,Nanyang Technological University,College of Engineering,Computer Engineering,3795,90.3,88.2,3326,3100,3374,3175,3000,3600,3374,3175,3000,3600
2013,Nanyang Technological University,College of Engineering,Civil Engineering,3796,94.8,93.8,3091,3000,3182,3100,3000,3380,3182,3100,3000,3380
2013,Nanyang Technological University,College of Engineering,Computer Science,3797,92.1,88.5,3249,3000,3306,3125,3000,3600,3306,3125,3000,3600
2013,Nanyang Technological University,College of Engineering,Electrical and Electronic Engineering,3798,91,88.7,3133,3000,3187,3100,3000,3440,3187,3100,3000,3440
2013,Nanyang Technological University,College of Engineering,Environmental Engineering,3799,84,81.5,3091,3000,3140,3000,3000,3300,3140,3000,3000,3300
2013,Nanyang Technological University,College of Engineering,Information Engineering and Media,3800,85.7,79.6,3160,3150,3203,3200,2950,3400,3203,3200,2950,3400
2013,Nanyang Technological University,College of Engineering,Materials Engineering,3801,82.5,78.9,2989,3000,3096,3000,2800,3300,3096,3000,2800,3300
2013,Nanyang Technological University,College of Engineering,Mechanical Engineering,3802,91.6,89.5,3125,3000,3226,3100,3000,3500,3226,3100,3000,3500
2013,Nanyang Technological University,College of Engineering,Maritime Studies,3803,95.6,93.3,3050,3000,3111,3000,2850,3200,3111,3000,2850,3200
2013,Nanyang Technological University,"College of Humanities, Arts & Social Sciences","Art, Design & Media",3804,81.6,61.4,2639,2500,2638,2500,2300,2900,2638,2500,2300,2900
2013,Nanyang Technological University,"College of Humanities, Arts & Social Sciences",Chinese,3805,85.1,80.5,2818,2800,2924,3000,2600,3300,2924,3000,2600,3300
2013,Nanyang Technological University,"College of Humanities, Arts & Social Sciences",Communication Studies,3806,89.4,79.6,2893,2930,2956,3000,2700,3250,2956,3000,2700,3250
2013,Nanyang Technological University,"College of Humanities, Arts & Social Sciences",Economics,3807,89.9,83.5,3085,3000,3148,3000,2800,3545,3148,3000,2800,3545
2013,Nanyang Technological University,"College of Humanities, Arts & Social Sciences",English,3808,82.7,67.3,3087,3000,3179,3100,2800,3400,3179,3100,2800,3400
2013,Nanyang Technological University,"College of Humanities, Arts & Social Sciences",Linguistics and Multilingual Studies,3809,90.6,81.3,2691,2600,2725,2625,2475,3018,2725,2625,2475,3018
2013,Nanyang Technological University,"College of Humanities, Arts & Social Sciences",Psychology,3810,82.4,71.8,3007,3000,3061,3000,2750,3255,3061,3000,2750,3255
2013,Nanyang Technological University,"College of Humanities, Arts & Social Sciences",Sociology,3811,74.4,55.8,2980,3000,3082,3100,2800,3310,3082,3100,2800,3310
2013,Nanyang Technological University,College of Sciences,Biomedical Sciences **,3812,na,na,na,na,na,na,na,na,na,na,na,na
2013,Nanyang Technological University,College of Sciences,Biomedical Sciences (Traditional Chinese Medicine) #,3813,90.7,88.4,2840,2800,2883,2807,2700,3000,2883,2807,2700,3000
2013,Nanyang Technological University,College of Sciences,Biological Sciences,3814,78.6,68.1,2881,2900,3002,3000,2700,3250,3002,3000,2700,3250
2013,Nanyang Technological University,College of Sciences,Chemistry & Biological Chemistry,3815,79.8,68.9,2993,3000,3083,3100,2800,3400,3083,3100,2800,3400
2013,Nanyang Technological University,College of Sciences,Mathematics & Economics **,3816,na,na,na,na,na,na,na,na,na,na,na,na
2013,Nanyang Technological University,College of Sciences,Mathematical Science,3817,86,83.7,3169,3000,3262,3000,2750,3500,3262,3000,2750,3500
2013,Nanyang Technological University,College of Sciences,Physics / Applied Physics,3818,80.8,69.2,3164,3000,3208,3300,2900,3400,3208,3300,2900,3400
2013,Nanyang Technological University,College of Sciences,Sports Science and Management,3819,68.2,59.1,2968,3000,2985,3000,2700,3400,2985,3000,2700,3400
2013,Nanyang Technological University,National Institute of Education (NIE),Science (with Education),3820,100,100,3377,3400,3478,3498,3300,3800,3478,3498,3300,3800
2013,Nanyang Technological University,National Institute of Education (NIE),Arts (with Education),3821,100,100,3413,3426,3506,3498,3400,3575,3506,3498,3400,3575
2013,National University of Singapore,Faculty of Arts & Social Sciences,Bachelor of Arts,3822,84.8,70.1,2741,2730,2888,2800,2500,3080,2888,2800,2500,3080
2013,National University of Singapore,Faculty of Arts & Social Sciences,Bachelor of Arts (Hons),3823,86.6,74.6,3057,3200,3154,3200,2800,3500,3154,3200,2800,3500
2013,National University of Singapore,Faculty of Arts & Social Sciences,Bachelor of Social Sciences,3824,88.1,76.8,3098,3100,3210,3200,2800,3500,3210,3200,2800,3500
2013,National University of Singapore,NUS Business School,Bachelor of Business Administration,3825,88.7,81.7,2960,2868,3062,3000,2700,3370,3062,3000,2700,3370
2013,National University of Singapore,NUS Business School,Bachelor of Business Administration (Hons),3826,94.6,90.3,3404,3050,3512,3200,2800,3800,3512,3200,2800,3800
2013,National University of Singapore,NUS Business School,Bachelor of Business Administration (Accountancy),3827,93.3,88.9,2740,2700,2922,2700,2700,3018,2922,2700,2700,3018
2013,National University of Singapore,NUS Business School,Bachelor of Business Administration (Accountancy) (Hons),3828,97.2,94.4,3065,2800,3143,2800,2700,3200,3143,2800,2700,3200
2013,National University of Singapore,School of Computing,Bachelor of Computing (Communications and Media),3829,88.9,77.8,3350,3000,3377,3050,2825,3425,3377,3050,2825,3425
2013,National University of Singapore,School of Computing,Bachelor of Computing (Computational Biology) **,3830,na,na,na,na,na,na,na,na,na,na,na,na
2013,National University of Singapore,School of Computing,Bachelor of Computing (Computer Engineering) **,3831,na,na,na,na,na,na,na,na,na,na,na,na
2013,National University of Singapore,School of Computing,Bachelor of Computing (Computer Science),3832,92.4,83.3,3933,3400,3953,3425,3000,4000,3953,3425,3000,4000
2013,National University of Singapore,School of Computing,Bachelor of Computing (Electronic Commerce),3833,88.9,83.3,3277,3050,3320,3080,2800,3553,3320,3080,2800,3553
2014,Nanyang Technological University,College of Engineering,Aerospace Engineering,3834,84.6,82.7,3715,3700,3911,3770,3300,4070,3911,3770,3300,4070
2013,National University of Singapore,School of Computing,Bachelor of Computing (Information Systems),3835,89.2,83.9,3266,3000,3322,3005,3000,3800,3322,3005,3000,3800
2013,National University of Singapore,Faculty of Dentistry,Bachelor of Dental Surgery,3836,100,100,4106,4000,4106,4000,4000,4400,4106,4000,4000,4400
2013,National University of Singapore,School of Design & Environment,Bachelor of Arts (Architecture) ** #,3837,na,na,na,na,na,na,na,na,na,na,na,na
2013,National University of Singapore,School of Design & Environment,Bachelor of Arts (Industrial Design),3838,82.1,53.6,3007,2650,3023,2650,2400,3000,3023,2650,2400,3000
2013,National University of Singapore,School of Design & Environment,Bachelor of Science (Project and Facilities Management),3839,96.8,96.8,2961,2980,3025,3000,2800,3200,3025,3000,2800,3200
2013,National University of Singapore,School of Design & Environment,Bachelor of Science (Real Estate),3840,89.2,89.2,2839,2800,2988,2900,2600,3179,2988,2900,2600,3179
2013,National University of Singapore,Faculty of Engineering,Bachelor of Engineering (Bioengineering),3841,74,60,2823,3000,3068,3000,2720,3250,3068,3000,2720,3250
2013,National University of Singapore,Faculty of Engineering,Bachelor of Engineering (Chemical Engineering),3842,93.2,90,3245,3000,3359,3175,3000,3644,3359,3175,3000,3644
2013,National University of Singapore,Faculty of Engineering,Bachelor of Engineering (Civil Engineering),3843,96.1,94.1,3140,3000,3154,3050,3000,3300,3154,3050,3000,3300
2013,National University of Singapore,Faculty of Engineering,Bachelor of Engineering (Computer Engineering),3844,88.9,85.6,3592,3200,3653,3200,3000,3970,3653,3200,3000,3970
2013,National University of Singapore,Faculty of Engineering,Bachelor of Engineering (Electrical Engineering),3845,88.5,88,3286,3100,3334,3200,3000,3600,3334,3200,3000,3600
2013,National University of Singapore,Faculty of Engineering,Bachelor of Engineering (Engineering Science),3846,86.2,75.9,2940,3000,2960,3000,2800,3150,2960,3000,2800,3150
2013,National University of Singapore,Faculty of Engineering,Bachelor of Engineering (Environmental Engineering),3847,93.8,87.5,3153,3100,3208,3110,3000,3500,3208,3110,3000,3500
2013,National University of Singapore,Faculty of Engineering,Bachelor of Engineering (Industrial and Systems Engineering),3848,93.9,92.4,3330,3200,3397,3200,3000,3800,3397,3200,3000,3800
2013,National University of Singapore,Faculty of Engineering,Bachelor of Engineering (Materials Science and Engineering),3849,90.9,87.9,3036,3000,3169,3000,3000,3260,3169,3000,3000,3260
2013,National University of Singapore,Faculty of Engineering,Bachelor of Engineering (Mechanical Engineering),3850,89.1,87.2,3155,3000,3319,3225,3000,3500,3319,3225,3000,3500
2013,National University of Singapore,Faculty of Law,Bachelor of Laws (LLB) (Hons) #,3851,98.8,98.2,4922,4800,5099,5000,4500,5800,5099,5000,4500,5800
2013,National University of Singapore,YLL School of Medicine,Bachelor of Medicine and Bachelor of Surgery (MBBS) #,3852,100,100,4406,4500,4741,4500,4500,5200,4741,4500,4500,5200
2013,National University of Singapore,YLL School of Medicine,Bachelor of Science (Nursing),3853,97.5,97.5,2687,2750,2886,2950,2700,3050,2886,2950,2700,3050
2013,National University of Singapore,YLL School of Medicine,Bachelor of Science (Nursing) (Hons),3854,100,100,2896,3000,3042,3025,3000,3200,3042,3025,3000,3200
2013,National University of Singapore,Yong Siew Toh Conservatory of Music,Bachelor of Music **,3855,na,na,na,na,na,na,na,na,na,na,na,na
2013,National University of Singapore,Faculty of Science,Bachelor of Applied Science **,3856,na,na,na,na,na,na,na,na,na,na,na,na
2013,National University of Singapore,Faculty of Science,Bachelor of Applied Science (Hons),3857,97.3,97.3,2850,2750,2925,2900,2600,3255,2925,2900,2600,3255
2013,National University of Singapore,Faculty of Science,Bachelor of Science,3858,80.9,65.1,2726,2700,2804,2800,2600,3000,2804,2800,2600,3000
2013,National University of Singapore,Faculty of Science,Bachelor of Science (Hons),3859,83.6,74,3101,3000,3217,3100,2868,3500,3217,3100,2868,3500
2013,National University of Singapore,Faculty of Science,Bachelor of Science (Computational Biology) **,3860,na,na,na,na,na,na,na,na,na,na,na,na
2013,National University of Singapore,Faculty of Science,Bachelor of Science (Pharmacy) (Hons) #,3861,96.4,96.4,3473,3500,3540,3500,3350,3750,3540,3500,3350,3750
2013,Singapore Management University,School of Accountancy (4-year programme) *,Accountancy (4-years programme),3862,94.2,93.2,3231,2800,3342,2825,2700,3430,3342,2825,2700,3430
2013,Singapore Management University,School of Accountancy (4-year programme) *,Accountancy (4-years programme) Cum Laude and above,3863,95.2,95.2,3580,2900,3634,3000,2700,3750,3634,3000,2700,3750
2013,Singapore Management University,School of Business (4-year programme) *,Business Management (4-years programme),3864,93.2,87.3,3344,3000,3520,3200,2800,3750,3520,3200,2800,3750
2013,Singapore Management University,School of Business (4-year programme) *,Business Management (4-years programme) Cum Laude and above,3865,95.9,93.8,3825,3500,3975,3580,3000,4100,3975,3580,3000,4100
2013,Singapore Management University,School of Economics (4-year programme) *,Economics (4-years programme),3866,90.6,88.6,3389,3200,3513,3339,3000,3800,3513,3339,3000,3800
2013,Singapore Management University,School of Economics (4-year programme) *,Economics (4-years programme) Cum Laude and above,3867,94,94,3731,3500,3820,3600,3250,4000,3820,3600,3250,4000
2013,Singapore Management University,School of Information Systems (4-year programme) *,Information Systems Management (4-years programme),3868,93.6,89.5,3389,3300,3468,3300,3000,3800,3468,3300,3000,3800
2013,Singapore Management University,School of Information Systems (4-year programme) *,Information Systems Management (4-years programme) Cum Laude and above,3869,100,90.9,3786,3725,3862,3800,3500,4000,3862,3800,3500,4000
2013,Singapore Management University,School of Social Sciences (4-year programme) *,Social Sciences (4-years programme),3870,86.5,79.8,3122,3000,3150,3000,2600,3320,3150,3000,2600,3320
2013,Singapore Management University,School of Social Sciences (4-year programme) *,Social Sciences (4-years programme) Cum Laude and above,3871,87.5,83.3,3251,3200,3267,3200,2800,3781,3267,3200,2800,3781
2013,Singapore Management University,School of Law (4-year programme) *,Law (4-years programme) #,3872,100,100,5023,4800,5246,5000,4500,6000,5246,5000,4500,6000
2013,Singapore Management University,School of Law (4-year programme) *,Law (4-years programme) Cum Laude and above #,3873,100,100,5329,5000,5617,5547,4750,6400,5617,5547,4750,6400
2014,Nanyang Technological University,College of Business (Nanyang Business School),Accountancy and Business,3874,98.2,95.6,3539,3300,3597,3300,2900,4000,3597,3300,2900,4000
2014,Nanyang Technological University,College of Business (Nanyang Business School),Accountancy (3-yr direct Honours Programme),3875,96.6,96.1,2981,2800,3003,2840,2700,3000,3003,2840,2700,3000
2014,Nanyang Technological University,College of Business (Nanyang Business School),Business (3-yr direct Honours Programme),3876,89.6,80.2,3231,3000,3318,3100,2800,3600,3318,3100,2800,3600
2014,Nanyang Technological University,College of Business (Nanyang Business School),Business and Computing,3877,92.9,89.3,3398,3400,3431,3450,3232,4000,3431,3450,3232,4000
2014,Nanyang Technological University,College of Engineering,Bioengineering,3878,79.8,69.7,2998,3000,3188,3000,2825,3400,3188,3000,2825,3400
2014,Nanyang Technological University,College of Engineering,Chemical and Biomolecular Engineering,3879,83.8,76.1,3296,3250,3415,3400,3200,3575,3415,3400,3200,3575
2014,Nanyang Technological University,College of Engineering,Computer Engineering,3880,91.4,88.8,3423,3300,3512,3400,3200,3800,3512,3400,3200,3800
2014,Nanyang Technological University,College of Engineering,Civil Engineering,3881,93.8,92.9,3122,3000,3152,3100,3000,3300,3152,3100,3000,3300
2014,Nanyang Technological University,College of Engineering,Computer Science,3882,94.5,93.7,3269,3200,3304,3200,3000,3700,3304,3200,3000,3700
2014,Nanyang Technological University,College of Engineering,Electrical and Electronic Engineering,3883,90.7,88.4,3241,3175,3336,3200,3000,3500,3336,3200,3000,3500
2014,Nanyang Technological University,College of Engineering,Environmental Engineering,3884,88.9,82.2,3121,3000,3111,3000,3000,3500,3111,3000,3000,3500
2014,Nanyang Technological University,College of Engineering,Information Engineering and Media,3885,85.7,73.2,3185,3000,3318,3200,3000,3600,3318,3200,3000,3600
2014,Nanyang Technological University,College of Engineering,Materials Engineering,3886,82.5,77.7,3145,3000,3261,3150,3000,3410,3261,3150,3000,3410
2014,Nanyang Technological University,College of Engineering,Mechanical Engineering,3887,90.2,87.8,3161,3000,3289,3100,3000,3500,3289,3100,3000,3500
2014,Nanyang Technological University,College of Engineering,Maritime Studies,3888,92.5,92.5,3163,3050,3206,3050,3000,3500,3206,3050,3000,3500
2014,Nanyang Technological University,"College of Humanities, Arts & Social Sciences","Art, Design & Media",3889,80,68,2761,2600,2791,2700,2300,3000,2791,2700,2300,3000
2014,Nanyang Technological University,"College of Humanities, Arts & Social Sciences",Chinese,3890,86.8,75.8,2927,3000,3006,3000,2700,3300,3006,3000,2700,3300
2014,Nanyang Technological University,"College of Humanities, Arts & Social Sciences",Communication Studies,3891,86.7,77.9,2891,2800,2976,3000,2600,3294,2976,3000,2600,3294
2014,Nanyang Technological University,"College of Humanities, Arts & Social Sciences",Economics,3892,88.7,78.4,3183,3075,3222,3200,3000,3500,3222,3200,3000,3500
2014,Nanyang Technological University,"College of Humanities, Arts & Social Sciences",English,3893,87,63,3137,3000,3432,3100,2800,3990,3432,3100,2800,3990
2014,Nanyang Technological University,"College of Humanities, Arts & Social Sciences",Linguistics and Multilingual Studies,3894,85.7,66.7,3066,3000,3148,3230,2800,3500,3148,3230,2800,3500
2014,Nanyang Technological University,"College of Humanities, Arts & Social Sciences",Psychology,3895,66.7,54.9,3197,3100,3228,3100,2800,3500,3228,3100,2800,3500
2014,Nanyang Technological University,"College of Humanities, Arts & Social Sciences",Sociology,3896,73.2,67.9,3002,3000,3143,3100,2800,3260,3143,3100,2800,3260
2014,Nanyang Technological University,College of Sciences,Biomedical Science **,3897,na,na,na,na,na,na,na,na,na,na,na,na
2014,Nanyang Technological University,College of Sciences,Biomedical Science (Traditional Chinese Medicine) #,3898,100,100,2974,2900,3018,2900,2786,3400,3018,2900,2786,3400
2014,Nanyang Technological University,College of Sciences,Biological Sciences,3899,75.1,60.8,3083,3000,3174,3000,2800,3400,3174,3000,2800,3400
2014,Nanyang Technological University,College of Sciences,Chemistry & Biological Chemistry,3900,80.5,68.3,3006,3000,3321,3100,2800,3400,3321,3100,2800,3400
2014,Nanyang Technological University,College of Sciences,Mathematics & Economics,3901,88.4,87,3155,3200,3142,3200,2800,3500,3142,3200,2800,3500
2014,Nanyang Technological University,College of Sciences,Mathematical Science,3902,91.3,79.7,3022,3000,3078,3200,2800,3300,3078,3200,2800,3300
2014,Nanyang Technological University,College of Sciences,Physics / Applied Physics,3903,73.7,63.2,3034,3000,3241,3100,2800,3560,3241,3100,2800,3560
2014,Nanyang Technological University,College of Sciences,Sports Science and Management,3904,87.9,69.7,3076,2800,3229,3000,2700,3590,3229,3000,2700,3590
2014,Nanyang Technological University,National Institute of Education (NIE),Science (with Education),3905,100,100,3358,3400,3475,3475,3400,3750,3475,3475,3400,3750
2014,Nanyang Technological University,National Institute of Education (NIE),Arts (with Education),3906,100,100,3388,3400,3536,3475,3400,3700,3536,3475,3400,3700
2014,National University of Singapore,Faculty of Arts & Social Sciences,Bachelor of Arts,3907,81.9,65.3,2719,2750,2883,2800,2500,3010,2883,2800,2500,3010
2014,National University of Singapore,Faculty of Arts & Social Sciences,Bachelor of Arts (Hons),3908,83.1,76.6,3141,3210,3277,3300,3000,3600,3277,3300,3000,3600
2014,National University of Singapore,Faculty of Arts & Social Sciences,Bachelor of Social Sciences,3909,88.7,80.1,3192,3200,3304,3250,3000,3600,3304,3250,3000,3600
2014,National University of Singapore,NUS Business School,Bachelor of Business Administration,3910,87.9,83.6,3234,3000,3367,3000,2800,3300,3367,3000,2800,3300
2014,National University of Singapore,NUS Business School,Bachelor of Business Administration (Hons),3911,94.4,90.6,3979,3500,4090,3520,3200,4300,4090,3520,3200,4300
2014,National University of Singapore,NUS Business School,Bachelor of Business Administration (Accountancy),3912,93.9,89.8,2836,2800,2989,2838,2700,3000,2989,2838,2700,3000
2014,National University of Singapore,NUS Business School,Bachelor of Business Administration (Accountancy) (Hons),3913,100,96.3,3350,2850,3407,2912,2800,3614,3407,2912,2800,3614
2014,National University of Singapore,School of Computing,Bachelor of Computing (Communications and Media),3914,82.1,82.1,3107,3000,3129,3088,2900,3300,3129,3088,2900,3300
2014,National University of Singapore,School of Computing,Bachelor of Computing (Computational Biology) **,3915,na,na,na,na,na,na,na,na,na,na,na,na
2014,National University of Singapore,School of Computing,Bachelor of Computing (Computer Engineering) **,3916,na,na,na,na,na,na,na,na,na,na,na,na
2014,National University of Singapore,School of Computing,Bachelor of Computing (Computer Science),3917,90.6,85.9,3729,3500,3712,3500,3300,4000,3712,3500,3300,4000
2014,National University of Singapore,School of Computing,Bachelor of Computing (Electronic Commerce),3918,85.7,85.7,3183,3000,3386,3200,3000,3500,3386,3200,3000,3500
2014,National University of Singapore,School of Computing,Bachelor of Computing (Information Systems),3919,95.5,92,3684,3352,3789,3500,3100,4039,3789,3500,3100,4039
2014,National University of Singapore,Faculty of Dentistry,Bachelor of Dental Surgery,3920,100,100,4054,4000,4054,4000,4000,4020,4054,4000,4000,4020
2014,National University of Singapore,School of Design & Environment,Bachelor of Arts (Architecture) #,3921,98.4,95.2,4290,4200,4400,4275,4000,4750,4400,4275,4000,4750
2014,National University of Singapore,School of Design & Environment,Bachelor of Arts (Industrial Design),3922,77.3,59.1,2600,2550,2603,2565,2200,3000,2603,2565,2200,3000
2014,National University of Singapore,School of Design & Environment,Bachelor of Science (Project and Facilities Management),3923,95.3,94.1,3089,3000,3181,3000,2900,3360,3181,3000,2900,3360
2014,National University of Singapore,School of Design & Environment,Bachelor of Science (Real Estate),3924,93.1,89.2,2931,2950,3108,3000,2750,3300,3108,3000,2750,3300
2014,National University of Singapore,Faculty of Engineering,Bachelor of Engineering (Biomedical Engineering) ^^,3925,87.5,77.1,2966,3000,3058,3000,2700,3300,3058,3000,2700,3300
2014,National University of Singapore,Faculty of Engineering,Bachelor of Engineering (Chemical Engineering),3926,83.9,76.4,3277,3200,3434,3300,3000,3650,3434,3300,3000,3650
2014,National University of Singapore,Faculty of Engineering,Bachelor of Engineering (Civil Engineering),3927,97.1,97.1,3212,3200,3281,3208,3000,3500,3281,3208,3000,3500
2014,National University of Singapore,Faculty of Engineering,Bachelor of Engineering (Computer Engineering),3928,95.2,92.4,3674,3500,3762,3500,3200,4080,3762,3500,3200,4080
2014,National University of Singapore,Faculty of Engineering,Bachelor of Engineering (Electrical Engineering),3929,90.6,88.1,3306,3200,3571,3300,3000,3800,3571,3300,3000,3800
2014,National University of Singapore,Faculty of Engineering,Bachelor of Engineering (Engineering Science),3930,81.3,62.5,3375,3300,3465,3400,3275,3790,3465,3400,3275,3790
2014,National University of Singapore,Faculty of Engineering,Bachelor of Engineering (Environmental Engineering),3931,95.2,92.9,3250,3200,3215,3230,3000,3422,3215,3230,3000,3422
2014,National University of Singapore,Faculty of Engineering,Bachelor of Engineering (Industrial and Systems Engineering),3932,96.5,96.5,3591,3350,3719,3600,3200,4000,3719,3600,3200,4000
2014,National University of Singapore,Faculty of Engineering,Bachelor of Engineering (Materials Science and Engineering),3933,78.6,73.8,3054,3100,3350,3300,3000,3600,3350,3300,3000,3600
2014,National University of Singapore,Faculty of Engineering,Bachelor of Engineering (Mechanical Engineering),3934,90,88.5,3160,3100,3323,3200,3000,3500,3323,3200,3000,3500
2014,National University of Singapore,Faculty of Law,Bachelor of Laws (LLB) (Hons) #,3935,98.2,97.6,5027,5000,5247,5150,4800,5800,5247,5150,4800,5800
2014,National University of Singapore,YLL School of Medicine,Bachelor of Medicine and Bachelor of Surgery #,3936,100,100,4404,4500,4886,5000,4500,5200,4886,5000,4500,5200
2014,National University of Singapore,YLL School of Medicine,Bachelor of Science (Nursing),3937,100,95.6,2976,3000,3188,3200,3050,3386,3188,3200,3050,3386
2014,National University of Singapore,YLL School of Medicine,Bachelor of Science (Nursing) (Hons),3938,100,100,3123,3270,3353,3500,3270,3600,3353,3500,3270,3600
2014,National University of Singapore,Yong Siew Toh Conservatory of Music,Bachelor of Music **,3939,na,na,na,na,na,na,na,na,na,na,na,na
2014,National University of Singapore,Faculty of Science,Bachelor of Applied Science **,3940,na,na,na,na,na,na,na,na,na,na,na,na
2014,National University of Singapore,Faculty of Science,Bachelor of Applied Science (Hons),3941,95.5,81.8,2760,2750,2831,2800,2600,3000,2831,2800,2600,3000
2014,National University of Singapore,Faculty of Science,Bachelor of Science,3942,76.8,61.4,2804,2800,2973,3000,2700,3200,2973,3000,2700,3200
2014,National University of Singapore,Faculty of Science,Bachelor of Science (Hons),3943,86.6,75.8,3224,3200,3328,3210,2950,3600,3328,3210,2950,3600
2014,National University of Singapore,Faculty of Science,Bachelor of Science (Computational Biology) **,3944,na,na,na,na,na,na,na,na,na,na,na,na
2014,National University of Singapore,Faculty of Science,Bachelor of Science (Pharmacy) (Hons) #,3945,98.9,96.7,3467,3500,3670,3630,3470,4000,3670,3630,3470,4000
2014,Singapore Management University,School of Accountancy (4-year programme) *,Accountancy (4-year programme),3946,93.6,91.4,3375,2850,3420,2875,2722,3614,3420,2875,2722,3614
2014,Singapore Management University,School of Accountancy (4-year programme) *,Accountancy (4-year programme) Cum Laude and above,3947,97.4,96.1,3871,3450,3903,3500,2875,4300,3903,3500,2875,4300
2014,Singapore Management University,School of Business (4-year programme) *,Business Management (4-year programme),3948,90.9,86.4,3630,3250,3752,3333,3000,4000,3752,3333,3000,4000
2014,Singapore Management University,School of Business (4-year programme) *,Business Management (4-year programme) Cum Laude and above,3949,94.5,94,4019,3500,4116,3600,3200,4500,4116,3600,3200,4500
2014,Singapore Management University,School of Economics (4-year programme) *,Economics (4-year programme),3950,90.2,83.9,3525,3500,3645,3500,3175,4000,3645,3500,3175,4000
2014,Singapore Management University,School of Economics (4-year programme) *,Economics (4-year programme) Cum Laude and above,3951,90.6,89.1,3815,3800,3824,3800,3300,4350,3824,3800,3300,4350
2014,Singapore Management University,School of Information Systems (4-year programme) *,Information Systems Management (4-year programme),3952,92.9,80.6,3431,3225,3530,3350,3000,4000,3530,3350,3000,4000
2014,Singapore Management University,School of Information Systems (4-year programme) *,Information Systems Management (4-year programme) Cum Laude and above,3953,97.4,84.2,4057,4000,4151,4050,3500,4540,4151,4050,3500,4540
2014,Singapore Management University,School of Social Sciences (4-year programme) *,Social Sciences (4-year programme),3954,90.9,84.1,2981,3000,3166,3000,2800,3580,3166,3000,2800,3580
2014,Singapore Management University,School of Social Sciences (4-year programme) *,Social Sciences (4-year programme) Cum Laude and above,3955,87.5,81.3,3331,3215,3545,3590,3000,3955,3545,3590,3000,3955
2014,Singapore Management University,School of Law (4-year programme) *,Law (4-year programme) #,3956,97.8,95.6,4932,4800,5332,5025,4600,5950,5332,5025,4600,5950
2014,Singapore Management University,School of Law (4-year programme) *,Law (4-year programme) Cum Laude and above #,3957,97.7,97.7,5089,4900,5571,5800,4800,6000,5571,5800,4800,6000
2014,Singapore Institute of Technology,DigiPen Institute of Technology,Bachelor of Arts in Game Design,3958,100,86.7,2490,2700,2490,2700,2575,2800,2490,2700,2575,2800
2014,Singapore Institute of Technology,DigiPen Institute of Technology,Bachelor of Fine Arts in Digital Arts & Animation,3959,90.6,84.4,2586,2600,2603,2600,2300,2885,2603,2600,2300,2885
2014,Singapore Institute of Technology,DigiPen Institute of Technology,Bachelor of Science in Computer Science & Game Design,3960,100,100,2932,2875,2955,2975,2800,3075,2955,2975,2800,3075
2014,Singapore Institute of Technology,DigiPen Institute of Technology,Bachelor of Science in Computer Science in Real-Time Interactive Simulation,3961,100,100,2859,3000,2910,3000,2700,3300,2910,3000,2700,3300
2014,Singapore Institute of Technology,The Glasgow School of Art,Bachelor of Arts with Honours in Communication Design,3962,89.1,78.3,2547,2500,2595,2500,2400,2800,2595,2500,2400,2800
2014,Singapore Institute of Technology,The Glasgow School of Art,Bachelor of Arts with Honours in Interior Design,3963,93.9,90.9,2553,2500,2583,2500,2373,2800,2583,2500,2373,2800
2014,Singapore Institute of Technology,Newcastle University,Bachelor of Engineering with Honours in Chemical Engineering,3964,90.1,84.5,3041,3000,3325,3300,3000,3650,3325,3300,3000,3650
2014,Singapore Institute of Technology,Newcastle University,Bachelor of Engineering with Honours in Marine Engineering,3965,92.6,88.9,3208,3100,3334,3260,3003,3594,3334,3260,3003,3594
2014,Singapore Institute of Technology,Newcastle University,Bachelor of Engineering with Honours in Mechanical Design & Manufacturing Engineering,3966,97.1,85.7,3196,3000,3273,3100,3000,3338,3273,3100,3000,3338
2014,Singapore Institute of Technology,Newcastle University,Bachelor of Engineering with Honours in Naval Architecture,3967,100,94.1,3293,3355,3467,3500,3233,3675,3467,3500,3233,3675
2014,Singapore Institute of Technology,Newcastle University,Bachelor of Engineering with Honours in Offshore Engineering,3968,91.3,91.3,3311,3200,3467,3300,3075,3625,3467,3300,3075,3625
2014,Singapore Institute of Technology,Newcastle University,Bachelor of Science with Honours in Food & Human Nutrition,3969,75,61.4,2806,2750,2854,2800,2500,3170,2854,2800,2500,3170
2014,Singapore Institute of Technology,Technische Universität München,Bachelor of Science in Chemical Engineering,3970,86.7,86.7,2954,2900,3285,3200,2950,3755,3285,3200,2950,3755
2014,Singapore Institute of Technology,Technische Universität München,Bachelor of Science in Electrical Engineering & Information Technology,3971,85.7,82.1,3072,2900,3141,3000,2800,3480,3141,3000,2800,3480
2014,Singapore Institute of Technology,The Culinary Institute of America,Bachelor of Professional Studies in Culinary Arts Management,3972,89.3,89.3,2430,2400,2503,2500,2200,2600,2503,2500,2200,2600
2014,Singapore Institute of Technology,Trinity College Dublin,Bachelor in Science (Occupational Therapy),3973,100,100,3127,3100,3151,3100,3000,3338,3151,3100,3000,3338
2014,Singapore Institute of Technology,Trinity College Dublin,Bachelor in Science (Physiotherapy),3974,100,100,3204,3200,3229,3200,3000,3500,3229,3200,3000,3500
2014,Singapore Institute of Technology,University of Glasgow,Bachelor of Engineering with Honours in Aeronautical Engineering,3975,88,88,3396,3000,3415,3000,2849,4194,3415,3000,2849,4194
2014,Singapore Institute of Technology,University of Glasgow,Bachelor of Engineering with Honours in Aerospace Systems,3976,85.7,75,3217,3100,3333,3150,2900,3500,3333,3150,2900,3500
2014,Singapore Institute of Technology,University of Glasgow,Bachelor of Engineering with Honours in Mechanical Design Engineering,3977,92.3,92.3,3229,3000,3424,3250,2950,3556,3424,3250,2950,3556
2014,Singapore Institute of Technology,University of Glasgow,Bachelor of Engineering with Honours in Mechatronics,3978,93,87.3,3067,3050,3209,3100,2964,3443,3209,3100,2964,3443
2014,Singapore Institute of Technology,University of Manchester,Bachelor of Science with Honours in Nursing Practice,3979,97.2,94.4,3230,3260,3464,3511,3115,3860,3464,3511,3115,3860
2014,Singapore Institute of Technology,"University of Nevada, Las Vegas",Bachelor of Science (Major in Hospitality Management),3980,88.8,78,2445,2500,2634,2500,2300,2900,2634,2500,2300,2900
2014,Singapore Institute of Technology,Wheelock College,Bachelor of Science in Early Childhood Education,3981,97.1,97.1,2509,2600,2553,2600,2475,2613,2553,2600,2475,2613
2015,Nanyang Technological University,College of Business (Nanyang Business School),Accountancy and Business,3982,98.6,97.3,4225,3500,4438,3770,3000,4850,4438,3770,3000,4850
2015,Nanyang Technological University,College of Business (Nanyang Business School),Accountancy (3-yr direct Honours Programme),3983,97.3,96.5,3182,2850,3240,2875,2850,3125,3240,2875,2850,3125
2015,Nanyang Technological University,College of Business (Nanyang Business School),Business (3-yr direct Honours Programme),3984,92.2,87.6,3343,3100,3502,3200,2900,3700,3502,3200,2900,3700
2015,Nanyang Technological University,College of Business (Nanyang Business School),Business and Computing,3985,100,100,4036,4184,4395,4583,3800,4876,4395,4583,3800,4876
2015,Nanyang Technological University,College of Engineering,Aerospace Engineering,3986,86,86,3699,3650,3724,3700,3450,4000,3724,3700,3450,4000
2015,Nanyang Technological University,College of Engineering,Aerospace Engineering and Economics **,3987,na,na,na,na,na,na,na,na,na,na,na,na
2015,Nanyang Technological University,College of Engineering,Bioengineering,3988,92.6,76.5,3079,3000,3197,3113,2900,3450,3197,3113,2900,3450
2015,Nanyang Technological University,College of Engineering,Business and Computer Engineering **,3989,na,na,na,na,na,na,na,na,na,na,na,na
2015,Nanyang Technological University,College of Engineering,Chemical And Biomolecular Engineering,3990,86.8,80.9,3156,3100,3373,3300,3000,3600,3373,3300,3000,3600
2015,Nanyang Technological University,College of Engineering,Chemical And Biomolecular Engineering and Economics **,3991,na,na,na,na,na,na,na,na,na,na,na,na
2015,Nanyang Technological University,College of Engineering,Computer Engineering,3992,85.1,83,3489,3350,3577,3500,3200,4000,3577,3500,3200,4000
2015,Nanyang Technological University,College of Engineering,Civil Engineering,3993,95.3,93,3125,3100,3206,3200,3000,3300,3206,3200,3000,3300
2015,Nanyang Technological University,College of Engineering,Computer Science,3994,92.4,91.4,3489,3300,3535,3300,3150,3800,3535,3300,3150,3800
2015,Nanyang Technological University,College of Engineering,Electrical And Electronic Engineering,3995,88.6,86.2,3345,3200,3446,3300,3000,3690,3446,3300,3000,3690
2015,Nanyang Technological University,College of Engineering,Environmental Engineering,3996,89.7,82.1,3472,3200,3673,3300,3000,3835,3673,3300,3000,3835
2015,Nanyang Technological University,College of Engineering,Environmental Engineering and Economics **,3997,na,na,na,na,na,na,na,na,na,na,na,na
2015,Nanyang Technological University,College of Engineering,Information Engineering And Media,3998,87.3,80,3271,3200,3375,3275,3000,3500,3375,3275,3000,3500
2015,Nanyang Technological University,College of Engineering,Information Engineering And Media and Economics **,3999,na,na,na,na,na,na,na,na,na,na,na,na
2015,Nanyang Technological University,College of Engineering,Materials Engineering,4000,82.9,76.8,3213,3100,3397,3200,3000,3600,3397,3200,3000,3600
2015,Nanyang Technological University,College of Engineering,Mechanical Engineering,4001,88,80.7,3248,3200,3388,3250,3000,3600,3388,3250,3000,3600
2015,Nanyang Technological University,College of Engineering,Mechanical Engineering and Economics **,4002,na,na,na,na,na,na,na,na,na,na,na,na
2015,Nanyang Technological University,College of Engineering,Maritime Studies,4003,95,95,3249,3200,3271,3200,3000,3300,3271,3200,3000,3300
2015,Nanyang Technological University,"College of Humanities, Arts & Social Sciences","Art, Design & Media",4004,79.3,56.9,3284,2800,3457,2800,2200,3000,3457,2800,2200,3000
2015,Nanyang Technological University,"College of Humanities, Arts & Social Sciences",Chinese,4005,81.8,76.6,2978,3000,3045,3200,2800,3500,3045,3200,2800,3500
2015,Nanyang Technological University,"College of Humanities, Arts & Social Sciences",Communication Studies,4006,85.1,74.4,2921,2900,3008,3000,2600,3330,3008,3000,2600,3330
2015,Nanyang Technological University,"College of Humanities, Arts & Social Sciences",Economics,4007,87.4,75.9,3322,3200,3496,3300,3000,3800,3496,3300,3000,3800
2015,Nanyang Technological University,"College of Humanities, Arts & Social Sciences",English,4008,88,74,3238,3000,3322,3314,2604,3743,3322,3314,2604,3743
2015,Nanyang Technological University,"College of Humanities, Arts & Social Sciences",Linguistics And Multilingual Studies,4009,88.4,55.8,3475,3000,3753,3000,2800,3600,3753,3000,2800,3600
2015,Nanyang Technological University,"College of Humanities, Arts & Social Sciences",Psychology,4010,73.3,52,3099,3121,3264,3200,2800,3562,3264,3200,2800,3562
2015,Nanyang Technological University,"College of Humanities, Arts & Social Sciences",Sociology,4011,85.7,79.4,3260,3000,3402,3125,2700,3600,3402,3125,2700,3600
2015,Nanyang Technological University,College of Sciences,Biomedical Science (Traditional Chinese Medicine) #,4012,100,100,2832,2800,2882,2800,2500,3105,2882,2800,2500,3105
2015,Nanyang Technological University,College of Sciences,Biological Sciences,4013,74.6,65.3,3117,3000,3229,3190,2875,3600,3229,3190,2875,3600
2015,Nanyang Technological University,College of Sciences,Chemistry & Biological Chemistry,4014,83.9,72.3,2960,2900,3139,3000,2800,3500,3139,3000,2800,3500
2015,Nanyang Technological University,College of Sciences,Mathematics & Economics,4015,95.3,84.4,3291,3000,3440,3205,2925,3500,3440,3205,2925,3500
2015,Nanyang Technological University,College of Sciences,Mathematical Science,4016,81.8,72.7,3254,3125,3402,3240,2950,3500,3402,3240,2950,3500
2015,Nanyang Technological University,College of Sciences,Physics / Applied Physics,4017,82.1,69.6,3098,3000,3186,3200,2900,3400,3186,3200,2900,3400
2015,Nanyang Technological University,College of Sciences,Sports Science and Management,4018,90.7,72.1,3232,3000,3307,3295,2900,3600,3307,3295,2900,3600
2015,Nanyang Technological University,National Institute of Education (NIE),Science (with Education),4019,100,100,3496,3500,3604,3504,3500,3855,3604,3504,3500,3855
2015,Nanyang Technological University,National Institute of Education (NIE),Arts (with Education),4020,100,100,3551,3500,3622,3500,3500,3605,3622,3500,3500,3605
2015,National University of Singapore,Faculty of Arts & Social Sciences,Bachelor of Arts,4021,88.4,74.6,2839,2880,2999,3000,2700,3215,2999,3000,2700,3215
2015,National University of Singapore,Faculty of Arts & Social Sciences,Bachelor of Arts (Hons),4022,83,70.5,3266,3310,3310,3310,3000,3625,3310,3310,3000,3625
2015,National University of Singapore,Faculty of Arts & Social Sciences,Bachelor of Social Sciences,4023,88.6,79.8,3317,3300,3442,3310,3000,3686,3442,3310,3000,3686
2015,National University of Singapore,NUS Business School,Bachelor of Business Administration,4024,88.2,80.3,3164,3000,3341,3000,2800,3700,3341,3000,2800,3700
2015,National University of Singapore,NUS Business School,Bachelor of Business Administration (Hons),4025,96,93.1,4173,3750,4326,3800,3300,4600,4326,3800,3300,4600
2015,National University of Singapore,NUS Business School,Bachelor of Business Administration (Accountancy),4026,97.6,97.6,2817,2850,2983,2850,2700,2960,2983,2850,2700,2960
2015,National University of Singapore,NUS Business School,Bachelor of Business Administration (Accountancy) (Hons),4027,98.6,98.6,3547,3000,3587,3000,2850,3634,3587,3000,2850,3634
2015,National University of Singapore,School of Computing,Bachelor of Computing (Communications and Media),4028,92.6,85.2,3230,3500,3291,3500,2800,3800,3291,3500,2800,3800
2015,National University of Singapore,School of Computing,Bachelor of Computing (Computational Biology) **,4029,na,na,na,na,na,na,na,na,na,na,na,na
2015,National University of Singapore,School of Computing,Bachelor of Computing (Computer Engineering) **,4030,na,na,na,na,na,na,na,na,na,na,na,na
2015,National University of Singapore,School of Computing,Bachelor of Computing (Computer Science),4031,97,95,3847,3700,3890,3700,3300,4400,3890,3700,3300,4400
2015,National University of Singapore,School of Computing,Bachelor of Computing (Electronic Commerce),4032,90.3,87.1,3255,3300,3301,3300,3000,3500,3301,3300,3000,3500
2015,National University of Singapore,School of Computing,Bachelor of Computing (Information Systems),4033,97.2,97.2,3597,3500,3699,3550,3200,4100,3699,3550,3200,4100
2015,National University of Singapore,Faculty of Dentistry,Bachelor of Dental Surgery,4034,100,100,4053,4000,4083,4000,4000,4400,4083,4000,4000,4400
2015,National University of Singapore,School of Design & Environment,Bachelor of Arts (Architecture) #,4035,97.6,96.4,4054,4114,4099,4127,3700,4500,4099,4127,3700,4500
2015,National University of Singapore,School of Design & Environment,Bachelor of Arts (Industrial Design),4036,72,60,2907,3000,2908,3000,2700,3200,2908,3000,2700,3200
2015,National University of Singapore,School of Design & Environment,Bachelor of Science (Project and Facilities Management),4037,94.3,90.8,2989,3000,3067,3000,2800,3215,3067,3000,2800,3215
2015,National University of Singapore,School of Design & Environment,Bachelor of Science (Real Estate),4038,93.9,89.6,3146,3000,3325,3100,2810,3500,3325,3100,2810,3500
2015,National University of Singapore,Faculty of Engineering,Bachelor of Engineering (Biomedical Engineering),4039,86.2,75.9,3256,3200,3357,3300,3000,3500,3357,3300,3000,3500
2015,National University of Singapore,Faculty of Engineering,Bachelor of Engineering (Chemical Engineering),4040,86,82.9,3400,3300,3529,3500,3000,4000,3529,3500,3000,4000
2015,National University of Singapore,Faculty of Engineering,Bachelor of Engineering (Civil Engineering),4041,96.5,95.3,3300,3300,3366,3350,3200,3500,3366,3350,3200,3500
2015,National University of Singapore,Faculty of Engineering,Bachelor of Engineering (Computer Engineering),4042,91.8,90.6,4119,4000,4252,4000,3325,4583,4252,4000,3325,4583
2015,National University of Singapore,Faculty of Engineering,Bachelor of Engineering (Electrical Engineering),4043,92.1,90.4,3452,3200,3589,3300,3000,3700,3589,3300,3000,3700
2015,National University of Singapore,Faculty of Engineering,Bachelor of Engineering (Engineering Science),4044,82.6,73.9,3768,3735,3812,3800,3500,4420,3812,3800,3500,4420
2015,National University of Singapore,Faculty of Engineering,Bachelor of Engineering (Environmental Engineering),4045,88.1,85.7,3318,3430,3337,3450,3000,3670,3337,3450,3000,3670
2015,National University of Singapore,Faculty of Engineering,Bachelor of Engineering (Industrial and Systems Engineering),4046,96.1,94.7,3624,3475,3724,3500,3300,4030,3724,3500,3300,4030
2015,National University of Singapore,Faculty of Engineering,Bachelor of Engineering (Materials Science and Engineering),4047,100,95,3121,3200,3391,3350,3050,3790,3391,3350,3050,3790
2015,National University of Singapore,Faculty of Engineering,Bachelor of Engineering (Mechanical Engineering),4048,83.3,80,3279,3200,3422,3300,3000,3600,3422,3300,3000,3600
2015,National University of Singapore,Faculty of Law,Bachelor of Laws (L.L.B) (Hons) #,4049,96.9,96.9,4866,4600,4910,4700,4200,5800,4910,4700,4200,5800
2015,National University of Singapore,YLL School of Medicine,Bachelor of Medicine and Bachelor of Surgery #,4050,100,100,4352,4500,4729,4900,4500,5000,4729,4900,4500,5000
2015,National University of Singapore,YLL School of Medicine,Bachelor of Science (Nursing),4051,97.3,97.3,3175,3200,3356,3400,3200,3445,3356,3400,3200,3445
2015,National University of Singapore,YLL School of Medicine,Bachelor of Science (Nursing) (Hons),4052,100,100,3219,3200,3466,3435,3300,3700,3466,3435,3300,3700
2015,National University of Singapore,Yong Siew Toh Conservatory of Music,Bachelor of Music,4053,82.4,41.2,3244,3200,3344,3300,3000,3600,3344,3300,3000,3600
2015,National University of Singapore,Faculty of Science,Bachelor of Applied Science **,4054,na,na,na,na,na,na,na,na,na,na,na,na
2015,National University of Singapore,Faculty of Science,Bachelor of Applied Science (Hons),4055,85.2,77.8,3203,3000,3355,3100,3000,4000,3355,3100,3000,4000
2015,National University of Singapore,Faculty of Science,Bachelor of Science,4056,84.3,64.2,2859,2900,3052,3000,2620,3200,3052,3000,2620,3200
2015,National University of Singapore,Faculty of Science,Bachelor of Science (Hons),4057,83.9,76.2,3245,3200,3321,3300,3000,3600,3321,3300,3000,3600
2015,National University of Singapore,Faculty of Science,Bachelor of Science (Computational Biology) **,4058,na,na,na,na,na,na,na,na,na,na,na,na
2015,National University of Singapore,Faculty of Science,Bachelor of Science (Pharmacy) (Hons) #,4059,99,97.9,3431,3500,3717,3500,3400,3929,3717,3500,3400,3929
2015,National University of Singapore,Multi-Disciplinary Programme,Bachelor of Environmental Studies,4060,71.9,59.4,3400,3462,3433,3500,3238,3550,3433,3500,3238,3550
2015,Singapore Management University,School of Accountancy (4-year programme) *,Accountancy,4061,97.3,93,3287,2900,3427,3000,2850,3500,3427,3000,2850,3500
2015,Singapore Management University,School of Accountancy (4-year programme) *,Accountancy Cum Laude and above,4062,97.7,97.7,3597,3100,3701,3200,2850,4110,3701,3200,2850,4110
2015,Singapore Management University,School of Business (4-year programme) *,Business Management,4063,93.9,88.2,3513,3200,3611,3300,3000,4000,3611,3300,3000,4000
2015,Singapore Management University,School of Business (4-year programme) *,Business Management Cum Laude and above,4064,98.3,93.3,4050,3800,4130,3868,3200,4600,4130,3868,3200,4600
2015,Singapore Management University,School of Economics (4-year programme) *,Economics,4065,90.3,85.8,3798,3500,3946,3500,3200,4100,3946,3500,3200,4100
2015,Singapore Management University,School of Economics (4-year programme) *,Economics Cum Laude and above,4066,98.2,92.7,4249,3800,4380,3850,3500,4700,4380,3850,3500,4700
2015,Singapore Management University,School of Information Systems (4-year programme) *,Information Systems Management,4067,94.8,85.9,3491,3500,3660,3500,3200,4110,3660,3500,3200,4110
2015,Singapore Management University,School of Information Systems (4-year programme) *,Information Systems Management Cum Laude and above,4068,97.4,92.1,3577,3800,3834,3800,3500,4166,3834,3800,3500,4166
2015,Singapore Management University,School of Social Sciences (4-year programme) *,Social Sciences,4069,89,83,3306,3100,3550,3200,2980,3600,3550,3200,2980,3600
2015,Singapore Management University,School of Social Sciences (4-year programme) *,Social Sciences Cum Laude and above,4070,93.1,89.7,3887,3500,4012,3560,3300,4583,4012,3560,3300,4583
2015,Singapore Management University,School of Law (4-year programme) *,Law #,4071,99,99,4889,4600,4997,4731,4350,5800,4997,4731,4350,5800
2015,Singapore Management University,School of Law (4-year programme) *,Law Cum Laude and above #,4072,100,100,5160,4766,5313,5000,4500,5995,5313,5000,4500,5995
2015,Singapore University of Technology and Design,na,Bachelor of Engineering (Engineering Product Development),4073,92.5,88.1,3595,3618,3565,3600,3400,3800,3565,3600,3400,3800
2015,Singapore University of Technology and Design,na,Bachelor of Engineering (Engineering Systems and Design),4074,80.3,71.8,3699,3450,3763,3500,3190,4100,3763,3500,3190,4100
2015,Singapore University of Technology and Design,na,Bachelor of Engineering (Information Systems Technology and Design),4075,86,83.7,3872,3700,3952,3950,3338,4450,3952,3950,3338,4450
2015,Singapore University of Technology and Design,na,Bachelor of Science (Architecture and Sustainable Design) ###,4076,na,na,na,na,na,na,na,na,na,na,na,na
2015,Singapore Institute of Technology,DigiPen Institute of Technology,Bachelor of Arts in Game Design **,4077,na,na,na,na,na,na,na,na,na,na,na,na
2015,Singapore Institute of Technology,DigiPen Institute of Technology,Bachelor of Fine Arts in Digital Arts & Animation,4078,88.5,65.4,2643,2700,2682,2700,2500,2800,2682,2700,2500,2800
2015,Singapore Institute of Technology,DigiPen Institute of Technology,Bachelor of Science in Computer Science & Game Design **,4079,na,na,na,na,na,na,na,na,na,na,na,na
2015,Singapore Institute of Technology,DigiPen Institute of Technology,Bachelor of Science in Computer Science in Real-Time Interactive Simulation,4080,95.2,90.5,3332,3200,3346,3233,3000,3500,3346,3233,3000,3500
2015,Singapore Institute of Technology,The Glasgow School of Art,Bachelor of Arts with Honours in Communication Design,4081,76.1,54.3,2896,2750,2922,2750,2523,2975,2922,2750,2523,2975
2015,Singapore Institute of Technology,The Glasgow School of Art,Bachelor of Arts with Honours in Interior Design,4082,87.5,71.9,2520,2600,2893,2700,2500,3025,2893,2700,2500,3025
2015,Singapore Institute of Technology,Newcastle University,Bachelor of Engineering with Honours in Chemical Engineering,4083,85.5,72.6,3097,3000,3405,3250,2900,3750,3405,3250,2900,3750
2015,Singapore Institute of Technology,Newcastle University,Bachelor of Engineering with Honours in Electrical Power Engineering,4084,83,77.4,3334,3100,3452,3300,3000,3550,3452,3300,3000,3550
2015,Singapore Institute of Technology,Newcastle University,Bachelor of Engineering with Honours in Marine Engineering,4085,91.7,91.7,3180,3025,3354,3225,3050,3500,3354,3225,3050,3500
2015,Singapore Institute of Technology,Newcastle University,Bachelor of Engineering with Honours in Mechanical Design & Manufacturing Engineering,4086,90.5,83.3,3069,3050,3266,3200,3000,3500,3266,3200,3000,3500
2015,Singapore Institute of Technology,Newcastle University,Bachelor of Engineering with Honours in Naval Architecture,4087,100,100,3211,3050,3266,3141,2900,3500,3266,3141,2900,3500
2015,Singapore Institute of Technology,Newcastle University,Bachelor of Engineering with Honours in Offshore Engineering,4088,100,94.7,3166,3125,3469,3350,3238,3575,3469,3350,3238,3575
2015,Singapore Institute of Technology,Newcastle University,Bachelor of Science with Honours in Food & Human Nutrition,4089,89.2,81.1,2683,2700,2876,2700,2475,3050,2876,2700,2475,3050
2015,Singapore Institute of Technology,Technische Universität München,Bachelor of Science in Chemical Engineering,4090,87.5,79.2,2759,2800,2970,2950,2800,3200,2970,2950,2800,3200
2015,Singapore Institute of Technology,Technische Universität München,Bachelor of Science in Electrical Engineering & Information Technology,4091,100,90,3044,3100,3339,3250,3000,3488,3339,3250,3000,3488
2015,Singapore Institute of Technology,The Culinary Institute of America,Bachelor of Professional Studies in Culinary Arts Management,4092,92.6,81.5,2482,2300,2586,2400,2000,2800,2586,2400,2000,2800
2015,Singapore Institute of Technology,Singapore Institute of Technology -Trinity College Dublin,Bachelor in Science (Diagnostic Radiography),4093,100,100,3322,3300,3486,3488,3313,3650,3486,3488,3313,3650
2015,Singapore Institute of Technology,Trinity College Dublin,Bachelor in Science (Occupational Therapy),4094,100,100,3126,3120,3149,3125,3000,3225,3149,3125,3000,3225
2015,Singapore Institute of Technology,Trinity College Dublin,Bachelor in Science (Physiotherapy),4095,100,98.3,3234,3200,3310,3222,3200,3500,3310,3222,3200,3500
2015,Singapore Institute of Technology,Trinity College Dublin,Bachelor in Science (Radiation Therapy) **,4096,na,na,na,na,na,na,na,na,na,na,na,na
2015,Singapore Institute of Technology,University of Glasgow,Bachelor of Engineering with Honours in Aeronautical Engineering,4097,81.6,73.7,2766,3000,2840,3000,2614,3293,2840,3000,2614,3293
2015,Singapore Institute of Technology,University of Glasgow,Bachelor of Engineering with Honours in Aerospace Systems,4098,83.3,70.8,3128,3000,3185,3000,2882,3300,3185,3000,2882,3300
2015,Singapore Institute of Technology,University of Glasgow,Bachelor of Engineering with Honours in Mechanical Design Engineering,4099,72.2,61.1,3160,3000,3685,3250,2960,4200,3685,3250,2960,4200
2015,Singapore Institute of Technology,University of Glasgow,Bachelor of Engineering with Honours in Mechatronics,4100,96.4,94.5,3202,3000,3404,3100,2975,3875,3404,3100,2975,3875
2015,Singapore Institute of Technology,University of Glasgow,Bachelor of Science with Honours in Computing Science,4101,95.6,86.7,3247,3250,3391,3300,3152,3400,3391,3300,3152,3400
2015,Singapore Institute of Technology,University of Manchester,Bachelor of Science with Honours in Nursing Practice,4102,98.3,96.7,3304,3400,3624,3615,3400,3838,3624,3615,3400,3838
2015,Singapore Institute of Technology,"University of Nevada, Las Vegas",Bachelor of Science (Major in Hospitality Management),4103,89.9,82.6,2515,2500,2607,2548,2338,2850,2607,2548,2338,2850
2015,Singapore Institute of Technology,Wheelock College,Bachelor of Science in Early Childhood Education,4104,100,96.4,2772,2700,2807,2700,2608,3000,2807,2700,2608,3000
2016,Nanyang Technological University,College of Business (Nanyang Business School),Accountancy,4105,97.3,95.1,3027,2900,3063,2900,2900,3100,3063,2900,2900,3100
2016,Nanyang Technological University,College of Business (Nanyang Business School),Accountancy and Business,4106,97.4,96.6,3836,3500,3893,3500,3100,4250,3893,3500,3100,4250
2016,Nanyang Technological University,College of Business (Nanyang Business School),Business,4107,89.6,77.1,3348,3200,3444,3300,3000,3800,3444,3300,3000,3800
2016,Nanyang Technological University,College of Business (Nanyang Business School),Business and Computing,4108,94.4,94.4,4232,4000,4407,4600,3800,5000,4407,4600,3800,5000
2016,Nanyang Technological University,College of Engineering,Aerospace Engineering,4109,82.4,77.9,3761,3625,3840,3675,3350,4435,3840,3675,3350,4435
2016,Nanyang Technological University,College of Engineering,Aerospace Engineering and Economics **,4110,na,na,na,na,na,na,na,na,na,na,na,na
2016,Nanyang Technological University,College of Engineering,Bioengineering,4111,77.8,63.9,3151,3200,3317,3237,3000,3510,3317,3237,3000,3510
2016,Nanyang Technological University,College of Engineering,Business and Computer Engineering **,4112,na,na,na,na,na,na,na,na,na,na,na,na
2016,Nanyang Technological University,College of Engineering,Chemical And Biomolecular Engineering,4113,80.6,72.6,3336,3225,3476,3400,3200,3800,3476,3400,3200,3800
2016,Nanyang Technological University,College of Engineering,Civil Engineering,4114,92.4,91.6,3407,3250,3505,3300,3200,3800,3505,3300,3200,3800
2016,Nanyang Technological University,College of Engineering,Computer Engineering,4115,83.3,75.9,3792,3500,3833,3500,3300,4420,3833,3500,3300,4420
2016,Nanyang Technological University,College of Engineering,Computer Science,4116,94.6,91.4,3784,3500,3848,3500,3300,4333,3848,3500,3300,4333
2016,Nanyang Technological University,College of Engineering,Electrical And Electronic Engineering,4117,89.1,83.6,3443,3300,3517,3400,3190,3800,3517,3400,3190,3800
2016,Nanyang Technological University,College of Engineering,Environmental Engineering,4118,80.6,74.2,3156,3100,3216,3100,2800,3400,3216,3100,2800,3400
2016,Nanyang Technological University,College of Engineering,Information Engineering And Media,4119,94.6,87.5,3496,3350,3570,3350,3000,4000,3570,3350,3000,4000
2016,Nanyang Technological University,College of Engineering,Maritime Studies,4120,94.2,88.5,3305,3300,3328,3398,3083,3500,3328,3398,3083,3500
2016,Nanyang Technological University,College of Engineering,Materials Engineering,4121,81.3,73.5,3197,3200,3317,3300,3000,3500,3317,3300,3000,3500
2016,Nanyang Technological University,College of Engineering,Materials Engineering and Economics **,4122,na,na,na,na,na,na,na,na,na,na,na,na
2016,Nanyang Technological University,College of Engineering,Mechanical Engineering,4123,86,79.9,3417,3300,3505,3350,3050,3959,3505,3350,3050,3959
2016,Nanyang Technological University,College of Engineering,Mechanical Engineering and Economics **,4124,na,na,na,na,na,na,na,na,na,na,na,na
2016,Nanyang Technological University,"College of Humanities, Arts & Social Sciences","Art, Design & Media",4125,79.7,46.6,2718,2700,2761,2700,2500,3000,2761,2700,2500,3000
2016,Nanyang Technological University,"College of Humanities, Arts & Social Sciences",Chinese,4126,91.1,74.7,3239,3300,3345,3300,3050,3500,3345,3300,3050,3500
2016,Nanyang Technological University,"College of Humanities, Arts & Social Sciences",Communication Studies,4127,87.7,69.6,2938,2900,2996,3000,2575,3365,2996,3000,2575,3365
2016,Nanyang Technological University,"College of Humanities, Arts & Social Sciences",Economics,4128,91.3,79.3,3385,3300,3440,3300,3000,3850,3440,3300,3000,3850
2016,Nanyang Technological University,"College of Humanities, Arts & Social Sciences",English,4129,75,54.2,2974,3000,2997,3000,2700,3400,2997,3000,2700,3400
2016,Nanyang Technological University,"College of Humanities, Arts & Social Sciences",History,4130,87.2,76.6,3027,3000,3082,3000,2700,3500,3082,3000,2700,3500
2016,Nanyang Technological University,"College of Humanities, Arts & Social Sciences",Linguistics And Multilingual Studies,4131,81.8,61.8,3283,3315,3368,3365,2960,3500,3368,3365,2960,3500
2016,Nanyang Technological University,"College of Humanities, Arts & Social Sciences",Psychology,4132,82.1,66.7,3083,3100,3136,3200,2800,3500,3136,3200,2800,3500
2016,Nanyang Technological University,"College of Humanities, Arts & Social Sciences",Public Policy And Global Affairs **,4133,na,na,na,na,na,na,na,na,na,na,na,na
2016,Nanyang Technological University,"College of Humanities, Arts & Social Sciences",Sociology,4134,86.1,63.9,3279,3300,3480,3500,3000,3850,3480,3500,3000,3850
2016,Nanyang Technological University,College of Sciences,Biomedical Sciences & Chinese Medicine #,4135,94.4,88.9,2525,2400,2577,2500,2150,2800,2577,2500,2150,2800
2016,Nanyang Technological University,College of Sciences,Biological Sciences,4136,80.5,64,3132,3100,3222,3175,3000,3550,3222,3175,3000,3550
2016,Nanyang Technological University,College of Sciences,Chemistry & Biological Chemistry,4137,80.6,64.2,3119,3000,3234,3149,2925,3500,3234,3149,2925,3500
2016,Nanyang Technological University,College of Sciences,Mathematical Sciences,4138,88.5,76.9,3453,3400,3535,3500,3200,3750,3535,3500,3200,3750
2016,Nanyang Technological University,College of Sciences,Mathematics & Economics,4139,89.4,72.7,3346,3150,3458,3300,3000,3750,3458,3300,3000,3750
2016,Nanyang Technological University,College of Sciences,Physics / Applied Physics,4140,85.7,77.1,3578,3350,3683,3450,3100,4000,3683,3450,3100,4000
2016,Nanyang Technological University,Sports Science and Management,Sports Science and Management,4141,83.1,66.1,3196,3100,3272,3200,2825,3500,3272,3200,2825,3500
2016,Nanyang Technological University,National Institute of Education (NIE),Arts (with Education),4142,100,100,3337,3500,3525,3525,3400,3615,3525,3525,3400,3615
2016,Nanyang Technological University,National Institute of Education (NIE),Science (with Education),4143,100,100,3438,3500,3546,3525,3500,3850,3546,3525,3500,3850
2016,National University of Singapore,Faculty of Arts & Social Sciences,Bachelor of Arts,4144,86.1,62.5,2971,3000,3063,3000,2600,3200,3063,3000,2600,3200
2016,National University of Singapore,Faculty of Arts & Social Sciences,Bachelor of Arts (Hons),4145,90.7,74.1,3258,3300,3321,3500,3000,3600,3321,3500,3000,3600
2016,National University of Singapore,Faculty of Arts & Social Sciences,Bachelor of Social Sciences,4146,89.5,73.3,3341,3300,3423,3300,3000,3650,3423,3300,3000,3650
2016,National University of Singapore,Faculty Of Dentistry,Bachelor of Dental Surgery,4147,100,100,4173,4050,4221,4050,4050,4450,4221,4050,4050,4450
2016,National University of Singapore,Faculty Of Engineering,Bachelor of Engineering (Biomedical Engineering),4148,91.9,80.6,3314,3100,3366,3200,3000,3500,3366,3200,3000,3500
2016,National University of Singapore,Faculty Of Engineering,Bachelor of Engineering (Chemical Engineering),4149,85.3,80.3,3414,3250,3562,3450,3150,4000,3562,3450,3150,4000
2016,National University of Singapore,Faculty Of Engineering,Bachelor of Engineering (Civil Engineering),4150,95.3,91.9,3402,3300,3509,3420,3200,3800,3509,3420,3200,3800
2016,National University of Singapore,Faculty Of Engineering,Bachelor of Engineering (Computer Engineering),4151,89.1,85.9,3884,3700,3942,3900,3467,4500,3942,3900,3467,4500
2016,National University of Singapore,Faculty Of Engineering,Bachelor of Engineering (Electrical Engineering),4152,91.9,87.6,3669,3400,3765,3500,3200,4200,3765,3500,3200,4200
2016,National University of Singapore,Faculty Of Engineering,Bachelor of Engineering (Engineering Science),4153,85.2,74.1,3549,3400,3707,3740,3350,4026,3707,3740,3350,4026
2016,National University of Singapore,Faculty Of Engineering,Bachelor of Engineering (Environmental Engineering),4154,79.3,65.5,3432,3300,3470,3350,3000,3832,3470,3350,3000,3832
2016,National University of Singapore,Faculty Of Engineering,Bachelor of Engineering (Industrial and Systems Engineering),4155,80.3,78.9,3788,3450,3879,3500,3300,4250,3879,3500,3300,4250
2016,National University of Singapore,Faculty Of Engineering,Bachelor of Engineering (Materials Science And Engineering),4156,90.2,78.4,3381,3300,3501,3540,3200,3900,3501,3540,3200,3900
2016,National University of Singapore,Faculty Of Engineering,Bachelor of Engineering (Mechanical Engineering),4157,86.6,81,3470,3300,3560,3400,3150,3800,3560,3400,3150,3800
2016,National University of Singapore,Faculty of Law,Bachelor of Laws (L.L.B) (Hons) #,4158,97.7,95.9,4844,4775,4898,4900,4200,5600,4898,4900,4200,5600
2016,National University of Singapore,Faculty of Science,Bachelor of Applied Science **,4159,na,na,na,na,na,na,na,na,na,na,na,na
2016,National University of Singapore,Faculty of Science,Bachelor of Applied Science (Hons),4160,81,61.9,2905,2800,3058,3130,2800,3350,3058,3130,2800,3350
2016,National University of Singapore,Faculty of Science,Bachelor of Science,4161,84.3,59.4,2895,3000,2995,3000,2600,3225,2995,3000,2600,3225
2016,National University of Singapore,Faculty of Science,Bachelor of Science (Hons),4162,84.9,71.7,3331,3300,3386,3300,3000,3650,3386,3300,3000,3650
2016,National University of Singapore,Faculty of Science,Bachelor of Science (Computational Biology) **,4163,na,na,na,na,na,na,na,na,na,na,na,na
2016,National University of Singapore,Faculty of Science,Bachelor of Science (Pharmacy)(Hons) #,4164,99.1,97.2,3500,3500,3597,3600,3300,3950,3597,3600,3300,3950
2016,National University of Singapore,NUS Business School,Bachelor of Business Administration,4165,93.6,80.7,3232,3000,3282,3000,2837,3500,3282,3000,2837,3500
2016,National University of Singapore,NUS Business School,Bachelor of Business Administration (Hons),4166,96.4,92.8,4126,3600,4207,3620,3258,4500,4207,3620,3258,4500
2016,National University of Singapore,NUS Business School,Bachelor of Business Administration (Accountancy),4167,88.6,86.4,2977,2900,3020,2963,2800,3100,3020,2963,2800,3100
2016,National University of Singapore,NUS Business School,Bachelor of Business Administration (Accountancy) (Hons),4168,99,99,3435,3000,3465,3075,2900,3800,3465,3075,2900,3800
2016,National University of Singapore,School of Computing,Bachelor of Computing (Communications And Media) **,4169,na,na,na,na,na,na,na,na,na,na,na,na
2016,National University of Singapore,School of Computing,Bachelor of Computing (Computer Science),4170,96.3,93.3,4320,4000,4385,4000,3500,5000,4385,4000,3500,5000
2016,National University of Singapore,School of Computing,Bachelor of Computing (Electronic Commerce) **,4171,na,na,na,na,na,na,na,na,na,na,na,na
2016,National University of Singapore,School of Computing,Bachelor of Computing (Information Systems),4172,94,94,3875,3800,3969,4000,3365,4500,3969,4000,3365,4500
2016,National University of Singapore,School of Design & Environment,Bachelor of Arts (Architecture) #,4173,93.2,89.8,3926,4000,3960,4000,3500,4250,3960,4000,3500,4250
2016,National University of Singapore,School of Design & Environment,Bachelor of Arts (Industrial Design),4174,90.6,65.6,3282,3000,3320,3000,2900,4000,3320,3000,2900,4000
2016,National University of Singapore,School of Design & Environment,Bachelor of Science (Project and Facilities Management),4175,87.8,84.7,3035,3000,3113,3000,2850,3276,3113,3000,2850,3276
2016,National University of Singapore,School of Design & Environment,Bachelor of Science (Real Estate),4176,94.6,92.4,3247,3000,3368,3200,2950,3735,3368,3200,2950,3735
2016,National University of Singapore,Yong Loo Lin School (Medicine),Bachelor of Medicine and Bachelor Of Surgery #,4177,99.4,99.4,4460,4500,4887,5000,4500,5200,4887,5000,4500,5200
2016,National University of Singapore,Yong Loo Lin School (Medicine),Bachelor of Science (Nursing),4178,93.2,90.9,3166,3200,3363,3400,3200,3425,3363,3400,3200,3425
2016,National University of Singapore,Yong Loo Lin School (Medicine),Bachelor of Science (Nursing) (Hons),4179,95.1,95.1,3308,3300,3529,3500,3400,3600,3529,3500,3400,3600
2016,National University of Singapore,Yong Siew Toh Conservatory of Music,Bachelor of Music,4180,85.7,14.3,3250,3250,3250,3250,2999,3500,3250,3250,2999,3500
2016,National University of Singapore,Multi-Disciplinary Programme,Bachelor of Environmental Studies,4181,83.8,67.6,3347,3250,3399,3300,3000,3500,3399,3300,3000,3500
2016,Singapore Management University,School of Accountancy (4-year programme) *,Accountancy,4182,98.5,96,3390,3000,3455,3000,2900,3600,3455,3000,2900,3600
2016,Singapore Management University,School of Accountancy (4-year programme) *,Accountancy Cum Laude and above,4183,100,100,3827,3500,3943,3600,3000,4583,3943,3600,3000,4583
2016,Singapore Management University,School of Business (4-year programme) *,Business Management,4184,92.4,84.6,3727,3400,3831,3500,3000,4000,3831,3500,3000,4000
2016,Singapore Management University,School of Business (4-year programme) *,Business Management Cum Laude and above,4185,96.1,92.1,4140,3550,4234,3660,3250,4583,4234,3660,3250,4583
2016,Singapore Management University,School of Economics (4-year programme) *,Economics,4186,93.4,84,3801,3500,3906,3700,3200,4300,3906,3700,3200,4300
2016,Singapore Management University,School of Economics (4-year programme) *,Economics Cum Laude and above,4187,97,92.5,4315,4000,4425,4107,3800,4750,4425,4107,3800,4750
2016,Singapore Management University,School of Information Systems (4-year programme) *,Information Systems Management,4188,95.7,91.5,3837,3500,3897,3600,3200,4167,3897,3600,3200,4167
2016,Singapore Management University,School of Information Systems (4-year programme) *,Information Systems Management Cum Laude and above,4189,97.5,95,4504,4167,4603,4167,3800,4750,4603,4167,3800,4750
2016,Singapore Management University,School of Social Sciences (4-year programme) *,Social Sciences,4190,91.5,80.4,3199,3100,3311,3145,3000,3500,3311,3145,3000,3500
2016,Singapore Management University,School of Social Sciences (4-year programme) *,Social Sciences Cum Laude and above,4191,94.9,87.2,3405,3300,3548,3400,3000,3668,3548,3400,3000,3668
2016,Singapore Management University,School of Law (4-year programme) *,Law #,4192,95.8,93.7,4810,4600,4915,4850,4200,5800,4915,4850,4200,5800
2016,Singapore Management University,School of Law (4-year programme) *,Law Cum Laude and above #,4193,96.7,96.7,4950,4950,5095,5300,4500,5800,5095,5300,4500,5800
2016,Singapore Institute of Technology,DigiPen Institute of Technology,Bachelor of Arts in Game Design **,4194,na,na,na,na,na,na,na,na,na,na,na,na
2016,Singapore Institute of Technology,DigiPen Institute of Technology,Bachelor of Fine Arts in Digital Arts & Animation,4195,73.3,53.3,3045,3000,3052,3000,2700,3016,3052,3000,2700,3016
2016,Singapore Institute of Technology,DigiPen Institute of Technology,Bachelor of Science in Computer Science & Game Design,4196,85.7,85.7,3312,3400,3329,3400,3100,3500,3329,3400,3100,3500
2016,Singapore Institute of Technology,DigiPen Institute of Technology,Bachelor of Science in Computer Science in Real-Time Interactive Simulation,4197,100,92.9,3729,3680,3803,4000,3500,4200,3803,4000,3500,4200
2016,Singapore Institute of Technology,The Glasgow School of Art,Bachelor of Arts with Honours in Communication Design,4198,91.1,58.9,2652,2600,2652,2600,2500,2700,2652,2600,2500,2700
2016,Singapore Institute of Technology,The Glasgow School of Art,Bachelor of Arts with Honours in Interior Design,4199,97.4,76.3,2467,2500,2485,2515,2200,2800,2485,2515,2200,2800
2016,Singapore Institute of Technology,Newcastle University,Bachelor of Engineering with Honours in Chemical Engineering,4200,85.9,71.8,3201,3100,3463,3300,3080,3650,3463,3300,3080,3650
2016,Singapore Institute of Technology,Newcastle University,Bachelor of Engineering with Honours in Electrical Power Engineering,4201,86.4,79.7,3239,3000,3440,3200,2800,3700,3440,3200,2800,3700
2016,Singapore Institute of Technology,Newcastle University,Bachelor of Engineering with Honours in Marine Engineering,4202,95.2,81,3812,3425,3956,3840,3200,4530,3956,3840,3200,4530
2016,Singapore Institute of Technology,Newcastle University,Bachelor of Engineering with Honours in Mechanical Design & Manufacturing Engineering,4203,87,77.8,3162,3000,3344,3200,2900,3575,3344,3200,2900,3575
2016,Singapore Institute of Technology,Newcastle University,Bachelor of Engineering with Honours in Naval Architecture,4204,90,90,3172,3250,3239,3300,3000,3500,3239,3300,3000,3500
2016,Singapore Institute of Technology,Newcastle University,Bachelor of Engineering with Honours in Offshore Engineering,4205,86.4,72.7,3172,3275,3286,3430,3000,3600,3286,3430,3000,3600
2016,Singapore Institute of Technology,Newcastle University,Bachelor of Science with Honours in Food & Human Nutrition,4206,86.7,62.2,2598,2600,2707,2600,2420,2800,2707,2600,2420,2800
2016,Singapore Institute of Technology,Technische Universität München,Bachelor of Science in Chemical Engineering,4207,78.6,67.9,2776,2900,3149,3130,2500,3700,3149,3130,2500,3700
2016,Singapore Institute of Technology,Technische Universität München,Bachelor of Science in Electrical Engineering & Information Technology,4208,90.9,86.4,2978,3000,3042,3000,2825,3350,3042,3000,2825,3350
2016,Singapore Institute of Technology,The Culinary Institute of America,Bachelor of Professional Studies in Culinary Arts Management,4209,86.2,69,2231,2250,2344,2300,2000,2500,2344,2300,2000,2500
2016,Singapore Institute of Technology,Trinity College Dublin / Singapore Institute of Technology-Trinity College Dublin,Bachelor in Science (Diagnostic Radiography),4210,88.2,88.2,3406,3385,3628,3660,3400,3930,3628,3660,3400,3930
2016,Singapore Institute of Technology,Trinity College Dublin / Singapore Institute of Technology-Trinity College Dublin,Bachelor in Science (Occupational Therapy),4211,100,100,3297,3200,3301,3200,3100,3500,3301,3200,3100,3500
2016,Singapore Institute of Technology,Trinity College Dublin / Singapore Institute of Technology-Trinity College Dublin,Bachelor in Science (Physiotherapy),4212,100,100,3310,3300,3344,3300,3240,3500,3344,3300,3240,3500
2016,Singapore Institute of Technology,Trinity College Dublin / Singapore Institute of Technology-Trinity College Dublin,Bachelor in Science (Radiation Therapy) **,4213,na,na,na,na,na,na,na,na,na,na,na,na
2016,Singapore Institute of Technology,University of Glasgow,Bachelor of Engineering with Honours in Aeronautical Engineering,4214,81.6,65.3,3042,3000,3277,3200,2800,3700,3277,3200,2800,3700
2016,Singapore Institute of Technology,University of Glasgow,Bachelor of Engineering with Honours in Aerospace Systems,4215,82.2,64.4,3312,3225,3390,3275,2900,4009,3390,3275,2900,4009
2016,Singapore Institute of Technology,University of Glasgow,Bachelor of Engineering with Honours in Mechanical Design Engineering,4216,87,70.4,3187,3000,3273,3200,3000,3365,3273,3200,3000,3365
2016,Singapore Institute of Technology,University of Glasgow,Bachelor of Engineering with Honours in Mechatronics,4217,88.7,80.3,3406,3200,3523,3300,3000,3800,3523,3300,3000,3800
2016,Singapore Institute of Technology,University of Glasgow,Bachelor of Science with Honours in Computing Science,4218,89.8,81.6,3645,3600,3704,3600,3400,3900,3704,3600,3400,3900
2016,Singapore Institute of Technology,University of Manchester,Bachelor of Science with Honours in Nursing Practice,4219,92.7,85.5,3378,3400,3600,3600,3400,3750,3600,3600,3400,3750
2016,Singapore Institute of Technology,University of Liverpool,Bachelor of Arts with Honours in Criminology and Security,4220,92.6,81.5,4096,4200,4131,4200,3700,4600,4131,4200,3700,4600
2016,Singapore Institute of Technology,Wheelock College,Bachelor of Science in Early Childhood Education,4221,98,92,2705,2700,2707,2700,2600,2850,2707,2700,2600,2850
2016,Singapore University of Technology and Design,na,Bachelor of Engineering (Engineering Product Development),4222,87,79.7,3620,3500,3690,3600,3300,3750,3690,3600,3300,3750
2016,Singapore University of Technology and Design,na,Bachelor of Engineering (Information Systems Technology and Design),4223,91.9,91.9,4197,4000,4232,4000,3500,4950,4232,4000,3500,4950
2016,Singapore University of Technology and Design,na,Bachelor of Engineering (Engineering Systems and Design),4224,100,93.5,3695,3600,3830,3650,3550,4200,3830,3650,3550,4200
2016,Singapore University of Technology and Design,na,Bachelor of Science (Architecture and Sustainable Design) ###,4225,na,na,na,na,na,na,na,na,na,na,na,na
2017,Nanyang Technological University,College of Business (Nanyang Business School),Bachelor of Accountancy (Hons),4226,97.1,94.5,3121,3000,3166,3000,2900,3100,3166,3000,2900,3100
2017,Nanyang Technological University,College of Business (Nanyang Business School),Double Degree in Bachelor of Accountancy (Hons) and Bachelor of Business (Hons),4227,97.2,94.3,3830,3500,3892,3600,3013,4317,3892,3600,3013,4317
2017,Nanyang Technological University,College of Business (Nanyang Business School),Bachelor of Business (Hons),4228,93,80.8,3530,3300,3643,3300,3000,3800,3643,3300,3000,3800
2017,Nanyang Technological University,College of Business (Nanyang Business School),Double Degree in Bachelor of Business (Hons) and Bachelor of Engineering (Hons) (Computer Science),4229,100,95,5036,4750,5225,5000,4000,5362,5225,5000,4000,5362
2017,Nanyang Technological University,College of Engineering,Bachelor of Engineering (Hons) (Aerospace Engineering),4230,80,75,3645,3492,3702,3500,3250,4210,3702,3500,3250,4210
2017,Nanyang Technological University,College of Engineering,Double Degree in Bachelor of Engineering (Hons) (Aerospace Engineering) and Bachelor of Arts (Hons) in Economics **,4231,na,na,na,na,na,na,na,na,na,na,na,na
2017,Nanyang Technological University,College of Engineering,Bachelor of Engineering (Hons) (Bioengineering),4232,78.3,65.2,3326,3200,3486,3419,3000,3825,3486,3419,3000,3825
2017,Nanyang Technological University,College of Engineering,Bachelor of Engineering  (Hons) (Chemical And Biomolecular Engineering),4233,82.3,75.3,3326,3200,3577,3500,3200,4000,3577,3500,3200,4000
2017,Nanyang Technological University,College of Engineering,Double Degree in Bachelor of Engineering  (Hons) (Chemical And Biomolecular Engineering) and Bachelor of Arts (Hons) in Economics **,4234,na,na,na,na,na,na,na,na,na,na,na,na
2017,Nanyang Technological University,College of Engineering,Bachelor of Engineering (Hons) (Civil Engineering),4235,98.5,96.9,3373,3300,3442,3400,3190,3675,3442,3400,3190,3675
2017,Nanyang Technological University,College of Engineering,Double Degree in Bachelor of Engineering (Hons) (Civil Engineering) and Bachelor of Arts (Hons) in Economics **,4236,na,na,na,na,na,na,na,na,na,na,na,na
2017,Nanyang Technological University,College of Engineering,Bachelor of Engineering (Hons) (Computer Engineering),4237,95.1,87.8,3667,3600,3743,3600,3450,3925,3743,3600,3450,3925
2017,Nanyang Technological University,College of Engineering,Bachelor of Engineering (Hons) (Computer Science),4238,92.4,86.7,4078,3750,4160,3850,3500,4500,4160,3850,3500,4500
2017,Nanyang Technological University,College of Engineering,Double Degree in Bachelor of Business (Hons) and Bachelor of Engineering (Hons) (Computer Engineering) **,4239,na,na,na,na,na,na,na,na,na,na,na,na
2017,Nanyang Technological University,College of Engineering,Bachelor of Engineering (Hons) (Electrical & Electronic Engineering),4240,89.3,85,3532,3500,3657,3600,3200,4000,3657,3600,3200,4000
2017,Nanyang Technological University,College of Engineering,Bachelor of Engineering (Hons) (Environmental Engineering),4241,71.8,64.1,3538,3475,3588,3635,3200,3950,3588,3635,3200,3950
2017,Nanyang Technological University,College of Engineering,Bachelor of Engineering (Hons) (Information Engineering & Media),4242,86.9,78.7,3685,3677,3790,3700,3350,4200,3790,3700,3350,4200
2017,Nanyang Technological University,College of Engineering,Double Degree in Bachelor of Engineering (Hons) (Information Engineering & Media) and Bachelor of Arts (Hons) in Economics **,4243,na,na,na,na,na,na,na,na,na,na,na,na
2017,Nanyang Technological University,College of Engineering,Bachelor of Science (Hons) (Maritime Studies),4244,92.2,92.2,3279,3200,3333,3320,3000,3500,3333,3320,3000,3500
2017,Nanyang Technological University,College of Engineering,Bachelor of Engineering (Hons) (Materials Engineering),4245,84.9,75.6,3288,3200,3434,3375,3200,3700,3434,3375,3200,3700
2017,Nanyang Technological University,College of Engineering,Double Degree in Bachelor of Engineering (Hons) (Materials Engineering) and Bachelor of Arts (Hons) in Economics **,4246,na,na,na,na,na,na,na,na,na,na,na,na
2017,Nanyang Technological University,College of Engineering,Bachelor of Engineering (Hons) (Mechanical Engineering),4247,82.7,74.9,3422,3300,3579,3450,3100,4000,3579,3450,3100,4000
2017,Nanyang Technological University,College of Engineering,Double Degree in Bachelor of Engineering (Hons) (Mechanical Engineering) and Bachelor of Arts (Hons) in Economics **,4248,na,na,na,na,na,na,na,na,na,na,na,na
2017,Nanyang Technological University,College of Engineering,Bachelor of Fine Arts (Hons),4249,88.5,54,2862,2800,2909,2800,2500,3200,2909,2800,2500,3200
2017,Nanyang Technological University,College of Engineering,Bachelor of Arts (Hons) in Chinese,4250,84.6,67.7,3119,3300,3147,3300,2750,3500,3147,3300,2750,3500
2017,Nanyang Technological University,College of Engineering,Bachelor of Communication Studies (Hons),4251,92.6,62.2,3134,3000,3184,3000,2775,3500,3184,3000,2775,3500
2017,Nanyang Technological University,College of Engineering,Bachelor of Arts (Hons) in Economics,4252,84.7,75.5,3286,3200,3379,3240,3000,3720,3379,3240,3000,3720
2017,Nanyang Technological University,College of Engineering,Bachelor of Arts (Hons) in English,4253,77.8,50.8,3042,3000,3149,3000,2800,3300,3149,3000,2800,3300
2017,Nanyang Technological University,College of Engineering,Bachelor of Arts (Hons) in History,4254,86,68.4,3206,3100,3265,3200,3000,3600,3265,3200,3000,3600
2017,Nanyang Technological University,College of Engineering,Bachelor of Arts (Hons) in Linguistics And Multilingual Studies,4255,80,60,3042,3000,3117,3100,2600,3500,3117,3100,2600,3500
2017,Nanyang Technological University,College of Engineering,Bachelor of Arts (Hons) in Philosophy **,4256,na,na,na,na,na,na,na,na,na,na,na,na
2017,Nanyang Technological University,College of Engineering,Bachelor of Arts (Hons) in Psychology,4257,78.9,59.2,3107,3107,3151,3200,2890,3500,3151,3200,2890,3500
2017,Nanyang Technological University,College of Engineering,Bachelor of Arts (Hons) in Public Policy And Global Affairs,4258,74.1,66.7,3353,3300,3479,3395,3160,3750,3479,3395,3160,3750
2017,Nanyang Technological University,College of Engineering,Bachelor of Arts (Hons) in Sociology,4259,77.6,62.1,3263,3200,3309,3228,2970,3500,3309,3228,2970,3500
2017,Nanyang Technological University,College of Sciences,Double Degree in Bachelor of Science (Hons) in Biomedical Sciences and Bachelor of Medicine (Chinese Medicine) #,4260,92,80,2722,2928,2792,2950,2500,3035,2792,2950,2500,3035
2017,Nanyang Technological University,College of Sciences,Bachelor of Science (Hons) in Biological Sciences,4261,80.4,62.6,3177,3100,3255,3200,3000,3500,3255,3200,3000,3500
2017,Nanyang Technological University,College of Sciences,Bachelor of Science (Hons) in Chemistry & Biological Chemistry,4262,70.1,51.1,3035,3000,3173,3100,2800,3488,3173,3100,2800,3488
2017,Nanyang Technological University,College of Sciences,Bachelor of Science (Hons) in Mathematical Sciences,4263,89.7,79.5,3517,3400,3580,3500,3100,3800,3580,3500,3100,3800
2017,Nanyang Technological University,College of Sciences,Bachelor of Science (Hons) in Mathematics & Economics,4264,89.8,83.1,3504,3290,3625,3400,3013,3775,3625,3400,3013,3775
2017,Nanyang Technological University,College of Sciences,Bachelor of Science (Hons) in Physics/Applied Physics,4265,81.6,61.8,3367,3300,3490,3300,3000,3819,3490,3300,3000,3819
2017,Nanyang Technological University,Sports Science and Management,Bachelor of Science (Hons) (Sport Science & Management),4266,81.1,48.6,3372,3285,3486,3450,2800,4000,3486,3450,2800,4000
2017,Nanyang Technological University,National Institute of Education (NIE),Bachelor of Arts (Hons) (Education),4267,100,100,3489,3600,3589,3600,3500,3800,3589,3600,3500,3800
2017,Nanyang Technological University,National Institute of Education (NIE),Bachelor of Science (Hons) (Education),4268,100,100,3610,3603,3701,3701,3500,3958,3701,3701,3500,3958
2017,National University of Singapore,Faculty of Arts & Social Sciences,Bachelor of Arts,4269,85.8,61.9,3005,3000,3107,3000,2700,3300,3107,3000,2700,3300
2017,National University of Singapore,Faculty of Arts & Social Sciences,Bachelor of Arts (Hons),4270,88.2,66.7,3309,3300,3391,3360,3000,3600,3391,3360,3000,3600
2017,National University of Singapore,Faculty of Arts & Social Sciences,Bachelor of Social Sciences,4271,88.3,74.7,3365,3300,3443,3300,3000,3750,3443,3300,3000,3750
2017,National University of Singapore,Faculty Of Dentistry,Bachelor of Dental Surgery,4272,100,100,4124,4050,4143,4050,4000,4400,4143,4050,4000,4400
2017,National University of Singapore,Faculty Of Engineering,Bachelor of Engineering (Biomedical Engineering),4273,90.6,81.3,3215,3200,3367,3300,3000,3700,3367,3300,3000,3700
2017,National University of Singapore,Faculty Of Engineering,Bachelor of Engineering (Chemical Engineering),4274,87.8,81.3,3550,3500,3727,3600,3300,4000,3727,3600,3300,4000
2017,National University of Singapore,Faculty Of Engineering,Bachelor of Engineering (Civil Engineering),4275,95.5,90.9,3361,3300,3427,3300,3135,3700,3427,3300,3135,3700
2017,National University of Singapore,Faculty Of Engineering,Bachelor of Engineering (Electrical Engineering),4276,89.4,86.5,3529,3500,3641,3600,3300,3900,3641,3600,3300,3900
2017,National University of Singapore,Faculty Of Engineering,Bachelor of Engineering (Engineering Science),4277,76.5,64.7,3783,3600,3827,3675,3440,4200,3827,3675,3440,4200
2017,National University of Singapore,Faculty Of Engineering,Bachelor of Engineering (Environmental Engineering),4278,86.3,71.2,3425,3100,3546,3350,3000,3800,3546,3350,3000,3800
2017,National University of Singapore,Faculty Of Engineering,Bachelor of Engineering (Industrial and Systems Engineering),4279,93.3,89.9,3905,3725,4035,3875,3450,4200,4035,3875,3450,4200
2017,National University of Singapore,Faculty Of Engineering,Bachelor of Engineering (Materials Science And Engineering),4280,94,86,3269,3200,3570,3388,3200,3950,3570,3388,3200,3950
2017,National University of Singapore,Faculty Of Engineering,Bachelor of Engineering (Mechanical Engineering),4281,87.3,82.3,3537,3400,3657,3450,3100,4000,3657,3450,3100,4000
2017,National University of Singapore,Faculty of Law,Bachelor of Laws #,4282,95.8,92.3,4958,5000,5121,5000,4500,5600,5121,5000,4500,5600
2017,National University of Singapore,Faculty of Science,Bachelor of Applied Science **,4283,na,na,na,na,na,na,na,na,na,na,na,na
2017,National University of Singapore,Faculty of Science,Bachelor of Applied Science (Hons),4284,82.1,50,3186,3075,3187,3085,2800,3200,3187,3085,2800,3200
2017,National University of Singapore,Faculty of Science,Bachelor of Science,4285,76.9,54.5,3053,3000,3214,3082,2800,3400,3214,3082,2800,3400
2017,National University of Singapore,Faculty of Science,Bachelor of Science (Hons),4286,85.9,69.3,3340,3200,3435,3300,3000,3700,3435,3300,3000,3700
2017,National University of Singapore,Faculty of Science,Bachelor of Science (Computational Biology) **,4287,na,na,na,na,na,na,na,na,na,na,na,na
2017,National University of Singapore,Faculty of Science,Bachelor of Science (Pharmacy) #,4288,99.1,94.5,3473,3500,3616,3600,3500,3800,3616,3600,3500,3800
2017,National University of Singapore,NUS Business School,Bachelor of Business Administration,4289,94.9,87.3,3770,3400,4031,3500,3000,4333,4031,3500,3000,4333
2017,National University of Singapore,NUS Business School,Bachelor of Business Administration (Hons),4290,98.2,93.6,4272,3725,4388,3800,3450,4782,4388,3800,3450,4782
2017,National University of Singapore,NUS Business School,Bachelor of Business Administration (Accountancy),4291,97.2,94.4,3396,3000,3473,3025,3000,3600,3473,3025,3000,3600
2017,National University of Singapore,NUS Business School,Bachelor of Business Administration (Accountancy) (Hons),4292,100,100,3689,3100,3744,3125,3000,4023,3744,3125,3000,4023
2017,National University of Singapore,School of Computing,Bachelor of Computing (Communications And Media) **,4293,na,na,na,na,na,na,na,na,na,na,na,na
2017,National University of Singapore,School of Computing,Bachelor of Computing (Computational Biology) **,4294,na,na,na,na,na,na,na,na,na,na,na,na
2017,National University of Singapore,School of Computing,Bachelor of Computing (Computer Science),4295,93.5,89.4,4510,4200,4628,4285,3656,5000,4628,4285,3656,5000
2017,National University of Singapore,School of Computing,Bachelor of Computing (Electronic Commerce) **,4296,na,na,na,na,na,na,na,na,na,na,na,na
2017,National University of Singapore,School of Computing,Bachelor of Computing (Information Security) **,4297,na,na,na,na,na,na,na,na,na,na,na,na
2017,National University of Singapore,School of Computing,Bachelor of Computing (Information Systems),4298,94.5,91.8,4061,4000,4192,4000,3550,4592,4192,4000,3550,4592
2017,National University of Singapore,School of Computing,Bachelor of Science (Business Analytics),4299,97.6,97.6,4114,3810,4203,4000,3500,4766,4203,4000,3500,4766
2017,National University of Singapore,School of Design & Environment,Bachelor of Arts (Architecture) #,4300,91.3,86.4,4037,4000,4079,4000,3780,4300,4079,4000,3780,4300
2017,National University of Singapore,School of Design & Environment,Bachelor of Arts (Industrial Design),4301,93.3,60,3034,2890,3079,2920,2600,3200,3079,2920,2600,3200
2017,National University of Singapore,School of Design & Environment,Bachelor of Science (Project and Facilities Management),4302,90.8,81.7,3105,3000,3162,3000,2900,3300,3162,3000,2900,3300
2017,National University of Singapore,School of Design & Environment,Bachelor of Science (Real Estate),4303,93.8,88.7,3090,3000,3168,3000,2800,3300,3168,3000,2800,3300
2017,National University of Singapore,Yong Loo Lin School (Medicine),Bachelor of Medicine And Bachelor Of Surgery #,4304,100,100,4367,4500,4882,5000,4500,5305,4882,5000,4500,5305
2017,National University of Singapore,Yong Loo Lin School (Medicine),Bachelor of Science (Nursing),4305,97.4,97.4,3165,3200,3328,3400,3200,3450,3328,3400,3200,3450
2017,National University of Singapore,Yong Loo Lin School (Medicine),Bachelor of Science (Nursing) (Hons),4306,91.8,89.8,3280,3300,3462,3500,3300,3650,3462,3500,3300,3650
2017,National University of Singapore,YST Conservatory Of Music,Bachelor of Music,4307,73.3,26.7,2298,2025,2500,2225,2050,2950,2500,2225,2050,2950
2017,National University of Singapore,Yale-NUS College,Bachelor of Arts with Honours,4308,93.5,76.6,3812,3500,3956,3500,3075,4000,3956,3500,3075,4000
2017,National University of Singapore,Yale-NUS College,Bachelor of Science with Honours,4309,91.7,75,4362,4083,4362,4083,3600,4875,4362,4083,3600,4875
2017,National University of Singapore,Multi-Disciplinary Programmes,Bachelor of Engineering (Computer Engineering),4310,89.4,84.7,4010,3600,4131,3900,3588,4500,4131,3900,3588,4500
2017,National University of Singapore,Multi-Disciplinary Programmes,Bachelor of Environmental Studies,4311,88.7,62.3,3297,3200,3419,3300,3000,3600,3419,3300,3000,3600
2017,Singapore Management University,School of Accountancy (4-years programme) *,Accountancy,4312,98,96.6,3569,3000,3646,3000,2920,3600,3646,3000,2920,3600
2017,Singapore Management University,School of Accountancy (4-years programme) *,Accountancy Cum Laude and above,4313,97.8,97.8,4037,3200,4089,3200,3000,4645,4089,3200,3000,4645
2017,Singapore Management University,School of Business (4-years programme) *,Business Management,4314,93.3,85.7,3862,3475,3995,3500,3050,4362,3995,3500,3050,4362
2017,Singapore Management University,School of Business (4-years programme) *,Business Management Cum Laude and above,4315,95.8,92,4364,3880,4504,4000,3300,5000,4504,4000,3300,5000
2017,Singapore Management University,School of Economics (4-years programme) *,Economics,4316,91.3,82.6,4013,3600,4143,3700,3300,4583,4143,3700,3300,4583
2017,Singapore Management University,School of Economics (4-years programme) *,Economics Cum Laude and above,4317,93.2,90.5,4591,4000,4737,4100,3600,5113,4737,4100,3600,5113
2017,Singapore Management University,School of Information Systems (4-years programme) *,Information Systems Management,4318,95.1,91.3,3922,3905,4014,4000,3550,4500,4014,4000,3550,4500
2017,Singapore Management University,School of Information Systems (4-years programme) *,Information Systems Management Cum Laude and above,4319,96.1,94.1,4211,4334,4305,4334,4000,4750,4305,4334,4000,4750
2017,Singapore Management University,School of Social Sciences (4-years programme) *,Social Sciences,4320,91.3,78,3344,3250,3493,3300,3000,3750,3493,3300,3000,3750
2017,Singapore Management University,School of Social Sciences (4-years programme) *,Social Sciences Cum Laude and above,4321,87.9,81.8,3810,3600,3938,3630,3300,4000,3938,3630,3300,4000
2017,Singapore Management University,School of Law (4-years programme) *,Law #,4322,97.6,94,4778,4500,4941,5000,4000,5840,4941,5000,4000,5840
2017,Singapore Management University,School of Law (4-years programme) *,Law Cum Laude and above #,4323,97.9,97.9,5163,5450,5287,5600,4200,6000,5287,5600,4200,6000
2017,Singapore Institute of Technology,DigiPen Institute of Technology,Bachelor of Arts in Game Design ^,4324,96.2,92.3,3040,3000,3067,3000,2800,3200,3067,3000,2800,3200
2017,Singapore Institute of Technology,DigiPen Institute of Technology,Bachelor of Fine Arts in Digital Arts & Animation ^,4325,88.5,69.2,2859,2825,2876,2875,2700,3000,2876,2875,2700,3000
2017,Singapore Institute of Technology,DigiPen Institute of Technology,Bachelor of Science in Computer Science & Game Design ^,4326,100,100,3232,3250,3291,3250,2900,3600,3291,3250,2900,3600
2017,Singapore Institute of Technology,DigiPen Institute of Technology,Bachelor of Science in Computer Science in Real-Time Interactive Simulation,4327,96.9,90.6,3898,3800,3904,3800,3558,4140,3904,3800,3558,4140
2017,Singapore Institute of Technology,The Glasgow School of Art,Bachelor of Arts with Honours in Communication Design,4328,90.7,68.5,2819,2600,2949,2700,2500,3200,2949,2700,2500,3200
2017,Singapore Institute of Technology,The Glasgow School of Art,Bachelor of Arts with Honours in Interior Design,4329,92.3,87.2,2818,2700,2841,2700,2500,3000,2841,2700,2500,3000
2017,Singapore Institute of Technology,Newcastle University,Bachelor of Engineering with Honours in Chemical Engineering,4330,77.3,62.1,3061,3100,3290,3255,2975,3600,3290,3255,2975,3600
2017,Singapore Institute of Technology,Newcastle University,Bachelor of Engineering with Honours in Electrical Power Engineering,4331,94.4,88.9,3191,3200,3269,3200,3000,3450,3269,3200,3000,3450
2017,Singapore Institute of Technology,Newcastle University,Bachelor of Engineering with Honours in Marine Engineering ^,4332,96.2,88.5,3461,3300,3541,3500,3000,4000,3541,3500,3000,4000
2017,Singapore Institute of Technology,Newcastle University,Bachelor of Engineering with Honours in Mechanical Design & Manufacturing Engineering,4333,90.5,85.7,3063,3000,3145,3000,2800,3350,3145,3000,2800,3350
2017,Singapore Institute of Technology,Newcastle University,Bachelor of Engineering with Honours in Naval Architecture ^,4334,95.5,95.5,3451,3300,3537,3300,3200,3500,3537,3300,3200,3500
2017,Singapore Institute of Technology,Newcastle University,Bachelor of Engineering with Honours in Offshore Engineering ^,4335,100,86.7,3792,3300,3866,3300,3300,3950,3866,3300,3300,3950
2017,Singapore Institute of Technology,Newcastle University,Bachelor of Science with Honours in Food & Human Nutrition,4336,97.7,79.1,2784,2600,2980,2700,2475,3200,2980,2700,2475,3200
2017,Singapore Institute of Technology,Technische Universität München,Bachelor of Science in Chemical Engineering,4337,84.5,74.1,3061,3000,3301,3200,3000,3375,3301,3200,3000,3375
2017,Singapore Institute of Technology,Technische Universität München,Bachelor of Science in Electrical Engineering & Information Technology,4338,82.8,82.8,3504,3175,3591,3400,3000,4000,3591,3400,3000,4000
2017,Singapore Institute of Technology,The Culinary Institute of America,Bachelor of Professional Studies in Culinary Arts Management,4339,87.9,54.5,2357,2300,2598,2300,2200,3259,2598,2300,2200,3259
2017,Singapore Institute of Technology,Singapore Institute of Technology -Trinity College Dublin / Trinity College Dublin,Bachelor in Science (Diagnostic Radiography) **,4340,na,na,na,na,na,na,na,na,na,na,na,na
2017,Singapore Institute of Technology,Singapore Institute of Technology -Trinity College Dublin / Trinity College Dublin,Bachelor in Science (Occupational Therapy),4341,100,97.1,3217,3250,3258,3300,3020,3450,3258,3300,3020,3450
2017,Singapore Institute of Technology,Singapore Institute of Technology -Trinity College Dublin / Trinity College Dublin,Bachelor in Science (Physiotherapy),4342,100,96.8,3483,3350,3489,3400,3300,3500,3489,3400,3300,3500
2017,Singapore Institute of Technology,Singapore Institute of Technology -Trinity College Dublin / Trinity College Dublin,Bachelor in Science (Radiation Therapy) **,4343,na,na,na,na,na,na,na,na,na,na,na,na
2017,Singapore Institute of Technology,University of Glasgow,Bachelor of Engineering with Honours in Aeronautical Engineering,4344,81.3,65.6,3367,3100,3481,3200,2950,3700,3481,3200,2950,3700
2017,Singapore Institute of Technology,University of Glasgow,Bachelor of Engineering with Honours in Aerospace Systems,4345,80,52.5,3207,3125,3280,3125,2625,3650,3280,3125,2625,3650
2017,Singapore Institute of Technology,University of Glasgow,Bachelor of Engineering with Honours in Mechanical Design Engineering,4346,96.6,87.9,3608,3100,3670,3200,3000,3700,3670,3200,3000,3700
2017,Singapore Institute of Technology,University of Glasgow,Bachelor of Engineering with Honours in Mechatronics,4347,94.6,86.5,3412,3050,3595,3400,3000,4000,3595,3400,3000,4000
2017,Singapore Institute of Technology,University of Glasgow,Bachelor of Science with Honours in Computing Science,4348,95.8,85.9,3633,3600,3724,3600,3300,4200,3724,3600,3300,4200
2017,Singapore Institute of Technology,University of Manchester,Bachelor of Science with Honours in Nursing Practice,4349,98.2,96.5,3507,3400,3741,3650,3600,3900,3741,3650,3600,3900
2017,Singapore Institute of Technology,University of Liverpool,Bachelor of Arts with Honours in Criminology and Security,4350,86.4,69.5,3759,3800,3825,3800,3050,4160,3825,3800,3050,4160
2017,Singapore Institute of Technology,Wheelock College,Bachelor of Science in Early Childhood Education,4351,96.4,92.9,2883,2900,2890,2900,2800,3000,2890,2900,2800,3000
2017,Singapore Institute of Technology,Singapore Institute of Technology,Bachelor of Accountancy with Honours,4352,94.1,92.1,3073,3050,3113,3088,2975,3250,3113,3088,2975,3250
2017,Singapore Institute of Technology,Singapore Institute of Technology,Bachelor of Hospitality Business with Honours ^,4353,94.7,84.2,2713,2700,2829,2800,2500,3100,2829,2800,2500,3100
2017,Singapore University of Technology and Design,na,Bachelor of Engineering (Engineering Product Development),4354,89.9,87.3,3594,3600,3638,3600,3450,3800,3638,3600,3450,3800
2017,Singapore University of Technology and Design,na,Bachelor of Engineering (Information Systems Technology and Design),4355,100,100,4146,4000,4175,4023,3600,4900,4175,4023,3600,4900
2017,Singapore University of Technology and Design,na,Bachelor of Engineering (Engineering Systems and Design),4356,91.7,85.4,3856,3800,3956,3850,3600,4210,3956,3850,3600,4210
2017,Singapore University of Technology and Design,na,Bachelor of Science (Architecture and Sustainable Design) ###,4357,na,na,na,na,na,na,na,na,na,na,na,na
2018,Nanyang Technological University,College of Business (Nanyang Business School),Accountancy,4358,94.6,92.2,3214,3000,3245,3000,3000,3200,3245,3000,3000,3200
2018,Nanyang Technological University,College of Business (Nanyang Business School),Accountancy and Business,4359,99.2,97.7,4391,4000,4456,4000,3600,4633,4456,4000,3600,4633
2018,Nanyang Technological University,College of Business (Nanyang Business School),Business,4360,92.6,84.3,3646,3500,3776,3500,3200,4000,3776,3500,3200,4000
2018,Nanyang Technological University,College of Business (Nanyang Business School),Business and Computing ^,4361,100,100,4536,4450,4572,4575,4200,4900,4572,4575,4200,4900
2018,Nanyang Technological University,College of Engineering,Aerospace Engineering,4362,95.3,88.4,3710,3625,3873,3800,3365,4280,3873,3800,3365,4280
2018,Nanyang Technological University,College of Engineering,Aerospace Engineering and Economics **,4363,na,na,na,na,na,na,na,na,na,na,na,na
2018,Nanyang Technological University,College of Engineering,Bioengineering,4364,77.5,66.2,3457,3500,3660,3500,3200,4000,3660,3500,3200,4000
2018,Nanyang Technological University,College of Engineering,Business and Computer Engineering **,4365,na,na,na,na,na,na,na,na,na,na,na,na
2018,Nanyang Technological University,College of Engineering,Chemical & Biomolecular Engineering,4366,91.6,86,3461,3500,3782,3600,3300,4200,3782,3600,3300,4200
2018,Nanyang Technological University,College of Engineering,Chemical & Biomolecular Engineering and Economics **,4367,na,na,na,na,na,na,na,na,na,na,na,na
2018,Nanyang Technological University,College of Engineering,Civil Engineering,4368,96.5,96.5,3521,3400,3597,3500,3200,3816,3597,3500,3200,3816
2018,Nanyang Technological University,College of Engineering,Computer Engineering,4369,95.8,95.8,3749,3700,3865,3775,3400,4200,3865,3775,3400,4200
2018,Nanyang Technological University,College of Engineering,Computer Engineering and Economics **,4370,na,na,na,na,na,na,na,na,na,na,na,na
2018,Nanyang Technological University,College of Engineering,Computer Science,4371,94.4,93,3970,3800,4062,4000,3500,4500,4062,4000,3500,4500
2018,Nanyang Technological University,College of Engineering,Electrical & Electronic Engineering,4372,92.7,91,3625,3500,3772,3600,3323,4000,3772,3600,3323,4000
2018,Nanyang Technological University,College of Engineering,Environmental Engineering,4373,92.1,81.6,3388,3360,3485,3400,3000,3500,3485,3400,3000,3500
2018,Nanyang Technological University,College of Engineering,Environmental Engineering and Economics **,4374,na,na,na,na,na,na,na,na,na,na,na,na
2018,Nanyang Technological University,College of Engineering,Information Engineering & Media,4375,93.2,89,3724,3725,3800,3750,3500,4140,3800,3750,3500,4140
2018,Nanyang Technological University,College of Engineering,Maritime Studies,4376,93.3,90,3351,3300,3409,3350,3000,3640,3409,3350,3000,3640
2018,Nanyang Technological University,College of Engineering,Materials Engineering,4377,86.5,81.9,3457,3400,3650,3500,3200,4000,3650,3500,3200,4000
2018,Nanyang Technological University,College of Engineering,Mechanical Engineering,4378,85.6,81.1,3448,3500,3653,3500,3200,4000,3653,3500,3200,4000
2018,Nanyang Technological University,"College of Humanities, Arts & Social Sciences","Art, Design & Media",4379,85.7,53.8,2930,2800,2986,3000,2600,3300,2986,3000,2600,3300
2018,Nanyang Technological University,"College of Humanities, Arts & Social Sciences",Chinese,4380,86.4,76.3,3149,3150,3260,3500,3000,3518,3260,3500,3000,3518
2018,Nanyang Technological University,"College of Humanities, Arts & Social Sciences",Communication Studies,4381,95,84.2,3085,3000,3166,3000,2750,3500,3166,3000,2750,3500
2018,Nanyang Technological University,"College of Humanities, Arts & Social Sciences",Economics,4382,90.1,84,3604,3500,3755,3536,3200,3959,3755,3536,3200,3959
2018,Nanyang Technological University,"College of Humanities, Arts & Social Sciences",English,4383,81.6,59.2,3051,3000,3124,3000,2600,3500,3124,3000,2600,3500
2018,Nanyang Technological University,"College of Humanities, Arts & Social Sciences",History,4384,74.4,56.4,3593,3500,3719,3500,3260,4150,3719,3500,3260,4150
2018,Nanyang Technological University,"College of Humanities, Arts & Social Sciences",Linguistics & Multilingual Studies,4385,79.2,45.8,3074,3200,3091,3200,2900,3500,3091,3200,2900,3500
2018,Nanyang Technological University,"College of Humanities, Arts & Social Sciences",Philosophy,4386,80,76,3031,3000,3126,3000,2550,3500,3126,3000,2550,3500
2018,Nanyang Technological University,"College of Humanities, Arts & Social Sciences",Psychology,4387,90.1,78,3316,3300,3355,3370,3000,3684,3355,3370,3000,3684
2018,Nanyang Technological University,"College of Humanities, Arts & Social Sciences",Public Policy and Global Affairs,4388,80.6,71,3501,3350,3619,3350,3050,4018,3619,3350,3050,4018
2018,Nanyang Technological University,"College of Humanities, Arts & Social Sciences",Sociology,4389,80.2,60.4,3275,3175,3374,3220,3000,3841,3374,3220,3000,3841
2018,Nanyang Technological University,College of Sciences,Biological Sciences,4390,80.1,67,3232,3200,3319,3250,3035,3650,3319,3250,3035,3650
2018,Nanyang Technological University,College of Sciences,Biomedical Sciences **,4391,na,na,na,na,na,na,na,na,na,na,na,na
2018,Nanyang Technological University,College of Sciences,Biomedical Sciences & Chinese Medicine # ^,4392,90.9,81.8,2941,3000,2953,3000,2700,3100,2953,3000,2700,3100
2018,Nanyang Technological University,College of Sciences,Chemistry & Biological Chemistry,4393,77.6,63.9,3205,3167,3427,3200,3000,3725,3427,3200,3000,3725
2018,Nanyang Technological University,College of Sciences,Environmental Earth Systems Sciences ^,4394,76.2,57.1,3347,3440,3389,3440,3150,3900,3389,3440,3150,3900
2018,Nanyang Technological University,College of Sciences,Mathematical Sciences,4395,87.1,75.9,3661,3600,3744,3650,3360,4000,3744,3650,3360,4000
2018,Nanyang Technological University,College of Sciences,Mathematics & Economics,4396,96.3,83.3,3481,3500,3569,3600,3200,4000,3569,3600,3200,4000
2018,Nanyang Technological University,College of Sciences,Physics & Applied Physics,4397,80.2,74.1,3468,3300,3576,3400,3025,3800,3576,3400,3025,3800
2018,Nanyang Technological University,National Institute of Education (NIE),Arts (With Education),4398,100,99.2,3618,3750,3751,3800,3600,3806,3751,3800,3600,3806
2018,Nanyang Technological University,National Institute of Education (NIE),Science (With Education),4399,100,100,3600,3800,3738,3800,3600,4000,3738,3800,3600,4000
2018,Nanyang Technological University,Sports Science and Management,Sport Science and Management,4400,87,61.1,3172,3200,3382,3300,3000,3600,3382,3300,3000,3600
2018,Nanyang Technological University,Lee Kong Chian School of Medicine,Medicine ##,4401,na,na,na,na,na,na,na,na,na,na,na,na
2018,National University of Singapore,Faculty of Arts & Social Sciences,Bachelor of Arts,4402,83.7,56.6,3169,3070,3322,3200,2800,3600,3322,3200,2800,3600
2018,National University of Singapore,Faculty of Arts & Social Sciences,Bachelor of Arts (Hons),4403,87.5,60.8,3290,3300,3377,3300,3000,3600,3377,3300,3000,3600
2018,Singapore University of Social Sciences,School of Business,Bachelor of Accountancy,4404,98.7,97.5,2858,2850,2879,3000,2700,3000,2879,3000,2700,3000
2018,National University of Singapore,Faculty of Arts & Social Sciences,Bachelor of Social Sciences,4405,88.2,74.5,3459,3400,3526,3400,3200,3800,3526,3400,3200,3800
2018,National University of Singapore,Faculty of Dentistry,Bachelor of Dental Surgery,4406,100,100,4148,4050,4228,4050,4000,4450,4228,4050,4000,4450
2018,National University of Singapore,Faculty of Engineering,Bachelor of Engineering (Biomedical Engineering),4407,79.4,69.8,3357,3300,3444,3389,3280,3650,3444,3389,3280,3650
2018,National University of Singapore,Faculty of Engineering,Bachelor of Engineering (Chemical Engineering),4408,89.9,84.1,3768,3700,4050,4000,3500,4300,4050,4000,3500,4300
2018,National University of Singapore,Faculty of Engineering,Bachelor of Engineering (Civil Engineering),4409,91.8,89.8,3520,3500,3627,3500,3300,3900,3627,3500,3300,3900
2018,National University of Singapore,Faculty of Engineering,Bachelor of Engineering (Electrical Engineering),4410,91,83.4,3712,3600,3982,3700,3400,4546,3982,3700,3400,4546
2018,National University of Singapore,Faculty of Engineering,Bachelor of Engineering (Engineering Science) **,4411,na,na,na,na,na,na,na,na,na,na,na,na
2018,National University of Singapore,Faculty of Engineering,Bachelor of Engineering (Environmental Engineering),4412,88.9,74.6,3411,3300,3518,3400,3000,3868,3518,3400,3000,3868
2018,National University of Singapore,Faculty of Engineering,Bachelor of Engineering (Industrial and Systems Engineering),4413,91.5,87.8,3889,3800,4051,3895,3600,4500,4051,3895,3600,4500
2018,National University of Singapore,Faculty of Engineering,Bachelor of Engineering (Materials Science and Engineering),4414,88.6,86.4,3550,3600,3794,3600,3500,4305,3794,3600,3500,4305
2018,National University of Singapore,Faculty of Engineering,Bachelor of Engineering (Mechanical Engineering),4415,92.8,86.9,3684,3500,3877,3700,3300,4100,3877,3700,3300,4100
2018,National University of Singapore,Faculty of Law,Bachelor of Laws #,4416,97.3,92.6,5070,5000,5263,5500,4500,5840,5263,5500,4500,5840
2018,National University of Singapore,Faculty of Science,Bachelor of Science,4417,81.6,47.2,3146,3000,3289,3100,2900,3850,3289,3100,2900,3850
2018,National University of Singapore,Faculty of Science,Bachelor of Science (Hons),4418,87.3,72.8,3371,3300,3460,3400,3000,3725,3460,3400,3000,3725
2018,National University of Singapore,Faculty of Science,Bachelor of Science (Computational Biology) **,4419,na,na,na,na,na,na,na,na,na,na,na,na
2018,National University of Singapore,Faculty of Science,Bachelor of Science (Pharmacy) #,4420,96.6,93.2,3549,3500,3723,3650,3500,3900,3723,3650,3500,3900
2018,National University of Singapore,NUS Business School,Bachelor of Business Administration,4421,95.7,84.8,3633,3150,3732,3225,3000,3750,3732,3225,3000,3750
2018,National University of Singapore,NUS Business School,Bachelor of Business Administration (Hons),4422,96.6,90.9,4286,3800,4424,3895,3300,4748,4424,3895,3300,4748
2018,National University of Singapore,NUS Business School,Bachelor of Business Administration (Accountancy) ^,4423,95.2,95.2,3209,3000,3522,3020,2700,3500,3522,3020,2700,3500
2018,National University of Singapore,NUS Business School,Bachelor of Business Administration (Accountancy) (Hons),4424,97.6,95.3,3643,3100,3683,3200,3000,4000,3683,3200,3000,4000
2018,National University of Singapore,School of Computing,Bachelor of Computing (Communications and Media) **,4425,na,na,na,na,na,na,na,na,na,na,na,na
2018,National University of Singapore,School of Computing,Bachelor of Computing (Computational Biology) **,4426,na,na,na,na,na,na,na,na,na,na,na,na
2018,National University of Singapore,School of Computing,Bachelor of Computing (Computer Science),4427,96.9,91.8,4577,4280,4658,4320,3900,5000,4658,4320,3900,5000
2018,National University of Singapore,School of Computing,Bachelor of Computing (Electronic Commerce) **,4428,na,na,na,na,na,na,na,na,na,na,na,na
2018,National University of Singapore,School of Computing,Bachelor of Computing (Information Security) **,4429,na,na,na,na,na,na,na,na,na,na,na,na
2018,National University of Singapore,School of Computing,Bachelor of Computing (Information Systems),4430,98.4,95.3,4338,4375,4472,4458,4000,5000,4472,4458,4000,5000
2018,National University of Singapore,School of Computing,Bachelor of Science (Business Analytics),4431,93.5,93.5,4432,4400,4499,4500,4000,5000,4499,4500,4000,5000
2018,National University of Singapore,School of Design & Environment,Bachelor of Arts (Architecture) # **,4432,na,na,na,na,na,na,na,na,na,na,na,na
2018,National University of Singapore,School of Design & Environment,Bachelor of Arts (Industrial Design),4433,87,69.6,3309,3200,3371,3250,3000,3800,3371,3250,3000,3800
2018,National University of Singapore,School of Design & Environment,Bachelor of Science (Project and Facilities Management),4434,89,84.6,3189,3040,3237,3060,3000,3300,3237,3060,3000,3300
2018,National University of Singapore,School of Design & Environment,Bachelor of Science (Real Estate),4435,91.7,85.1,3295,3300,3372,3300,3000,3600,3372,3300,3000,3600
2018,National University of Singapore,YLL School of Medicine,Bachelor of Medicine and Bachelor of Surgery # **,4436,na,na,na,na,na,na,na,na,na,na,na,na
2018,National University of Singapore,YLL School of Medicine,Bachelor of Science (Nursing),4437,94.6,94.6,3230,3250,3469,3450,3300,3500,3469,3450,3300,3500
2018,National University of Singapore,YLL School of Medicine,Bachelor of Science (Nursing) (Hons),4438,98,98,3306,3350,3546,3550,3400,3750,3546,3550,3400,3750
2018,National University of Singapore,Yong Siew Toh Conservatory of Music,Bachelor of Music,4439,81,23.8,2000,1750,2100,1800,1500,2700,2100,1800,1500,2700
2018,National University of Singapore,Yale-NUS College,Bachelor of Arts with Honours,4440,90.5,81.1,4283,3600,4381,3630,3275,4642,4381,3630,3275,4642
2018,National University of Singapore,Yale-NUS College,Bachelor of Science with Honours ^,4441,89.5,78.9,5017,4800,5136,4800,3600,6435,5136,4800,3600,6435
2018,National University of Singapore,Multidisciplinary Programmes,Bachelor of Engineering (Computer Engineering),4442,88.6,84.3,4105,3800,4188,3975,3500,4900,4188,3975,3500,4900
2018,National University of Singapore,Multidisciplinary Programmes,Bachelor of Environmental Studies,4443,84.2,55.3,3371,3414,3385,3414,3000,3600,3385,3414,3000,3600
2018,Singapore Institute of Technology,DigiPen Institute of Technology,Bachelor of Arts in Game Design ^,4444,86.7,86.7,3277,3300,3324,3300,3196,3500,3324,3300,3196,3500
2018,Singapore Institute of Technology,DigiPen Institute of Technology,Bachelor of Fine Arts in Digital Art and Animation,4445,91.2,52.9,2854,2800,2861,2800,2600,3000,2861,2800,2600,3000
2018,Singapore Institute of Technology,DigiPen Institute of Technology,Bachelor of Science in Computer Science and Game Design ^,4446,94.7,89.5,3570,3600,3576,3600,3300,4000,3576,3600,3300,4000
2018,Singapore Institute of Technology,DigiPen Institute of Technology,Bachelor of Science in Computer Science in Real-Time Interactive Simulation,4447,96.8,96.8,4031,4000,4088,4016,3830,4200,4088,4016,3830,4200
2018,Singapore Institute of Technology,Newcastle University,Bachelor of Engineering with Honours in Chemical Engineering,4448,84.6,76.9,3193,3100,3451,3300,3000,3600,3451,3300,3000,3600
2020,National University of Singapore,Yale-NUS College,Bachelor of Arts with Honours,4449,90.5,65.7,4242,3800,4370,3890,3475,5000,4370,3890,3475,5000
2018,Singapore Institute of Technology,Newcastle University,Bachelor of Engineering with Honours in Electrical Power Engineering,4450,94.5,81.8,3382,3300,3438,3343,3050,3500,3438,3343,3050,3500
2018,Singapore Institute of Technology,Newcastle University,Bachelor of Engineering with Honours in Marine Engineering,4451,97.1,94.3,3374,3250,3439,3250,3000,3600,3439,3250,3000,3600
2018,Singapore Institute of Technology,Newcastle University,Bachelor of Engineering with Honours in Mechanical Design and Manufacturing Engineering,4452,93.5,82.3,3343,3200,3484,3253,3100,3600,3484,3253,3100,3600
2018,Singapore Institute of Technology,Newcastle University,Bachelor of Engineering with Honours in Naval Architecture ^,4453,100,100,3368,3300,3479,3400,3300,3800,3479,3400,3300,3800
2018,Singapore Institute of Technology,Newcastle University,Bachelor of Engineering with Honours in Offshore Engineering ^,4454,92.3,84.6,3245,3100,3545,3510,3100,3850,3545,3510,3100,3850
2018,Singapore Institute of Technology,Newcastle University,Bachelor of Science with Honours in Food and Human Nutrition,4455,90.4,69.2,2837,2800,2895,2900,2625,3200,2895,2900,2625,3200
2018,Singapore Institute of Technology,Singapore Institute of Technology (SIT),Bachelor of Accountancy with Honours,4456,96.3,91.5,3188,3050,3216,3075,3000,3250,3216,3075,3000,3250
2018,Singapore Institute of Technology,Singapore Institute of Technology (SIT),Bachelor of Engineering with Honours in Information & Communications Technology (Information Security) ^,4457,100,100,4111,4000,4116,4045,4000,4400,4116,4045,4000,4400
2018,Singapore Institute of Technology,Singapore Institute of Technology (SIT),Bachelor of Engineering with Honours in Information & Communications Technology (Software Engineering),4458,95.7,95.7,3838,4000,3914,4000,3600,4300,3914,4000,3600,4300
2018,Singapore Institute of Technology,Singapore Institute of Technology (SIT),Bachelor of Engineering with Honours in Sustainable Infrastructure Engineering (Land),4459,98.3,96.6,3618,3456,3688,3550,3400,3800,3688,3550,3400,3800
2018,Singapore Institute of Technology,Singapore Institute of Technology (SIT),Bachelor of Hospitality Business with Honours,4460,92.1,81.6,2898,2800,2991,2825,2600,3175,2991,2825,2600,3175
2018,Singapore Institute of Technology,SIT-University of Glasgow,Bachelor of Science with Honours in Nursing,4461,95.3,90.7,3260,3350,3536,3500,3350,3800,3536,3500,3350,3800
2018,Singapore Institute of Technology,SIT-Trinity College Dublin / Trinity College Dublin,Bachelor in Science (Diagnostic Radiography) ^,4462,95.8,87.5,3476,3300,3571,3350,3300,3800,3571,3350,3300,3800
2018,Singapore Institute of Technology,SIT-Trinity College Dublin / Trinity College Dublin,Bachelor in Science (Occupational Therapy),4463,96.6,96.6,3409,3450,3431,3460,3300,3610,3431,3460,3300,3610
2018,Singapore Institute of Technology,SIT-Trinity College Dublin / Trinity College Dublin,Bachelor in Science (Physiotherapy),4464,100,100,3258,3300,3276,3300,3000,3600,3276,3300,3000,3600
2018,Singapore Institute of Technology,SIT-Trinity College Dublin / Trinity College Dublin,Bachelor in Science (Radiation Therapy) **,4465,na,na,na,na,na,na,na,na,na,na,na,na
2018,Singapore Institute of Technology,Technische Universität München,Bachelor of Science in Chemical Engineering,4466,83.7,75.5,3048,3000,3298,3200,3000,3550,3298,3200,3000,3550
2018,Singapore Institute of Technology,Technische Universität München,Bachelor of Science in Electrical Engineering & Information Technology,4467,83.3,69.4,3506,3500,3609,3500,3300,4000,3609,3500,3300,4000
2018,Singapore Institute of Technology,The Culinary Institute of America,Bachelor of Business Administration in Food Business Management,4468,86.5,64.9,2643,2530,2929,2663,2415,3300,2929,2663,2415,3300
2018,Singapore Institute of Technology,The Glasgow School of Art,Bachelor of Arts with Honours in Communication Design,4469,84.9,54.7,2818,2850,3055,2950,2550,3000,3055,2950,2550,3000
2018,Singapore Institute of Technology,The Glasgow School of Art,Bachelor of Arts with Honours in Interior Design,4470,92.3,76.9,2710,2700,2796,2775,2500,3000,2796,2775,2500,3000
2018,Singapore Institute of Technology,University of Glasgow,Bachelor of Engineering with Honours in Aeronautical Engineering,4471,78,70.7,3440,3200,3454,3200,3000,3500,3454,3200,3000,3500
2018,Singapore Institute of Technology,University of Glasgow,Bachelor of Engineering with Honours in Aerospace Systems,4472,82.4,61.8,3412,3300,3451,3380,3025,3875,3451,3380,3025,3875
2018,Singapore Institute of Technology,University of Glasgow,Bachelor of Engineering with Honours in Mechanical Design Engineering,4473,94.3,90.6,3587,3400,3718,3500,3100,4000,3718,3500,3100,4000
2018,Singapore Institute of Technology,University of Glasgow,Bachelor of Engineering with Honours in Mechatronics,4474,93.7,87.3,3633,3500,3812,3600,3275,4298,3812,3600,3275,4298
2018,Singapore Institute of Technology,University of Glasgow,Bachelor of Science with Honours in Computing Science,4475,94.7,89.3,3926,3929,3996,4000,3500,4225,3996,4000,3500,4225
2018,Singapore Institute of Technology,University of Liverpool,Bachelor of Arts with Honours in Criminology and Security,4476,91.9,74.2,3645,3500,3726,3729,3260,4100,3726,3729,3260,4100
2018,Singapore Institute of Technology,Wheelock College,Bachelor of Science in Early Childhood Education,4477,100,98.2,2897,2925,2911,2925,2800,3100,2911,2925,2800,3100
2018,Singapore Management University,School of Accountancy (4-year programme) *,Accountancy,4478,96.4,92.3,3576,3000,3607,3000,3000,3650,3607,3000,3000,3650
2018,Singapore Management University,School of Accountancy (4-year programme) *,Accountancy (Cum Laude and above),4479,96.3,95.1,4396,3450,4439,3550,3013,4773,4439,3550,3013,4773
2018,Singapore Management University,School of Business (4-year programme) *,Business Management,4480,91.6,86.5,4017,3600,4133,3700,3250,4500,4133,3700,3250,4500
2018,Singapore Management University,School of Business (4-year programme) *,Business Management (Cum Laude and above),4481,97.4,95.6,4433,4000,4544,4000,3500,4800,4544,4000,3500,4800
2018,Singapore Management University,School of Economics (4-year programme) *,Economics,4482,91.1,85.6,4017,3500,4140,3700,3200,4600,4140,3700,3200,4600
2018,Singapore Management University,School of Economics (4-year programme) *,Economics (Cum Laude and above),4483,93.4,89.5,4599,4000,4721,4000,3500,5200,4721,4000,3500,5200
2018,Singapore Management University,School of Information Systems (4-year programme) *,Information Systems,4484,93.6,89.5,4058,4000,4160,4000,3600,4600,4160,4000,3600,4600
2018,Singapore Management University,School of Information Systems (4-year programme) *,Information Systems (Cum Laude and above),4485,100,97.2,4584,4650,4659,4685,4200,5000,4659,4685,4200,5000
2018,Singapore Management University,School of Social Sciences (4-year programme) *,Social Sciences,4486,85.6,74.4,3336,3200,3409,3210,3000,3710,3409,3210,3000,3710
2018,Singapore Management University,School of Social Sciences (4-year programme) *,Social Sciences (Cum Laude and above),4487,84.2,78.9,3818,3550,3880,3600,3200,4100,3880,3600,3200,4100
2018,Singapore Management University,School of Law (4-year programme) *,Law #,4488,92.7,90.8,4704,4500,4856,4500,4050,5600,4856,4500,4050,5600
2018,Singapore Management University,School of Law (4-year programme) *,Law (Cum Laude and above) #,4489,94.4,92.6,4986,4750,5256,5513,4500,6000,5256,5513,4500,6000
2018,Singapore University of Social Sciences,School of Business,Bachelor of Science in Finance,4490,88,84,3364,3400,3393,3400,3200,3500,3393,3400,3200,3500
2018,Singapore University of Social Sciences,School of Business,Bachelor of Science in Marketing,4491,94,84,2925,3000,3023,3000,2650,3245,3023,3000,2650,3245
2018,Singapore University of Technology and Design,na,Bachelor of Engineering (Engineering Product Development),4492,94.7,86.3,3773,3700,3826,3700,3500,4000,3826,3700,3500,4000
2018,Singapore University of Technology and Design,na,Bachelor of Engineering (Information Systems Technology and Design),4493,97.3,93.3,4448,4300,4544,4400,4000,5000,4544,4400,4000,5000
2018,Singapore University of Technology and Design,na,Bachelor of Engineering (Engineering Systems and Design),4494,90,90,3798,3800,3893,3800,3600,4000,3893,3800,3600,4000
2018,Singapore University of Technology and Design,na,Bachelor of Science (Architecture and Sustainable Design),4495,95.1,88.5,3848,3900,3945,4000,3600,4215,3945,4000,3600,4215
2019,Nanyang Technological University,College of Business (Nanyang Business School),Accountancy,4496,97.5,94,3220,3000,3254,3000,3000,3200,3254,3000,3000,3200
2019,Nanyang Technological University,College of Business (Nanyang Business School),Accountancy and Business,4497,97.9,95.2,4284,4000,4359,4000,3200,4600,4359,4000,3200,4600
2019,Nanyang Technological University,College of Business (Nanyang Business School),Business,4498,93.8,83.1,3707,3500,3797,3600,3200,4000,3797,3600,3200,4000
2019,Nanyang Technological University,College of Business (Nanyang Business School),Business and Computing ^,4499,94.4,83.3,4479,4833,4562,4833,3600,5000,4562,4833,3600,5000
2019,Nanyang Technological University,College of Engineering,Aerospace Engineering,4500,87.5,80.7,3816,3700,3939,3800,3500,4600,3939,3800,3500,4600
2019,Nanyang Technological University,College of Engineering,Aerospace Engineering and Economics **,4501,na,na,na,na,na,na,na,na,na,na,na,na
2019,Nanyang Technological University,College of Engineering,Bioengineering,4502,81.3,64.1,3445,3400,3548,3500,3200,3700,3548,3500,3200,3700
2019,Nanyang Technological University,College of Engineering,Business and Computer Engineering **,4503,na,na,na,na,na,na,na,na,na,na,na,na
2019,Nanyang Technological University,College of Engineering,Chemical and Biomolecular Engineering,4504,88.6,78.1,3681,3600,3921,3800,3500,4300,3921,3800,3500,4300
2019,Nanyang Technological University,College of Engineering,Chemical and Biomolecular Engineering and Economics **,4505,na,na,na,na,na,na,na,na,na,na,na,na
2019,Nanyang Technological University,College of Engineering,Civil Engineering,4506,94.9,90.6,3525,3400,3582,3500,3300,3900,3582,3500,3300,3900
2019,Nanyang Technological University,College of Engineering,Civil Engineering and Economics **,4507,na,na,na,na,na,na,na,na,na,na,na,na
2019,Nanyang Technological University,College of Engineering,Computer Engineering,4508,94.6,94.6,3994,4000,4074,4000,3600,4500,4074,4000,3600,4500
2019,Nanyang Technological University,College of Engineering,Computer Science,4509,97.4,95.9,4270,4050,4309,4200,3800,4900,4309,4200,3800,4900
2019,Nanyang Technological University,College of Engineering,Electrical and Electronic Engineering,4510,92.6,87.1,3769,3700,3884,3700,3500,4000,3884,3700,3500,4000
2019,Nanyang Technological University,College of Engineering,Environmental Engineering,4511,83.9,77.4,3574,3500,3596,3510,3400,3800,3596,3510,3400,3800
2019,Nanyang Technological University,College of Engineering,Environmental Engineering and Economics **,4512,na,na,na,na,na,na,na,na,na,na,na,na
2019,Nanyang Technological University,College of Engineering,Information Engineering and Media,4513,90.7,85.3,3934,3970,4006,4000,3600,4350,4006,4000,3600,4350
2019,Nanyang Technological University,College of Engineering,Maritime Studies,4514,98.3,93.2,3512,3400,3669,3500,3300,3700,3669,3500,3300,3700
2019,Nanyang Technological University,College of Engineering,Materials Engineering,4515,82,76,3601,3500,3817,3600,3300,4175,3817,3600,3300,4175
2019,Nanyang Technological University,College of Engineering,Materials Engineering and Economics **,4516,na,na,na,na,na,na,na,na,na,na,na,na
2019,Nanyang Technological University,College of Engineering,Mechanical Engineering,4517,84.5,82.1,3608,3500,3728,3600,3380,4005,3728,3600,3380,4005
2019,Nanyang Technological University,College of Engineering,Mechanical Engineering and Economics **,4518,na,na,na,na,na,na,na,na,na,na,na,na
2019,Nanyang Technological University,"College of Humanities, Arts & Social Sciences","Art, Design & Media",4519,83.6,50.9,3031,3000,3068,3000,2800,3500,3068,3000,2800,3500
2019,Nanyang Technological University,"College of Humanities, Arts & Social Sciences",Chinese,4520,90.1,79,3158,3150,3260,3210,2980,3500,3260,3210,2980,3500
2019,Nanyang Technological University,"College of Humanities, Arts & Social Sciences",Communication Studies,4521,90.4,69.4,3220,3200,3264,3200,2800,3500,3264,3200,2800,3500
2019,Nanyang Technological University,"College of Humanities, Arts & Social Sciences",Economics,4522,88.2,79.8,3385,3300,3453,3400,3050,3600,3453,3400,3050,3600
2019,Nanyang Technological University,"College of Humanities, Arts & Social Sciences",English,4523,83.8,64.9,2987,3000,2997,3000,2565,3500,2997,3000,2565,3500
2019,Nanyang Technological University,"College of Humanities, Arts & Social Sciences",History,4524,73,56.8,3449,3500,3498,3500,3200,3800,3498,3500,3200,3800
2019,Nanyang Technological University,"College of Humanities, Arts & Social Sciences",Linguistics And Multilingual Studies,4525,81.7,65,3265,3160,3365,3200,3000,3740,3365,3200,3000,3740
2019,Nanyang Technological University,"College of Humanities, Arts & Social Sciences",Philosophy ^,4526,82.6,69.6,3288,3300,3369,3500,3300,3584,3369,3500,3300,3584
2019,Nanyang Technological University,"College of Humanities, Arts & Social Sciences",Psychology,4527,89.2,73.1,3463,3350,3506,3400,3100,3800,3506,3400,3100,3800
2019,Nanyang Technological University,"College of Humanities, Arts & Social Sciences",Public Policy And Global Affairs,4528,90.2,87.8,3756,3691,3868,3850,3500,4345,3868,3850,3500,4345
2019,Nanyang Technological University,"College of Humanities, Arts & Social Sciences",Sociology,4529,86.9,70.5,3305,3200,3441,3300,3040,3600,3441,3300,3040,3600
2019,Nanyang Technological University,College of Sciences,Biological Sciences,4530,81.6,66.3,3315,3300,3450,3300,3100,3600,3450,3300,3100,3600
2019,Nanyang Technological University,College of Sciences,Biomedical Sciences & Chinese Medicine # ^,4531,95.2,85.7,2964,3000,2979,3000,2780,3200,2979,3000,2780,3200
2019,Nanyang Technological University,College of Sciences,Chemistry & Biological Chemistry,4532,80.9,66.2,3246,3200,3338,3400,3000,3600,3338,3400,3000,3600
2019,Nanyang Technological University,College of Sciences,Environmental Earth Systems Sciences ^,4533,87.5,79.2,3401,3500,3416,3500,3200,3500,3416,3500,3200,3500
2019,Nanyang Technological University,College of Sciences,Mathematical Sciences,4534,91.2,79.6,3741,3549,3848,3599,3215,4070,3848,3599,3215,4070
2019,Nanyang Technological University,College of Sciences,Mathematics & Economics,4535,93.5,84.8,3838,3570,3996,3700,3400,4167,3996,3700,3400,4167
2019,Nanyang Technological University,College of Sciences,Physics & Applied Physics,4536,90,78.6,3782,3500,3849,3500,3300,4200,3849,3500,3300,4200
2019,Nanyang Technological University,Sports Science and Management,Sports Science and Management,4537,87,55.6,3289,3200,3438,3350,3000,3660,3438,3350,3000,3660
2019,Nanyang Technological University,National Institute of Education (NIE),Arts (with Education),4538,100,100,3629,3800,3710,3800,3600,3806,3710,3800,3600,3806
2019,Nanyang Technological University,National Institute of Education (NIE),Science (with Education),4539,100,100,3719,3800,3758,3800,3660,3840,3758,3800,3660,3840
2019,Nanyang Technological University,Lee Kong Chian School of Medicine,Medicine #,4540,100,100,4932,4700,5661,5700,5200,6092,5661,5700,5200,6092
2019,National University of Singapore,Faculty of Arts & Social Sciences,Bachelor of Arts,4541,84.9,64.5,3225,3000,3456,3200,2800,3700,3456,3200,2800,3700
2019,National University of Singapore,Faculty of Arts & Social Sciences,Bachelor of Arts (Hons),4542,92.7,68.2,3421,3500,3537,3500,3250,3800,3537,3500,3250,3800
2019,National University of Singapore,Faculty of Arts & Social Sciences,Bachelor of Social Sciences,4543,88,75.9,3590,3500,3674,3500,3212,3850,3674,3500,3212,3850
2019,National University of Singapore,Faculty of Dentistry,Bachelor of Dental Surgery,4544,100,97.3,4057,4200,4068,4200,4000,4500,4068,4200,4000,4500
2019,National University of Singapore,Faculty of Engineering,Bachelor of Engineering (Biomedical Engineering),4545,80.4,68.6,3480,3500,3535,3500,3200,3800,3535,3500,3200,3800
2019,National University of Singapore,Faculty of Engineering,Bachelor of Engineering (Chemical Engineering),4546,92.4,86.7,3802,3700,3959,3950,3500,4300,3959,3950,3500,4300
2019,National University of Singapore,Faculty of Engineering,Bachelor of Engineering (Civil Engineering),4547,95,93,3685,3500,3746,3600,3400,4025,3746,3600,3400,4025
2019,National University of Singapore,Faculty of Engineering,Bachelor of Engineering (Electrical Engineering),4548,89.6,85.2,3957,3800,4101,4000,3600,4600,4101,4000,3600,4600
2019,National University of Singapore,Faculty of Engineering,Bachelor of Engineering (Engineering Science) ^,4549,84.6,84.6,4115,3500,4285,3750,3400,5200,4285,3750,3400,5200
2019,National University of Singapore,Faculty of Engineering,Bachelor of Engineering (Environmental Engineering),4550,89.5,80.7,3473,3400,3569,3400,3200,3900,3569,3400,3200,3900
2019,National University of Singapore,Faculty of Engineering,Bachelor of Engineering (Industrial and Systems Engineering),4551,97.6,96.5,4303,3850,4451,4000,3500,4600,4451,4000,3500,4600
2019,National University of Singapore,Faculty of Engineering,Bachelor of Engineering (Materials Science and Engineering),4552,78.6,76.2,3796,3700,4086,4000,3700,4600,4086,4000,3700,4600
2019,National University of Singapore,Faculty of Engineering,Bachelor of Engineering (Mechanical Engineering),4553,88.6,86.7,3745,3500,3847,3700,3400,4300,3847,3700,3400,4300
2019,National University of Singapore,Faculty of Law,Bachelor of Laws #,4554,95.7,93,5068,5000,5160,5400,4500,5800,5160,5400,4500,5800
2019,National University of Singapore,Faculty of Science,Bachelor of Science,4555,84,59.3,3181,3000,3320,3100,2900,3600,3320,3100,2900,3600
2019,National University of Singapore,Faculty of Science,Bachelor of Science (Hons) ^,4556,88.5,72.3,3510,3355,3605,3500,3100,3800,3605,3500,3100,3800
2019,National University of Singapore,Faculty of Science,Bachelor of Science (Computational Biology) **,4557,na,na,na,na,na,na,na,na,na,na,na,na
2019,National University of Singapore,Faculty of Science,Bachelor of Science (Pharmacy) #,4558,100,95.5,3648,3600,3840,3750,3500,4000,3840,3750,3500,4000
2019,National University of Singapore,NUS Business School,Bachelor of Business Administration,4559,100,82.6,4799,4000,4925,4000,3400,5500,4925,4000,3400,5500
2019,National University of Singapore,NUS Business School,Bachelor of Business Administration (Hons),4560,95.5,91,4451,4000,4593,4150,3500,5000,4593,4150,3500,5000
2019,National University of Singapore,NUS Business School,Bachelor of Business Administration (Accountancy) ^,4561,93.8,93.8,3897,3000,4005,3000,3000,3800,4005,3000,3000,3800
2019,National University of Singapore,NUS Business School,Bachelor of Business Administration (Accountancy) (Hons),4562,97.8,97.8,4008,3500,4093,3600,3000,4500,4093,3600,3000,4500
2019,National University of Singapore,School of Computing,Bachelor of Computing (Computer Science),4563,92.8,90.6,5477,5000,5571,5000,4205,5585,5571,5000,4205,5585
2019,National University of Singapore,School of Computing,Bachelor of Computing (Electronic Commerce) **,4564,na,na,na,na,na,na,na,na,na,na,na,na
2019,National University of Singapore,School of Computing,Bachelor of Computing (Information Security) **,4565,na,na,na,na,na,na,na,na,na,na,na,na
2019,National University of Singapore,School of Computing,Bachelor of Computing (Information Systems),4566,95.9,95.9,4210,4000,4330,4228,4000,4685,4330,4228,4000,4685
2019,National University of Singapore,School of Computing,Bachelor of Science (Business Analytics),4567,100,100,4811,5000,4881,5000,4050,5200,4881,5000,4050,5200
2019,National University of Singapore,School of Design & Environment,Bachelor of Arts (Architecture) #,4568,100,96,4156,4010,4199,4100,3800,4500,4199,4100,3800,4500
2019,National University of Singapore,School of Design & Environment,Bachelor of Arts (Industrial Design) ^,4569,86.2,48.3,3142,3200,3245,3300,3000,3500,3245,3300,3000,3500
2019,National University of Singapore,School of Design & Environment,Bachelor of Science (Project and Facilities Management),4570,88.3,80.6,3189,3100,3243,3155,3000,3480,3243,3155,3000,3480
2019,National University of Singapore,School of Design & Environment,Bachelor of Science (Real Estate),4571,95.3,89.6,3431,3400,3494,3400,3100,3650,3494,3400,3100,3650
2019,National University of Singapore,Yong Loo Lin School (Medicine),Bachelor of Medicine and Bachelor of Surgery #,4572,99.5,99.5,4607,4600,5218,5237,4950,5657,5218,5237,4950,5657
2019,National University of Singapore,Yong Loo Lin School (Medicine),Bachelor of Science (Nursing),4573,93.5,89.1,3123,3250,3314,3358,3200,3450,3314,3358,3200,3450
2019,National University of Singapore,Yong Loo Lin School (Medicine),Bachelor of Science (Nursing) (Hons),4574,98.8,97.5,3389,3450,3612,3650,3515,3750,3612,3650,3515,3750
2019,National University of Singapore,YST Conservatory of Music,Bachelor of Music,4575,82.6,39.1,3531,3500,3575,3500,2875,3900,3575,3500,2875,3900
2019,National University of Singapore,Yale-NUS College,Bachelor of Arts with Honours,4576,96,77,4066,3600,4197,3684,3400,4567,4197,3684,3400,4567
2019,National University of Singapore,Yale-NUS College,Bachelor of Science with Honours ^,4577,94.7,89.5,6962,5000,7139,5000,4150,9967,7139,5000,4150,9967
2019,National University of Singapore,Multi-Disciplinary Programmes,Bachelor of Engineering (Computer Engineering),4578,92.9,91.7,4653,4000,4732,4000,3750,4900,4732,4000,3750,4900
2019,National University of Singapore,Multi-Disciplinary Programmes,Bachelor of Environmental Studies,4579,88.4,67.4,3329,3300,3332,3325,3000,3600,3332,3325,3000,3600
2019,Singapore Institute of Technology,DigiPen Institute of Technology,Bachelor of Arts in Game Design ^,4580,83.3,79.2,3122,3120,3167,3220,3000,3500,3167,3220,3000,3500
2019,Singapore Institute of Technology,DigiPen Institute of Technology,Bachelor of Fine Arts in Digital Art and Animation,4581,81.3,50,3036,3150,3051,3150,2750,3275,3051,3150,2750,3275
2019,Singapore Institute of Technology,DigiPen Institute of Technology,Bachelor of Science in Computer Science and Game Design ^,4582,91.3,87,3760,3800,3791,3800,3550,4000,3791,3800,3550,4000
2019,Singapore Institute of Technology,DigiPen Institute of Technology,Bachelor of Science in Computer Science in Real-Time Interactive Simulation,4583,100,94.9,4447,4400,4474,4400,4000,5200,4474,4400,4000,5200
2019,Singapore Institute of Technology,Singapore Institute of Technology (SIT),Bachelor of Accountancy with Honours,4584,93.7,89.2,3181,3100,3239,3100,3000,3250,3239,3100,3000,3250
2019,Singapore Institute of Technology,Singapore Institute of Technology (SIT),Bachelor of Engineering with Honours in Information & Communications Technology (Information Security),4585,97.5,95,4171,4000,4319,4100,3900,5000,4319,4100,3900,5000
2019,Singapore Institute of Technology,Singapore Institute of Technology (SIT),Bachelor of Engineering with Honours in Information & Communications Technology (Software Engineering),4586,100,97.4,4090,4034,4188,4190,3600,4550,4188,4190,3600,4550
2019,Singapore Institute of Technology,Singapore Institute of Technology (SIT),Bachelor of Engineering with Honours in Pharmaceutical Engineering,4587,92.2,90.6,3237,3162,3748,3660,3500,4044,3748,3660,3500,4044
2019,Singapore Institute of Technology,Singapore Institute of Technology (SIT),Bachelor of Engineering with Honours in Sustainable Infrastructure Engineering (Building Services),4588,92.5,92.5,3433,3360,3484,3500,3200,3700,3484,3500,3200,3700
2019,Singapore Institute of Technology,Singapore Institute of Technology (SIT),Bachelor of Engineering with Honours in Sustainable Infrastructure Engineering (Land),4589,93.8,90.6,3856,3800,3976,3842,3700,4210,3976,3842,3700,4210
2019,Singapore Institute of Technology,Singapore Institute of Technology (SIT),Bachelor of Engineering with Honours in Telematics (Intelligent Transportation Systems Engineering),4590,100,97,3777,3750,3811,3750,3500,4000,3811,3750,3500,4000
2019,Singapore Institute of Technology,Singapore Institute of Technology (SIT),Bachelor of Hospitality Business with Honours,4591,89.1,74.6,2972,2800,3102,3000,2800,3270,3102,3000,2800,3270
2019,Singapore Institute of Technology,SIT-DigiPen Institute of Technology,Bachelor of Engineering in Systems Engineering (ElectroMechanical Systems) ^,4592,95.2,90.5,3931,3921,4024,3975,3500,4470,4024,3975,3500,4470
2019,Singapore Institute of Technology,SIT-Massey University,Bachelor of Food Technology with Honours,4593,93,88.4,2962,2975,2978,2975,2750,3250,2978,2975,2750,3250
2019,Singapore Institute of Technology,SIT-Newcastle University,Bachelor of Engineering with Honours in Chemical Engineering,4594,82.2,73.3,3217,3200,3463,3500,3200,3600,3463,3500,3200,3600
2019,Singapore Institute of Technology,SIT-Newcastle University,Bachelor of Engineering with Honours in Electrical Power Engineering ^,4595,91.3,82.6,3489,3400,3542,3500,3250,3600,3542,3500,3250,3600
2019,Singapore Institute of Technology,SIT-Newcastle University,Bachelor of Engineering with Honours in Marine Engineering ^,4596,100,100,3318,3300,3393,3300,3200,3521,3393,3300,3200,3521
2019,Singapore Institute of Technology,SIT-Newcastle University,Bachelor of Engineering with Honours in Mechanical Design and Manufacturing Engineering ^,4597,80,66.7,3227,3100,3269,3100,3050,3500,3269,3100,3050,3500
2019,Singapore Institute of Technology,SIT-Newcastle University,Bachelor of Engineering with Honours in Naval Architecture **,4598,na,na,na,na,na,na,na,na,na,na,na,na
2019,Singapore Institute of Technology,SIT-Newcastle University,Bachelor of Engineering with Honours in Offshore Engineering **,4599,na,na,na,na,na,na,na,na,na,na,na,na
2019,Singapore Institute of Technology,SIT-Trinity College Dublin / Trinity College Dublin,Bachelor in Science (Diagnostic Radiography) **,4600,na,na,na,na,na,na,na,na,na,na,na,na
2019,Singapore Institute of Technology,SIT-Trinity College Dublin / Trinity College Dublin,Bachelor in Science (Occupational Therapy),4601,100,100,3429,3400,3466,3425,3308,3650,3466,3425,3308,3650
2019,Singapore Institute of Technology,SIT-Trinity College Dublin / Trinity College Dublin,Bachelor in Science (Physiotherapy),4602,98.3,98.3,3479,3400,3498,3400,3400,3620,3498,3400,3400,3620
2019,Singapore Institute of Technology,SIT-Trinity College Dublin / Trinity College Dublin,Bachelor in Science (Radiation Therapy) **,4603,na,na,na,na,na,na,na,na,na,na,na,na
2019,Singapore Institute of Technology,SIT-University of Glasgow,Bachelor of Science with Honours in Nursing,4604,100,95.8,3522,3500,3772,3800,3450,4085,3772,3800,3450,4085
2019,Singapore Institute of Technology,Technische Universität München,Bachelor of Science in Chemical Engineering,4605,81.8,77.3,3213,3100,3471,3300,3110,3600,3471,3300,3110,3600
2019,Singapore Institute of Technology,Technische Universität München,Bachelor of Science in Electrical Engineering & Information Technology **,4606,na,na,na,na,na,na,na,na,na,na,na,na
2019,Singapore Institute of Technology,The Culinary Institute of America,Bachelor of Business Administration in Food Business Management ^,4607,81,61.9,2532,2350,2852,2625,2200,3350,2852,2625,2200,3350
2019,Singapore Institute of Technology,The Glasgow School of Art,Bachelor of Arts with Honours in Communication Design,4608,78.7,55.3,2724,2800,2832,2800,2450,3000,2832,2800,2450,3000
2019,Singapore Institute of Technology,The Glasgow School of Art,Bachelor of Arts with Honours in Interior Design,4609,87.1,80.6,2692,2700,2760,2700,2400,3000,2760,2700,2400,3000
2019,Singapore Institute of Technology,University of Glasgow,Bachelor of Engineering with Honours in Aeronautical Engineering,4610,77.1,64.6,3500,3500,3597,3500,3200,4000,3597,3500,3200,4000
2019,Singapore Institute of Technology,University of Glasgow,Bachelor of Engineering with Honours in Aerospace Systems,4611,82.4,67.6,3863,3550,3993,3700,3400,4600,3993,3700,3400,4600
2019,Singapore Institute of Technology,University of Glasgow,Bachelor of Engineering with Honours in Mechanical Design Engineering,4612,97,93.9,3569,3500,3722,3500,3300,3800,3722,3500,3300,3800
2019,Singapore Institute of Technology,University of Glasgow,Bachelor of Engineering with Honours in Mechatronics,4613,93.2,83.1,3764,3600,3793,3600,3300,4000,3793,3600,3300,4000
2019,Singapore Institute of Technology,University of Glasgow,Bachelor of Science with Honours in Computing Science,4614,92.3,89.2,4294,4000,4366,4200,3700,5100,4366,4200,3700,5100
2019,Singapore Institute of Technology,University of Liverpool,Bachelor of Arts with Honours in Criminology and Security,4615,80.2,70.4,3647,3526,3823,3695,3400,4050,3823,3695,3400,4050
2019,Singapore Management University,School of Accountancy (4-year programme) *,Accountancy,4616,96.4,93.7,3753,3000,3802,3050,3000,4000,3802,3050,3000,4000
2019,Singapore Management University,School of Accountancy (4-year programme) *,Accountancy (Cum Laude and above),4617,97.9,97.9,4364,3500,4431,3600,3000,5000,4431,3600,3000,5000
2019,Singapore Management University,School of Business (4-year programme) *,Business Management,4618,91,84.8,4056,3600,4181,3750,3300,4600,4181,3750,3300,4600
2019,Singapore Management University,School of Business (4-year programme) *,Business Management (Cum Laude and above),4619,93,90.4,4504,4000,4614,4167,3600,5120,4614,4167,3600,5120
2019,Singapore Management University,School of Economics (4-year programme) *,Economics,4620,87.1,81.3,4042,3800,4159,3900,3500,4500,4159,3900,3500,4500
2019,Singapore Management University,School of Economics (4-year programme) *,Economics (Cum Laude and above),4621,94.2,89.9,4401,4000,4520,4038,3600,4600,4520,4038,3600,4600
2019,Singapore Management University,School of Information Systems (4-year programme) *,Information Systems,4622,95.1,90.2,4413,4166,4549,4300,4000,5000,4549,4300,4000,5000
2019,Singapore Management University,School of Information Systems (4-year programme) *,Information Systems (Cum Laude and above),4623,98,96,5029,5000,5212,5000,4300,5550,5212,5000,4300,5550
2019,Singapore Management University,School of Social Sciences (4-year programme) *,Social Sciences,4624,92.2,82.8,3523,3400,3629,3500,3065,4000,3629,3500,3065,4000
2019,Singapore Management University,School of Social Sciences (4-year programme) *,Social Sciences (Cum Laude and above),4625,92.7,90.2,3599,3500,3742,3500,3100,4070,3742,3500,3100,4070
2019,Singapore Management University,School of Law (4-year programme) *,Law #,4626,99.1,98.2,4942,4600,5064,4900,4200,5800,5064,4900,4200,5800
2019,Singapore Management University,School of Law (4-year programme) *,Law (Cum Laude and above) #,4627,98.6,97.1,5136,5000,5324,5550,4500,6000,5324,5550,4500,6000
2019,Singapore University of Social Sciences,S R Nathan School of Human Development,Bachelor of Human Resource Management,4628,87.1,74.2,2942,3000,2975,3000,2800,3300,2975,3000,2800,3300
2019,Singapore University of Social Sciences,School of Business,Bachelor of Accountancy,4629,91.1,83.3,2880,3000,2900,3000,2750,3000,2900,3000,2750,3000
2019,Singapore University of Social Sciences,School of Business,Bachelor of Science in Finance,4630,88.6,88.6,3708,3400,3722,3450,3085,3750,3722,3450,3085,3750
2019,Singapore University of Social Sciences,School of Business,Bachelor of Science in Marketing,4631,88.3,70,2993,3000,3169,3000,2800,3400,3169,3000,2800,3400
2019,Singapore University of Technology and Design,na,Bachelor of Engineering (Engineering Product Development),4632,84.2,80.2,3991,3900,4042,4000,3660,4500,4042,4000,3660,4500
2019,Singapore University of Technology and Design,na,Bachelor of Engineering (Information Systems Technology and Design),4633,88.8,85.7,4599,4400,4636,4400,3800,5000,4636,4400,3800,5000
2019,Singapore University of Technology and Design,na,Bachelor of Engineering (Engineering Systems and Design),4634,89.9,87.3,3944,3800,4082,4000,3500,4400,4082,4000,3500,4400
2019,Singapore University of Technology and Design,na,Bachelor of Science (Architecture and Sustainable Design),4635,100,91.8,3923,3897,3985,3900,3600,4100,3985,3900,3600,4100
2020,Nanyang Technological University,College of Business (Nanyang Business School),Accountancy,4636,96,88.7,3213,3000,3228,3000,3000,3100,3228,3000,3000,3100
2020,Nanyang Technological University,College of Business (Nanyang Business School),Accountancy and Business,4637,97.6,91.3,4615,4327,4704,4405,3500,5000,4704,4405,3500,5000
2020,Nanyang Technological University,College of Business (Nanyang Business School),Business,4638,95.2,66.8,3973,3750,4113,3800,3300,4429,4113,3800,3300,4429
2020,Nanyang Technological University,College of Business (Nanyang Business School),Double Degree in Business and Computer Engineering/Computing,4639,97.4,97.4,5216,5200,5537,5400,5000,5750,5537,5400,5000,5750
2020,Nanyang Technological University,College of Engineering,Aerospace Engineering,4640,91.2,75.8,4110,3980,4284,4000,3800,4945,4284,4000,3800,4945
2020,Nanyang Technological University,College of Engineering,Bioengineering,4641,89.1,43.6,3428,3400,3473,3450,3200,3800,3473,3450,3200,3800
2020,Nanyang Technological University,College of Engineering,Chemical and Biomolecular Engineering,4642,95,83,3732,3600,3948,3900,3500,4300,3948,3900,3500,4300
2020,Nanyang Technological University,College of Engineering,Civil Engineering,4643,95.7,87,3458,3400,3495,3500,3200,3800,3495,3500,3200,3800
2020,Nanyang Technological University,College of Engineering,Computer Engineering,4644,97.2,94.4,4069,4100,4136,4100,3627,4845,4136,4100,3627,4845
2020,Nanyang Technological University,College of Engineering,Computer Science,4645,92.2,86.1,4508,4250,4558,4300,3880,5000,4558,4300,3880,5000
2020,Nanyang Technological University,College of Engineering,Double Degree in Engineering and Economics ^,4646,100,94.1,4459,4450,4516,4450,3825,5050,4516,4450,3825,5050
2020,Nanyang Technological University,College of Engineering,Electrical and Electronic Engineering,4647,94.5,75.1,3925,3800,4004,3880,3500,4370,4004,3880,3500,4370
2020,Nanyang Technological University,College of Engineering,Environmental Engineering,4648,90.2,58.5,3364,3375,3444,3450,3200,3800,3444,3450,3200,3800
2020,Nanyang Technological University,College of Engineering,Information Engineering and Media,4649,96,70,4085,4000,4208,4000,3500,4500,4208,4000,3500,4500
2020,Nanyang Technological University,College of Engineering,Maritime Studies,4650,90.8,78.5,3608,3500,3646,3500,3300,3875,3646,3500,3300,3875
2020,Nanyang Technological University,College of Engineering,Materials Engineering,4651,91.5,69,3613,3600,3755,3700,3500,4000,3755,3700,3500,4000
2020,Nanyang Technological University,College of Engineering,Mechanical Engineering,4652,91.7,67.5,3861,3700,3977,3850,3500,4432,3977,3850,3500,4432
2020,Nanyang Technological University,"College of Humanities, Arts & Social Sciences","Art, Design and Media",4653,90.4,35.7,2858,2800,2925,2800,2500,3300,2925,2800,2500,3300
2020,Nanyang Technological University,"College of Humanities, Arts & Social Sciences",Chinese,4654,83.8,63.5,3251,3350,3310,3500,3000,3500,3310,3500,3000,3500
2020,Nanyang Technological University,"College of Humanities, Arts & Social Sciences",Communication Studies,4655,94.9,66.7,3378,3300,3440,3340,3000,3800,3440,3340,3000,3800
2020,Nanyang Technological University,"College of Humanities, Arts & Social Sciences",Economics,4656,91.8,63.5,3756,3700,3926,3797,3400,4050,3926,3797,3400,4050
2020,Nanyang Technological University,"College of Humanities, Arts & Social Sciences",English,4657,90.9,43.2,3507,3450,3561,3450,3128,3900,3561,3450,3128,3900
2020,Nanyang Technological University,"College of Humanities, Arts & Social Sciences",History,4658,87.2,44.7,3558,3575,3644,3650,3250,4025,3644,3650,3250,4025
2020,Nanyang Technological University,"College of Humanities, Arts & Social Sciences",Inter-Disciplinary Double Major ^,4659,95.8,50,3608,3300,3797,3854,3200,4500,3797,3854,3200,4500
2020,Nanyang Technological University,"College of Humanities, Arts & Social Sciences",Linguistics and Multilingual Studies,4660,96.6,63.8,3371,3300,3472,3350,3000,3900,3472,3350,3000,3900
2020,Nanyang Technological University,"College of Humanities, Arts & Social Sciences",Philosophy,4661,96.3,70.4,3417,3300,3580,3650,3300,3850,3580,3650,3300,3850
2020,Nanyang Technological University,"College of Humanities, Arts & Social Sciences",Psychology,4662,83.8,53.5,3315,3200,3433,3300,3100,3650,3433,3300,3100,3650
2020,Nanyang Technological University,"College of Humanities, Arts & Social Sciences",Public Policy and Global Affairs,4663,92.5,67.5,3989,3710,4043,3800,3500,4583,4043,3800,3500,4583
2020,Nanyang Technological University,"College of Humanities, Arts & Social Sciences",Sociology,4664,95.4,66.2,3529,3500,3598,3600,3300,3800,3598,3600,3300,3800
2020,Nanyang Technological University,College of Science,Biological Sciences,4665,88.9,56.7,3319,3300,3401,3325,3200,3650,3401,3325,3200,3650
2020,Nanyang Technological University,College of Science,Biomedical Sciences and Chinese Medicine # ^,4666,94.7,84.2,2950,3000,2969,3000,2800,3150,2969,3000,2800,3150
2020,Nanyang Technological University,College of Science,Chemistry and Biological Chemistry,4667,91.9,45.6,3230,3200,3345,3245,3000,3635,3345,3245,3000,3635
2020,Nanyang Technological University,College of Science,Environmental Earth Systems Sciences ^,4668,95.5,63.6,3637,3550,3657,3550,3400,3764,3657,3550,3400,3764
2020,Nanyang Technological University,College of Science,Mathematical Sciences,4669,92.4,68.9,3746,3600,3823,3656,3300,4250,3823,3656,3300,4250
2020,Nanyang Technological University,College of Science,Mathematics and Economics,4670,87.1,55.7,3849,3832,3949,3832,3500,4300,3949,3832,3500,4300
2020,Nanyang Technological University,College of Science,Physics and Applied Physics,4671,92.6,48.5,3643,3600,3719,3700,3500,3850,3719,3700,3500,3850
2020,Nanyang Technological University,Sports Science and Management,Sports Science and Management,4672,91.5,52.5,3494,3240,3661,3300,3000,4200,3661,3300,3000,4200
2020,Nanyang Technological University,National Institute of Education (NIE),Arts (with Education),4673,100,98.4,3582,3798,3682,3799,3600,3806,3682,3799,3600,3806
2020,Nanyang Technological University,National Institute of Education (NIE),Science (with Education),4674,100,100,3660,3799,3744,3800,3700,4000,3744,3800,3700,4000
2020,Nanyang Technological University,Lee Kong Chian School of Medicine,Medicine #,4675,100,100,4775,4700,5387,5250,5000,5900,5387,5250,5000,5900
2020,National University of Singapore,Faculty of Arts & Social Sciences,Bachelor of Arts,4676,90.4,39.8,3639,3100,3868,3300,2700,3600,3868,3300,2700,3600
2020,National University of Singapore,Faculty of Arts & Social Sciences,Bachelor of Arts (Hons),4677,93.1,54.2,3529,3500,3586,3500,3300,3854,3586,3500,3300,3854
2020,National University of Singapore,Faculty of Arts & Social Sciences,Bachelor of Social Sciences,4678,93.5,65.3,3597,3500,3666,3500,3345,3875,3666,3500,3345,3875
2020,National University of Singapore,Faculty of Dentistry,Bachelor of Dental Surgery,4679,100,100,4202,4200,4280,4200,4200,4600,4280,4200,4200,4600
2020,National University of Singapore,Faculty of Engineering,Bachelor of Engineering (Biomedical Engineering),4680,95.8,53.1,3500,3500,3577,3500,3300,3740,3577,3500,3300,3740
2020,National University of Singapore,Faculty of Engineering,Bachelor of Engineering (Chemical Engineering),4681,97,78.2,3955,4000,4155,4000,3700,4500,4155,4000,3700,4500
2020,National University of Singapore,Faculty of Engineering,Bachelor of Engineering (Civil Engineering),4682,95.5,86.5,3661,3500,3739,3590,3500,4050,3739,3590,3500,4050
2020,National University of Singapore,Faculty of Engineering,Bachelor of Engineering (Electrical Engineering),4683,91,75.4,4256,4000,4370,4200,3800,5000,4370,4200,3800,5000
2020,National University of Singapore,Faculty of Engineering,Bachelor of Engineering (Engineering Science) ^,4684,91.3,73.9,4499,4000,4584,4000,3765,5000,4584,4000,3765,5000
2020,National University of Singapore,Faculty of Engineering,Bachelor of Engineering (Environmental Engineering),4685,100,63.2,3473,3500,3572,3500,3250,3875,3572,3500,3250,3875
2020,National University of Singapore,Faculty of Engineering,Bachelor of Engineering (Industrial and Systems Engineering),4686,97.2,93,4236,4010,4337,4380,3700,4800,4337,4380,3700,4800
2020,National University of Singapore,Faculty of Engineering,Bachelor of Engineering (Materials Science and Engineering),4687,90.3,66.1,3795,3700,3922,3900,3600,4200,3922,3900,3600,4200
2020,National University of Singapore,Faculty of Engineering,Bachelor of Engineering (Mechanical Engineering),4688,94.2,69.6,3832,3700,3946,3800,3500,4200,3946,3800,3500,4200
2020,National University of Singapore,Faculty of Law,Bachelor of Laws #,4689,91.8,86.8,4848,4640,5009,5000,4400,5600,5009,5000,4400,5600
2020,National University of Singapore,Faculty of Science,Bachelor of Science,4690,86,42.1,3195,3000,3297,3100,3000,3650,3297,3100,3000,3650
2020,National University of Singapore,Faculty of Science,Bachelor of Science (Hons),4691,93.1,57.4,3636,3500,3723,3528,3300,4000,3723,3528,3300,4000
2020,National University of Singapore,Faculty of Science,Bachelor of Science (Computational Biology) ^,4692,80,40,4563,4525,4625,4650,4250,5000,4625,4650,4250,5000
2020,National University of Singapore,Faculty of Science,Bachelor of Science (Pharmacy) #,4693,99.3,93.7,3590,3600,3751,3700,3500,3950,3751,3700,3500,3950
2020,National University of Singapore,Faculty of Science,Bachelor of Science (Data Science and Analytics) ^,4694,100,78.3,4417,4125,4456,4125,3900,4900,4456,4125,3900,4900
2020,National University of Singapore,NUS Business School,Bachelor of Business Administration ^,4695,96.3,66.7,4910,4000,5043,4150,3300,6100,5043,4150,3300,6100
2020,National University of Singapore,NUS Business School,Bachelor of Business Administration (Hons),4696,94.9,80.7,4459,4000,4579,4000,3600,5000,4579,4000,3600,5000
2020,National University of Singapore,NUS Business School,Bachelor of Business Administration (Accountancy) ^,4697,90.9,63.6,4443,3500,4443,3500,2800,5500,4443,3500,2800,5500
2020,National University of Singapore,NUS Business School,Bachelor of Business Administration (Accountancy) (Hons),4698,96.8,92.1,3951,3400,4050,3500,3000,4425,4050,3500,3000,4425
2020,National University of Singapore,School of Computing,Bachelor of Computing (Computer Science),4699,97.1,92.6,5576,5100,5735,5243,4400,6316,5735,5243,4400,6316
2020,National University of Singapore,School of Computing,Bachelor of Computing (Information Security) ^,4700,90.9,90.9,4620,4650,4746,5000,4200,5300,4746,5000,4200,5300
2020,National University of Singapore,School of Computing,Bachelor of Computing (Information Systems),4701,98.6,93.1,4591,4495,4764,4500,4000,5400,4764,4500,4000,5400
2020,National University of Singapore,School of Computing,Bachelor of Science (Business Analytics),4702,98,84.3,4985,5000,5094,5000,4480,5800,5094,5000,4480,5800
2020,National University of Singapore,School of Design & Environment,Bachelor of Arts (Architecture),4703,94,91,3984,4000,4058,4000,3650,4300,4058,4000,3650,4300
2020,National University of Singapore,School of Design & Environment,Bachelor of Arts (Industrial Design) ^,4704,90.3,22.6,3417,3500,3417,3500,3000,3500,3417,3500,3000,3500
2020,National University of Singapore,School of Design & Environment,Bachelor of Science (Project and Facilities Management),4705,92.2,66.7,3338,3200,3400,3200,3000,3500,3400,3200,3000,3500
2020,National University of Singapore,School of Design & Environment,Bachelor of Science (Real Estate),4706,95.1,68.6,3609,3600,3682,3630,3200,4000,3682,3630,3200,4000
2020,National University of Singapore,Yong Loo Lin School (Medicine),Bachelor of Medicine and Bachelor of Surgery #,4707,100,100,4688,4700,5306,5250,5000,5800,5306,5250,5000,5800
2020,National University of Singapore,Yong Loo Lin School (Medicine),Bachelor of Science (Nursing),4708,97.4,92.2,3269,3250,3489,3500,3250,3680,3489,3500,3250,3680
2020,National University of Singapore,Yong Loo Lin School (Medicine),Bachelor of Science (Nursing) (Hons),4709,98.5,97,3371,3400,3616,3600,3500,3750,3616,3600,3500,3750
2020,National University of Singapore,YST Conservatory of Music,Bachelor of Music,4710,69.2,15.4,3163,3125,3238,3275,3125,3350,3238,3275,3125,3350
2020,National University of Singapore,Yale-NUS College,Bachelor of Science with Honours ^,4711,92.6,77.8,5615,5350,5798,5350,4225,6485,5798,5350,4225,6485
2020,National University of Singapore,Multi-Disciplinary Programmes,Bachelor of Engineering (Computer Engineering),4712,93.7,81.1,4904,5000,4977,5000,4080,5500,4977,5000,4080,5500
2020,National University of Singapore,Multi-Disciplinary Programmes,Bachelor of Environmental Studies,4713,92.9,47.6,3251,3250,3409,3250,3010,3750,3409,3250,3010,3750
2020,Singapore Institute of Technology,DigiPen Institute of Technology,Bachelor of Arts in Game Design ^,4714,100,78.6,3486,3500,3575,3500,3100,3600,3575,3500,3100,3600
2020,Singapore Institute of Technology,DigiPen Institute of Technology,Bachelor of Fine Arts in Digital Art and Animation,4715,97.1,70.6,2845,2835,2862,2887,2675,3000,2862,2887,2675,3000
2020,Singapore Institute of Technology,DigiPen Institute of Technology,Bachelor of Science in Computer Science and Game Design,4716,97.7,81.8,3960,4000,3974,4000,3500,4200,3974,4000,3500,4200
2020,Singapore Institute of Technology,DigiPen Institute of Technology,Bachelor of Science in Computer Science in Real-Time Interactive Simulation,4717,97.6,90.5,4390,4200,4399,4200,3880,4500,4399,4200,3880,4500
2020,Singapore Institute of Technology,Singapore Institute of Technology (SIT),Bachelor of Accountancy with Honours,4718,97.4,69.8,3107,3000,3120,3000,3000,3200,3120,3000,3000,3200
2020,Singapore Institute of Technology,Singapore Institute of Technology (SIT),Bachelor of Engineering with Honours in Information & Communications Technology (Information Security),4719,100,95.9,4023,4000,4237,4300,3600,4630,4237,4300,3600,4630
2020,Singapore Institute of Technology,Singapore Institute of Technology (SIT),Bachelor of Engineering with Honours in Information & Communications Technology (Software Engineering),4720,96.2,83,4275,4000,4366,4000,3600,4750,4366,4000,3600,4750
2020,Singapore Institute of Technology,Singapore Institute of Technology (SIT),Bachelor of Engineering with Honours in Pharmaceutical Engineering,4721,94.2,73.9,3329,3375,3749,3740,3400,4000,3749,3740,3400,4000
2020,Singapore Institute of Technology,Singapore Institute of Technology (SIT),Bachelor of Engineering with Honours in Sustainable Infrastructure Engineering (Building Services),4722,98.1,84.6,3585,3500,3702,3500,3375,3800,3702,3500,3375,3800
2020,Singapore Institute of Technology,Singapore Institute of Technology (SIT),Bachelor of Engineering with Honours in Sustainable Infrastructure Engineering (Land),4723,97.1,77.1,3823,3925,4203,4105,3650,4370,4203,4105,3650,4370
2020,Singapore Institute of Technology,Singapore Institute of Technology (SIT),Bachelor of Engineering with Honours in Telematics (Intelligent Transportation Systems Engineering),4724,92.9,55.4,4083,4200,4135,4200,3380,4800,4135,4200,3380,4800
2020,Singapore Institute of Technology,Singapore Institute of Technology (SIT),Bachelor of Hospitality Business with Honours,4725,89.9,47.9,3041,3000,3148,3000,2800,3400,3148,3000,2800,3400
2020,Singapore Institute of Technology,SIT- DigiPen Institute of Technology,Bachelor of Engineering with Honours in Systems Engineering (ElectroMechanical Systems),4726,95.7,82.6,4044,4090,4114,4185,3750,4250,4114,4185,3750,4250
2020,Singapore Institute of Technology,SIT- Massey University,Bachelor of Food Technology with Honours,4727,95.2,52.4,3060,3000,3084,3000,2770,3400,3084,3000,2770,3400
2020,Singapore Institute of Technology,SIT- Newcastle University,Bachelor of Engineering with Honours in Chemical Engineering,4728,95.7,47.8,3095,3000,3242,3200,3000,3500,3242,3200,3000,3500
2020,Singapore Institute of Technology,SIT- Newcastle University,Bachelor of Engineering with Honours in Electrical Power Engineering,4729,97.9,68.8,3501,3500,3603,3500,3400,3850,3603,3500,3400,3850
2020,Singapore Institute of Technology,SIT- Newcastle University,Bachelor of Engineering with Honours in Marine Engineering ^,4730,100,79.2,3774,3650,3821,3750,3300,4370,3821,3750,3300,4370
2020,Singapore Institute of Technology,SIT- Newcastle University,Bachelor of Engineering with Honours in Mechanical Design and Manufacturing Engineering,4731,94.6,57.1,3281,3300,3443,3350,3025,3925,3443,3350,3025,3925
2020,Singapore Institute of Technology,SIT- Newcastle University,Bachelor of Engineering with Honours in Naval Architecture ^,4732,78.6,42.9,3217,3150,3244,3200,2600,3465,3244,3200,2600,3465
2020,Singapore Institute of Technology,SIT- Newcastle University,Bachelor of Engineering with Honours in Offshore Engineering ^,4733,92.3,69.2,3921,3800,4160,4000,3750,4800,4160,4000,3750,4800
2020,Singapore Institute of Technology,SIT / SIT-Trinity College Dublin / Trinity College Dublin,Bachelor in Science (Diagnostic Radiography),4734,100,100,3446,3400,3685,3650,3400,3859,3685,3650,3400,3859
2020,Singapore Institute of Technology,SIT / SIT-Trinity College Dublin / Trinity College Dublin,Bachelor in Science (Occupational Therapy),4735,100,100,3510,3400,3542,3400,3364,3629,3542,3400,3364,3629
2020,Singapore Institute of Technology,SIT / SIT-Trinity College Dublin / Trinity College Dublin,Bachelor in Science (Physiotherapy),4736,98.2,96.3,3485,3480,3518,3500,3400,3700,3518,3500,3400,3700
2020,Singapore Institute of Technology,SIT / SIT-Trinity College Dublin / Trinity College Dublin,Bachelor in Science (Radiation Therapy) ^,4737,100,83.3,3380,3500,3380,3500,3400,3500,3380,3500,3400,3500
2020,Singapore Institute of Technology,SIT-University of Glasgow,Bachelor of Engineering with Honours in Civil Engineering,4738,97.9,78.7,3444,3400,3518,3500,3200,3700,3518,3500,3200,3700
2020,Singapore Institute of Technology,SIT-University of Glasgow,Bachelor of Science with Honours in Nursing,4739,96.2,94.2,3436,3270,3725,3650,3405,4000,3725,3650,3405,4000
2020,Singapore Institute of Technology,Technische Universität München,Bachelor of Science in Chemical Engineering,4740,93.3,48.9,3147,3100,3387,3175,2815,3650,3387,3175,2815,3650
2020,Singapore Institute of Technology,Technische Universität München,Bachelor of Science in Electrical Engineering & Information Technology,4741,94.7,39.5,3760,3600,3773,3600,3350,4000,3773,3600,3350,4000
2020,Singapore Institute of Technology,The Culinary Institute of America,Bachelor of Business Administration in Food Business Management,4742,86,66.7,2497,2475,2675,2550,2300,2820,2675,2550,2300,2820
2020,Singapore Institute of Technology,The Glasgow School of Art,Bachelor of Arts with Honours in Communication Design,4743,85.7,38.1,2773,2800,2876,2800,2500,3000,2876,2800,2500,3000
2020,Singapore Institute of Technology,The Glasgow School of Art,Bachelor of Arts with Honours in Interior Design,4744,83.9,45.2,2958,2500,2992,2600,2500,3500,2992,2600,2500,3500
2020,Singapore Institute of Technology,University of Glasgow,Bachelor of Engineering with Honours in Aeronautical Engineering,4745,91.2,35.3,4127,3900,4159,3921,3400,5010,4159,3921,3400,5010
2020,Singapore Institute of Technology,University of Glasgow,Bachelor of Engineering with Honours in Aerospace Systems ^,4746,100,37.9,3900,3750,3940,3750,3400,4600,3940,3750,3400,4600
2020,Singapore Institute of Technology,University of Glasgow,Bachelor of Engineering with Honours in Mechanical Design Engineering,4747,95,53.3,3461,3500,3592,3500,3200,3650,3592,3500,3200,3650
2020,Singapore Institute of Technology,University of Glasgow,Bachelor of Engineering with Honours in Mechatronics,4748,89.3,58.9,3579,3454,3690,3600,3200,4000,3690,3600,3200,4000
2020,Singapore Institute of Technology,University of Glasgow,Bachelor of Science with Honours in Computing Science,4749,98.6,89.9,4517,5000,4530,5000,4000,5000,4530,5000,4000,5000
2020,Singapore Institute of Technology,University of Liverpool,Bachelor of Arts with Honours in Criminology and Security,4750,93.7,68.4,3634,3480,3919,3700,3400,4300,3919,3700,3400,4300
2020,Singapore Management University,School of Accountancy (4-year programme) *,Accountancy,4751,94.7,86,3636,3050,3694,3100,3000,4000,3694,3100,3000,4000
2020,Singapore Management University,School of Accountancy (4-year programme) *,Accountancy (Cum Laude and above),4752,96.3,86.1,3979,3600,4057,3744,3000,4583,4057,3744,3000,4583
2020,Singapore Management University,School of Business (4-year programme) *,Business Management,4753,95.8,68.4,4183,3800,4293,3850,3440,4600,4293,3850,3440,4600
2020,Singapore Management University,School of Business (4-year programme) *,Business Management (Cum Laude and above),4754,97.5,78.7,4596,4000,4688,4000,3600,5000,4688,4000,3600,5000
2020,Singapore Management University,School of Economics (4-year programme) *,Economics,4755,91.5,70.5,4181,3750,4290,3800,3400,4500,4290,3800,3400,4500
2020,Singapore Management University,School of Economics (4-year programme) *,Economics (Cum Laude and above),4756,94.7,82.9,4670,4000,4749,4000,3660,5275,4749,4000,3660,5275
2020,Singapore Management University,School of Information Systems (4-year programme) *,Information Systems,4757,93.1,83.9,4548,4500,4683,4542,4000,5400,4683,4542,4000,5400
2020,Singapore Management University,School of Information Systems (4-year programme) *,Information Systems (Cum Laude and above),4758,93.3,93.3,4903,5000,5064,5000,4500,5416,5064,5000,4500,5416
2020,Singapore Management University,School of Social Sciences (4-year programme) *,Social Sciences,4759,89.9,52.8,3540,3360,3626,3500,3200,4000,3626,3500,3200,4000
2020,Singapore Management University,School of Social Sciences (4-year programme) *,Social Sciences (Cum Laude and above),4760,90.6,65.6,3711,3510,3784,3510,3230,4200,3784,3510,3230,4200
2020,Singapore Management University,School of Law (4-year programme) *,Law #,4761,95.5,91.1,4729,4500,4804,4588,4000,5600,4804,4588,4000,5600
2020,Singapore Management University,School of Law (4-year programme) *,Law (Cum Laude and above) #,4762,97,95.5,5053,5000,5141,5000,4500,5735,5141,5000,4500,5735
2020,Singapore University of Social Sciences,S R Nathan School of Human Development,Bachelor of Early Childhood Education ^,4763,100,88.2,2879,3000,2879,3000,2700,3016,2879,3000,2700,3016
2020,Singapore University of Social Sciences,S R Nathan School of Human Development,Bachelor of Human Resource Management,4764,90.6,22.6,2947,2750,3051,2950,2650,3300,3051,2950,2650,3300
2020,Singapore University of Social Sciences,S R Nathan School of Human Development,Bachelor of Social Work,4765,97.3,89.2,3443,3500,3486,3500,3450,3655,3486,3500,3450,3655
2020,Singapore University of Social Sciences,School of Business,Bachelor of Accountancy,4766,94.6,81.7,3059,3000,3116,3000,3000,3000,3116,3000,3000,3000
2020,Singapore University of Social Sciences,School of Business,Bachelor of Science in Finance ^,4767,100,50,3537,3163,3854,3163,2850,4466,3854,3163,2850,4466
2020,Singapore University of Social Sciences,School of Business,Bachelor of Science in Marketing,4768,92.1,51.3,3126,2900,3246,2900,2750,3520,3246,2900,2750,3520
2020,Singapore University of Social Sciences,School of Business,Bachelor of Science in Supply Chain Management ^,4769,88,36,3125,3100,3284,3185,2950,3500,3284,3185,2950,3500
2020,Singapore University of Technology and Design,na,Bachelor of Engineering (Engineering Product Development),4770,94.6,82.1,3809,3800,3901,3800,3500,4150,3901,3800,3500,4150
2020,Singapore University of Technology and Design,na,Bachelor of Engineering (Engineering Systems and Design),4771,95.2,77.1,4195,3950,4287,4000,3725,4900,4287,4000,3725,4900
2020,Singapore University of Technology and Design,na,Bachelor of Engineering (Information Systems Technology and Design),4772,96.9,85.4,4581,4500,4734,4500,4000,5000,4734,4500,4000,5000
2020,Singapore University of Technology and Design,na,Bachelor of Science (Architecture and Sustainable Design),4773,100,95.6,3897,3800,3982,3800,3500,4070,3982,3800,3500,4070
2021,Nanyang Technological University,College of Business (Nanyang Business School),Accountancy,4774,97.7,93,3505,3300,3539,3400,3100,3500,3539,3400,3100,3500
2021,Nanyang Technological University,College of Business (Nanyang Business School),Accountancy and Business,4775,99.2,96.2,5018,4500,5173,4500,3700,5858,5173,4500,3700,5858
2021,Nanyang Technological University,College of Business (Nanyang Business School),Business,4776,96.2,85.2,4211,4000,4362,4000,3500,4800,4362,4000,3500,4800
2021,Nanyang Technological University,College of Business (Nanyang Business School),Double Degree in Business and Computer Engineering/Computing,4777,93.8,87.5,6418,6300,6578,6300,5250,8225,6578,6300,5250,8225
2021,Nanyang Technological University,College of Engineering,Aerospace Engineering,4778,94.4,87.3,4250,4250,4321,4471,3792,5000,4321,4471,3792,5000
2021,Nanyang Technological University,College of Engineering,Bioengineering,4779,90.9,75.8,3480,3483,3654,3500,3300,3850,3654,3500,3300,3850
2021,Nanyang Technological University,College of Engineering,Chemical and Biomolecular Engineering,4780,91.1,84.8,3784,3600,3959,3740,3600,4300,3959,3740,3600,4300
2021,Nanyang Technological University,College of Engineering,Civil Engineering,4781,97.7,92,3596,3500,3664,3540,3400,3800,3664,3540,3400,3800
2021,Nanyang Technological University,College of Engineering,Computer Engineering,4782,95.8,89.6,4649,4500,4847,4500,4000,5000,4847,4500,4000,5000
2021,Nanyang Technological University,College of Engineering,Computer Science,4783,97,91,4871,4800,4924,4800,4200,5450,4924,4800,4200,5450
2021,Nanyang Technological University,College of Engineering,Double Degree in Engineering and Economics ^,4784,90.9,90.9,4485,4580,4566,4583,4530,4900,4566,4583,4530,4900
2021,Nanyang Technological University,College of Engineering,Electrical and Electronic Engineering,4785,93.9,88.6,3978,3900,4069,4000,3600,4400,4069,4000,3600,4400
2021,Nanyang Technological University,College of Engineering,Environmental Engineering,4786,96.6,86.2,3422,3500,3487,3500,3200,3600,3487,3500,3200,3600
2021,Nanyang Technological University,College of Engineering,Information Engineering and Media,4787,95.7,88.6,4247,4200,4325,4200,3900,4800,4325,4200,3900,4800
2021,Nanyang Technological University,College of Engineering,Maritime Studies,4788,98.4,95.2,3697,3500,3763,3500,3500,4000,3763,3500,3500,4000
2021,Nanyang Technological University,College of Engineering,Materials Engineering,4789,96.3,83,3701,3600,3801,3650,3500,4000,3801,3650,3500,4000
2021,Nanyang Technological University,College of Engineering,Mechanical Engineering,4790,94,86.1,3845,3700,4006,3800,3570,4400,4006,3800,3570,4400
2021,Nanyang Technological University,"College of Humanities, Arts & Social Sciences","Art, Design and Media",4791,86.2,46.6,3146,3000,3182,3000,2650,3675,3182,3000,2650,3675
2021,Nanyang Technological University,"College of Humanities, Arts & Social Sciences",Chinese,4792,87,72.5,3376,3250,3483,3300,3053,3650,3483,3300,3053,3650
2021,Nanyang Technological University,"College of Humanities, Arts & Social Sciences",Communication Studies,4793,96.9,80.8,3463,3375,3548,3500,3000,3943,3548,3500,3000,3943
2021,Nanyang Technological University,"College of Humanities, Arts & Social Sciences",Economics,4794,93.5,88.3,3658,3500,3720,3650,3300,4000,3720,3650,3300,4000
2021,Nanyang Technological University,"College of Humanities, Arts & Social Sciences",English,4795,95.5,64.2,3254,3300,3354,3500,3000,3600,3354,3500,3000,3600
2021,Nanyang Technological University,"College of Humanities, Arts & Social Sciences",History,4796,82.2,66.7,3724,3675,3800,3675,3500,4000,3800,3675,3500,4000
2021,Nanyang Technological University,"College of Humanities, Arts & Social Sciences",Inter-Disciplinary Double Major ^,4797,92.9,75,3794,3650,3822,3650,3450,4180,3822,3650,3450,4180
2021,Nanyang Technological University,"College of Humanities, Arts & Social Sciences",Linguistics and Multilingual Studies,4798,87.2,70.2,3351,3300,3398,3300,3000,3850,3398,3300,3000,3850
2021,Nanyang Technological University,"College of Humanities, Arts & Social Sciences",Philosophy,4799,88.5,57.7,3394,3400,3502,3400,2915,4480,3502,3400,2915,4480
2021,Nanyang Technological University,"College of Humanities, Arts & Social Sciences",Psychology,4800,91.8,71.8,3342,3300,3362,3350,3000,3500,3362,3350,3000,3500
2021,Nanyang Technological University,"College of Humanities, Arts & Social Sciences",Public Policy and Global Affairs,4801,83.3,77.1,4024,3778,4105,3804,3500,4524,4105,3804,3500,4524
2021,Nanyang Technological University,"College of Humanities, Arts & Social Sciences",Sociology,4802,91.3,69.6,3509,3475,3567,3500,3200,3940,3567,3500,3200,3940
2021,Nanyang Technological University,College of Science,Biological Sciences / Biomedical Sciences,4803,96.8,81.7,3470,3400,3569,3500,3260,3800,3569,3500,3260,3800
2021,Nanyang Technological University,College of Science,Biomedical Sciences and Chinese Medicine # ^,4804,90.9,77.3,3023,3100,3119,3100,2890,3300,3119,3100,2890,3300
2021,Nanyang Technological University,College of Science,Chemistry and Biological Chemistry,4805,90.2,74.4,3367,3400,3501,3400,3100,3700,3501,3400,3100,3700
2021,Nanyang Technological University,College of Science,Environmental Earth Systems Sciences ^,4806,100,91.3,3810,3892,3888,3950,3500,4300,3888,3950,3500,4300
2021,Nanyang Technological University,College of Science,Mathematical Sciences / Mathematical Sciences and Economics,4807,91,75.6,3939,3750,4039,3806,3500,4500,4039,3806,3500,4500
2021,Nanyang Technological University,College of Science,Physics and Applied Physics,4808,84.5,69,3710,3570,3793,3600,3384,4000,3793,3600,3384,4000
2021,Nanyang Technological University,Sports Science and Management,Sports Science and Management,4809,86.2,55.4,3292,3300,3438,3300,3100,3620,3438,3300,3100,3620
2021,Nanyang Technological University,National Institute of Education (NIE),Arts (with Education),4810,100,100,3563,3754,3718,3780,3700,3900,3718,3780,3700,3900
2021,Nanyang Technological University,National Institute of Education (NIE),Science (with Education) ^,4811,100,100,3578,3776,3796,3904,3727,4000,3796,3904,3727,4000
2021,Nanyang Technological University,Lee Kong Chian School of Medicine,Medicine #,4812,100,100,4702,4700,5404,5500,5200,5800,5404,5500,5200,5800
2021,National University of Singapore,Faculty of Arts & Social Sciences,Bachelor of Arts,4813,91.4,70,3405,3200,3600,3200,2850,4100,3600,3200,2850,4100
2021,National University of Singapore,Faculty of Arts & Social Sciences,Bachelor of Arts (Hons),4814,88.8,68.3,3619,3500,3731,3650,3400,3983,3731,3650,3400,3983
2021,National University of Singapore,Faculty of Arts & Social Sciences,Bachelor of Social Sciences,4815,92.5,78.2,3757,3531,3850,3600,3400,4100,3850,3600,3400,4100
2021,National University of Singapore,Faculty of Dentistry,Bachelor of Dental Surgery,4816,100,100,4256,4200,4286,4200,4200,4600,4286,4200,4200,4600
2021,National University of Singapore,Faculty of Engineering,Bachelor of Engineering (Biomedical Engineering),4817,94.4,83.3,3610,3500,3732,3600,3300,4000,3732,3600,3300,4000
2021,National University of Singapore,Faculty of Engineering,Bachelor of Engineering (Chemical Engineering),4818,91.4,84.8,3793,3700,4023,3800,3600,4300,4023,3800,3600,4300
2021,National University of Singapore,Faculty of Engineering,Bachelor of Engineering (Civil Engineering),4819,97.3,97.3,3780,3700,3897,3700,3500,4100,3897,3700,3500,4100
2021,National University of Singapore,Faculty of Engineering,Bachelor of Engineering (Electrical Engineering),4820,95.1,93,4251,4000,4377,4150,3900,4550,4377,4150,3900,4550
2021,National University of Singapore,Faculty of Engineering,Bachelor of Engineering (Engineering Science) ^,4821,89.5,68.4,4189,4500,4399,4500,4000,4900,4399,4500,4000,4900
2021,National University of Singapore,Faculty of Engineering,Bachelor of Engineering (Environmental Engineering),4822,97.1,88.6,3572,3500,3607,3500,3300,3900,3607,3500,3300,3900
2021,National University of Singapore,Faculty of Engineering,Bachelor of Engineering (Industrial and Systems Engineering),4823,96.7,91.8,4237,4150,4417,4500,4000,4900,4417,4500,4000,4900
2021,National University of Singapore,Faculty of Engineering,Bachelor of Engineering (Materials Science and Engineering),4824,91.7,87.5,3899,3775,4020,3896,3600,4200,4020,3896,3600,4200
2021,National University of Singapore,Faculty of Engineering,Bachelor of Engineering (Mechanical Engineering),4825,94.5,89.5,3965,3800,4115,3875,3500,4550,4115,3875,3500,4550
2021,National University of Singapore,Faculty of Law,Bachelor of Laws #,4826,96.5,93.5,5398,5150,5627,5600,4500,6000,5627,5600,4500,6000
2021,National University of Singapore,Faculty of Science,Bachelor of Science,4827,82.4,56.9,3446,3300,3627,3527,3100,4000,3627,3527,3100,4000
2021,National University of Singapore,Faculty of Science,Bachelor of Science (Hons),4828,92.2,76.5,3665,3500,3767,3600,3400,4000,3767,3600,3400,4000
2021,National University of Singapore,Faculty of Science,Bachelor of Science (Computational Biology) ^,4829,100,100,4655,4500,4677,4500,4000,5000,4677,4500,4000,5000
2021,National University of Singapore,Faculty of Science,Bachelor of Science (Pharmacy) #,4830,95.9,91.9,3773,3760,3923,3915,3636,4200,3923,3915,3636,4200
2021,National University of Singapore,Faculty of Science,Bachelor of Science (Data Science and Analytics),4831,97.7,95.3,4819,4500,4981,4800,4200,5400,4981,4800,4200,5400
2021,National University of Singapore,NUS Business School,Bachelor of Business Administration,4832,94.7,81.6,5199,3550,5567,3700,3125,7625,5567,3700,3125,7625
2021,National University of Singapore,NUS Business School,Bachelor of Business Administration (Hons),4833,98.1,93.5,4828,4200,4950,4347,3700,5200,4950,4347,3700,5200
2021,National University of Singapore,NUS Business School,Bachelor of Business Administration (Accountancy) ^,4834,100,100,3380,3300,3515,3400,3013,3750,3515,3400,3013,3750
2021,National University of Singapore,NUS Business School,Bachelor of Business Administration (Accountancy) (Hons),4835,97,96.3,4124,3430,4194,3500,3200,4600,4194,3500,3200,4600
2021,National University of Singapore,School of Computing,Bachelor of Computing (Computer Science),4836,99.1,96.4,5898,5800,6002,6000,5000,6900,6002,6000,5000,6900
2021,National University of Singapore,School of Computing,Bachelor of Computing (Information Security) ^,4837,100,100,4992,5000,5095,5400,4305,5500,5095,5400,4305,5500
2021,National University of Singapore,School of Computing,Bachelor of Computing (Information Systems),4838,97.5,96.2,5087,5000,5217,5000,4500,5400,5217,5000,4500,5400
2021,National University of Singapore,School of Computing,Bachelor of Science (Business Analytics),4839,100,100,5437,5050,5603,5400,4800,6125,5603,5400,4800,6125
2021,National University of Singapore,School of Design & Environment,Bachelor of Arts (Architecture),4840,97.7,96.6,4090,4000,4139,4000,3600,4440,4139,4000,3600,4440
2021,National University of Singapore,School of Design & Environment,Bachelor of Arts (Industrial Design),4841,87.5,75,4146,3825,4178,3825,3200,4250,4178,3825,3200,4250
2021,National University of Singapore,School of Design & Environment,Bachelor of Science (Project and Facilities Management),4842,93.1,92.1,3424,3450,3560,3500,3200,3700,3560,3500,3200,3700
2021,National University of Singapore,School of Design & Environment,Bachelor of Science (Real Estate),4843,94.5,82.4,3692,3575,3863,3700,3400,4000,3863,3700,3400,4000
2021,National University of Singapore,Yong Loo Lin School (Medicine),Bachelor of Medicine and Bachelor of Surgery # **,4844,na,na,na,na,na,na,na,na,na,na,na,na
2021,National University of Singapore,Yong Loo Lin School (Medicine),Bachelor of Science (Nursing),4845,96.2,93.3,3300,3350,3530,3550,3350,3750,3530,3550,3350,3750
2021,National University of Singapore,Yong Loo Lin School (Medicine),Bachelor of Science (Nursing) (Hons),4846,97.9,96.8,3482,3500,3750,3750,3550,3950,3750,3750,3550,3950
2021,National University of Singapore,YST Conservatory of Music,Bachelor of Music ^,4847,82.4,35.3,3136,2958,3203,3100,2915,3600,3203,3100,2915,3600
2021,National University of Singapore,Yale-NUS College,Bachelor of Arts with Honours,4848,88.3,70.8,4344,4000,4453,4000,3500,5000,4453,4000,3500,5000
2021,National University of Singapore,Yale-NUS College,Bachelor of Science with Honours,4849,94.6,83.8,4779,4500,4952,4500,3800,5650,4952,4500,3800,5650
2021,National University of Singapore,Multi-Disciplinary Programmes,Bachelor of Engineering (Computer Engineering),4850,97.4,91.2,5345,5000,5473,5400,4500,6200,5473,5400,4500,6200
2021,National University of Singapore,Multi-Disciplinary Programmes,Bachelor of Environmental Studies,4851,97.4,81.6,3544,3500,3658,3650,3100,3996,3658,3650,3100,3996
2021,Singapore Institute of Technology,DigiPen Institute of Technology,Bachelor of Arts in Game Design ^,4852,100,81.5,3457,3200,3490,3300,3200,3500,3490,3300,3200,3500
2021,Singapore Institute of Technology,DigiPen Institute of Technology,Bachelor of Fine Arts in Digital Art and Animation,4853,80,63.3,3081,3200,3125,3200,2835,3500,3125,3200,2835,3500
2021,Singapore Institute of Technology,DigiPen Institute of Technology,Bachelor of Science in Computer Science and Game Design,4854,88.2,85.3,4229,4000,4324,4000,3700,4968,4324,4000,3700,4968
2021,Singapore Institute of Technology,DigiPen Institute of Technology,Bachelor of Science in Computer Science in Real-Time Interactive Simulation,4855,95.1,92.7,4962,4600,4984,4600,4300,5175,4984,4600,4300,5175
2021,Singapore Institute of Technology,Singapore Institute of Technology (SIT),Bachelor of Accountancy with Honours,4856,97.7,86.8,3363,3400,3431,3400,3200,3460,3431,3400,3200,3460
2021,Singapore Institute of Technology,Singapore Institute of Technology (SIT),Bachelor of Engineering with Honours in Information & Communications Technology (Information Security),4857,100,98.2,4934,4800,5251,4950,4605,5552,5251,4950,4605,5552
2021,Singapore Institute of Technology,Singapore Institute of Technology (SIT),Bachelor of Engineering with Honours in Information & Communications Technology (Software Engineering),4858,100,98,5126,5000,5215,5000,4590,5500,5215,5000,4590,5500
2021,Singapore Institute of Technology,Singapore Institute of Technology (SIT),Bachelor of Engineering with Honours in Aircraft Systems Engineering,4859,100,91.7,3297,3200,3394,3300,2500,4000,3394,3300,2500,4000
2021,Singapore Institute of Technology,Singapore Institute of Technology (SIT),Bachelor of Engineering with Honours in Pharmaceutical Engineering,4860,98.3,87.9,3423,3500,3736,3600,3300,4000,3736,3600,3300,4000
2021,Singapore Institute of Technology,Singapore Institute of Technology (SIT),Bachelor of Engineering with Honours in Sustainable Infrastructure Engineering (Building Services),4861,98,96.1,3707,3600,3773,3680,3500,3950,3773,3680,3500,3950
2021,Singapore Institute of Technology,Singapore Institute of Technology (SIT),Bachelor of Engineering with Honours in Sustainable Infrastructure Engineering (Land) ^,4862,96.3,88.9,3606,3500,3788,3700,3485,4250,3788,3700,3485,4250
2021,Singapore Institute of Technology,Singapore Institute of Technology (SIT),Bachelor of Engineering with Honours in Telematics (Intelligent Transportation Systems Engineering),4863,97.5,85,4086,4000,4146,4000,3850,4500,4146,4000,3850,4500
2021,Singapore Institute of Technology,Singapore Institute of Technology (SIT),Bachelor of Hospitality Business with Honours,4864,96.1,80.3,3037,3000,3216,3000,2800,3500,3216,3000,2800,3500
2021,Singapore Institute of Technology,Singapore Institute of Technology (SIT),Bachelor of Science (Diagnostic Radiography),4865,100,100,3670,3500,3880,3700,3500,4025,3880,3700,3500,4025
2021,Singapore Institute of Technology,Singapore Institute of Technology (SIT),Bachelor of Science (Occupational Therapy),4866,100,98.3,3521,3500,3546,3500,3400,3690,3546,3500,3400,3690
2021,Singapore Institute of Technology,Singapore Institute of Technology (SIT),Bachelor of Science (Radiation Therapy) ^,4867,100,100,3310,3500,3328,3500,3000,3500,3328,3500,3000,3500
2021,Singapore Institute of Technology,SIT- DigiPen Institute of Technology,Bachelor of Engineering with Honours in Systems Engineering (ElectroMechanical Systems),4868,100,95.1,4086,4000,4402,4370,3700,4900,4402,4370,3700,4900
2021,Singapore Institute of Technology,SIT- Massey University,Bachelor of Food Technology with Honours,4869,96.4,89.1,3221,3300,3322,3300,3000,3500,3322,3300,3000,3500
2021,Singapore Institute of Technology,SIT- Newcastle University,Bachelor of Engineering with Honours in Chemical Engineering,4870,79.2,64.2,3466,3500,3836,3700,3350,4200,3836,3700,3350,4200
2021,Singapore Institute of Technology,SIT- Newcastle University,Bachelor of Engineering with Honours in Electrical Power Engineering,4871,98.3,84.5,3583,3500,3691,3600,3500,3850,3691,3600,3500,3850
2021,Singapore Institute of Technology,SIT- Newcastle University,Bachelor of Engineering with Honours in Marine Engineering ^,4872,100,90.5,3598,3500,3819,3750,3400,4250,3819,3750,3400,4250
2021,Singapore Institute of Technology,SIT- Newcastle University,Bachelor of Engineering with Honours in Mechanical Design and Manufacturing Engineering,4873,93.4,90.2,3646,3600,3787,3650,3600,4000,3787,3650,3600,4000
2021,Singapore Institute of Technology,SIT- Newcastle University,Bachelor of Engineering with Honours in Naval Architecture ^,4874,100,95.7,3476,3300,3592,3400,3250,3850,3592,3400,3250,3850
2021,Singapore Institute of Technology,SIT- Newcastle University,Bachelor of Engineering with Honours in Offshore Engineering ^,4875,82.4,70.6,3513,3500,3575,3550,3350,3850,3575,3550,3350,3850
2021,Singapore Institute of Technology,SIT-Trinity College Dublin,Bachelor of Science (Physiotherapy),4876,97.9,96.8,3516,3500,3591,3525,3400,3800,3591,3525,3400,3800
2021,Singapore Institute of Technology,SIT-University of Glasgow,Bachelor of Engineering with Honours in Civil Engineering,4877,92.8,92.8,3650,3600,3719,3675,3500,3933,3719,3675,3500,3933
2021,Singapore Institute of Technology,SIT-University of Glasgow,Bachelor of Science with Honours in Nursing,4878,98.3,86.4,3403,3350,3697,3700,3350,3990,3697,3700,3350,3990
2021,Singapore Institute of Technology,Technische Universität München,Bachelor of Science in Chemical Engineering,4879,95.7,87,3495,3500,3645,3557,3400,3865,3645,3557,3400,3865
2021,Singapore Institute of Technology,Technische Universität München,Bachelor of Science in Electrical Engineering & Information Technology ^,4880,81.5,74.1,3649,3600,3806,3700,3250,4265,3806,3700,3250,4265
2021,Singapore Institute of Technology,The Culinary Institute of America,Bachelor of Business Administration in Food Business Management,4881,91.9,67.7,2647,2500,2817,2700,2500,3100,2817,2700,2500,3100
2021,Singapore Institute of Technology,The Glasgow School of Art,Bachelor of Arts with Honours in Communication Design,4882,94.4,59.3,2951,3000,2989,3000,2700,3200,2989,3000,2700,3200
2021,Singapore Institute of Technology,The Glasgow School of Art,Bachelor of Arts with Honours in Interior Design,4883,94.3,65.7,2761,3000,2807,3000,2500,3100,2807,3000,2500,3100
2021,Singapore Institute of Technology,University of Liverpool,Bachelor of Arts with Honours in Criminology and Security,4884,95.5,81.8,3807,3600,4001,3850,3400,4500,4001,3850,3400,4500
2021,Singapore Management University,School of Accountancy (4-year programme) *,Accountancy,4885,98.7,93,3751,3400,3814,3400,3200,4000,3814,3400,3200,4000
2021,Singapore Management University,School of Accountancy (4-year programme) *,Accountancy (Cum Laude and above),4886,97.9,92.6,4161,3700,4213,3850,3300,4600,4213,3850,3300,4600
2021,Singapore Management University,School of Business (4-year programme) *,Business Management,4887,96.6,86,4229,4000,4371,4000,3500,4650,4371,4000,3500,4650
2021,Singapore Management University,School of Business (4-year programme) *,Business Management (Cum Laude and above),4888,96.6,90.3,4705,4333,4855,4480,3800,5043,4855,4480,3800,5043
2021,Singapore Management University,School of Economics (4-year programme) *,Economics,4889,91.8,83.5,4641,4275,4777,4435,3800,5250,4777,4435,3800,5250
2021,Singapore Management University,School of Economics (4-year programme) *,Economics (Cum Laude and above),4890,94.1,91.2,5209,4750,5310,4900,4191,5810,5310,4900,4191,5810
2021,Singapore Management University,School of Information Systems (4-year programme) *,Information Systems,4891,98.2,94.6,4774,4860,4906,5000,4200,5350,4906,5000,4200,5350
2021,Singapore Management University,School of Information Systems (4-year programme) *,Information Systems (Cum Laude and above),4892,97.4,93.6,5317,5050,5499,5350,5000,5833,5499,5350,5000,5833
2021,Singapore Management University,School of Social Sciences (4-year programme) *,Social Sciences,4893,94.1,77.1,3656,3465,3836,3600,3200,4010,3836,3600,3200,4010
2021,Singapore Management University,School of Social Sciences (4-year programme) *,Social Sciences (Cum Laude and above),4894,96.9,86.2,3856,3500,4063,3763,3350,4500,4063,3763,3350,4500
2021,Singapore Management University,School of Law (4-year programme) *,Law #,4895,100,98.3,5319,5500,5433,5600,4500,6000,5433,5600,4500,6000
2021,Singapore Management University,School of Law (4-year programme) *,Law (Cum Laude and above) #,4896,100,98.8,5613,5600,5754,5800,5025,6000,5754,5800,5025,6000
2021,Singapore University of Social Sciences,S R Nathan School of Human Development,Bachelor of Early Childhood Education,4897,93,88.4,2949,3000,2963,3000,2800,3100,2963,3000,2800,3100
2021,Singapore University of Social Sciences,S R Nathan School of Human Development,Bachelor of Human Resource Management,4898,95.6,80.9,3249,3200,3412,3200,3000,3500,3412,3200,3000,3500
2021,Singapore University of Social Sciences,S R Nathan School of Human Development,Bachelor of Social Work,4899,94.7,86.8,3432,3530,3461,3530,3400,3580,3461,3530,3400,3580
2021,Singapore University of Social Sciences,School of Business,Bachelor of Accountancy,4900,98.6,89,3199,3200,3231,3200,3000,3400,3231,3200,3000,3400
2021,Singapore University of Social Sciences,School of Business,Bachelor of Science in Business Analytics,4901,93.5,83.9,4218,3800,4372,3800,3350,4900,4372,3800,3350,4900
2021,Singapore University of Social Sciences,School of Business,Bachelor of Science in Finance,4902,84.4,56.3,3856,3500,3862,3500,3300,4350,3862,3500,3300,4350
2021,Singapore University of Social Sciences,School of Business,Bachelor of Science in Marketing,4903,92.4,63.6,3303,3200,3411,3275,2820,3600,3411,3275,2820,3600
2021,Singapore University of Social Sciences,School of Business,Bachelor of Science in Supply Chain Management,4904,97.4,79.5,3245,3200,3381,3300,3025,3500,3381,3300,3025,3500
2021,Singapore University of Technology and Design,na,Bachelor of Engineering (Computer Science and Design),4905,98.3,96.7,4936,4800,5030,4800,4400,5414,5030,4800,4400,5414
2021,Singapore University of Technology and Design,na,Bachelor of Engineering (Engineering Product Development),4906,89.9,85.5,4047,4000,4141,4000,3750,4500,4141,4000,3750,4500
2021,Singapore University of Technology and Design,na,Bachelor of Engineering (Engineering Systems and Design),4907,95.5,90.9,4542,4500,4778,4700,3900,5000,4778,4700,3900,5000
2021,Singapore University of Technology and Design,na,Bachelor of Science (Architecture and Sustainable Design),4908,96.6,89.7,3800,3801,3842,3875,3430,4200,3842,3875,3430,4200
2022,National University of Singapore,Faculty of Arts & Social Sciences,Bachelor of Arts,4909,88.5,76.9,3808,3670,3928,3700,3500,4000,3928,3700,3500,4000
2022,National University of Singapore,Faculty of Arts & Social Sciences,Bachelor of Arts (Hons),4910,87.5,74.4,3889,3850,4034,4000,3500,4390,4034,4000,3500,4390
2022,National University of Singapore,Faculty of Arts & Social Sciences,Bachelor of Social Sciences,4911,92.3,81.1,3935,3650,4056,3795,3500,4350,4056,3795,3500,4350
2022,National University of Singapore,Faculty of Dentistry,Bachelor of Dental Surgery,4912,100,100,4331,4200,4331,4200,4200,4600,4331,4200,4200,4600
2022,National University of Singapore,Faculty of Law,Bachelor of Laws #,4913,97.3,94.6,5935,6000,6182,6400,5500,6800,6182,6400,5500,6800
2022,National University of Singapore,Faculty of Science,Bachelor of Science ^,4914,85.2,63,3630,3500,3823,3600,3500,4000,3823,3600,3500,4000
2022,National University of Singapore,Faculty of Science,Bachelor of Science (Hons),4915,90.6,80.1,4040,3720,4174,3850,3500,4500,4174,3850,3500,4500
2022,National University of Singapore,Faculty of Science,Bachelor of Science (Computational Biology)**,4916,na,na,na,na,na,na,na,na,na,na,na,na
2022,National University of Singapore,Faculty of Science,Bachelor of Science (Pharmacy) #,4917,98.4,95.1,3829,3798,4053,4000,3750,4250,4053,4000,3750,4250
2022,National University of Singapore,Faculty of Science,Bachelor of Science (Pharmaceutical Science) (Hons) ^,4918,94.1,76.5,3769,3700,3808,3700,3400,4350,3808,3700,3400,4350
2022,National University of Singapore,Faculty of Science,Bachelor of Science (Data Science and Analytics),4919,96.8,96.8,5562,5500,5616,5500,4628,6100,5616,5500,4628,6100
2022,National University of Singapore,NUS Business School,Bachelor of Business Administration,4920,87.9,78.8,5653,5000,6026,5100,4000,7000,6026,5100,4000,7000
2022,National University of Singapore,NUS Business School,Bachelor of Business Administration (Hons),4921,97.1,95.7,5346,4600,5519,4696,4000,5938,5519,4696,4000,5938
2022,National University of Singapore,NUS Business School,Bachelor of Business Administration (Accountancy) ^,4922,93.3,93.3,5494,3800,5560,3800,3400,5500,5560,3800,3400,5500
2022,National University of Singapore,NUS Business School,Bachelor of Business Administration (Accountancy) (Hons),4923,99.3,97.9,4619,4000,4668,4000,3600,5000,4668,4000,3600,5000
2022,National University of Singapore,NUS Business School,Bachelor of Science (Real Estate),4924,99,95.1,3924,3800,4062,3850,3600,4400,4062,3850,3600,4400
2022,National University of Singapore,School of Computing,Bachelor of Computing (Computer Science),4925,96.8,96.1,6954,6500,7121,6600,5341,7583,7121,6600,5341,7583
2022,National University of Singapore,School of Computing,Bachelor of Computing (Information Security),4926,94.6,91.1,5274,5400,5660,5500,4800,6475,5660,5500,4800,6475
2022,National University of Singapore,School of Computing,Bachelor of Computing (Information Systems),4927,95.3,93,5551,5300,5672,5500,4800,6250,5672,5500,4800,6250
2022,National University of Singapore,School of Computing,Bachelor of Science (Business Analytics),4928,96.2,95.2,5845,5500,5966,5500,5000,6600,5966,5500,5000,6600
2022,National University of Singapore,College of Design and Engineering,Bachelor of Engineering (Biomedical Engineering),4929,97.2,91.6,4140,3800,4268,4000,3500,5000,4268,4000,3500,5000
2022,National University of Singapore,College of Design and Engineering,Bachelor of Engineering (Chemical Engineering),4930,96.6,95.5,4487,4400,4690,4675,4018,5100,4690,4675,4018,5100
2022,National University of Singapore,College of Design and Engineering,Bachelor of Engineering (Civil Engineering),4931,93.8,88.9,3979,3921,4139,4000,3700,4400,4139,4000,3700,4400
2022,National University of Singapore,College of Design and Engineering,Bachelor of Engineering (Electrical Engineering),4932,92.2,90.7,4730,4700,4913,4800,4380,5500,4913,4800,4380,5500
2022,National University of Singapore,College of Design and Engineering,Bachelor of Engineering (Engineering Science) ^,4933,100,100,4622,4450,4659,4450,4080,5000,4659,4450,4080,5000
2022,National University of Singapore,College of Design and Engineering,Bachelor of Engineering (Environmental Engineering),4934,87.1,83.9,4252,4000,4496,4200,3850,5000,4496,4200,3850,5000
2022,National University of Singapore,College of Design and Engineering,Bachelor of Engineering (Industrial and Systems Engineering),4935,92.9,92.9,5137,5000,5281,5000,4290,5650,5281,5000,4290,5650
2022,National University of Singapore,College of Design and Engineering,Bachelor of Engineering (Materials Science and Engineering),4936,92.9,87.1,4384,4360,4539,4500,3850,5000,4539,4500,3850,5000
2022,National University of Singapore,College of Design and Engineering,Bachelor of Engineering (Mechanical Engineering),4937,96.2,91.9,4594,4400,4780,4525,4000,5200,4780,4525,4000,5200
2022,National University of Singapore,College of Design and Engineering,Bachelor of Arts (Architecture) #,4938,96,92,4360,4300,4481,4400,4000,4800,4481,4400,4000,4800
2022,National University of Singapore,College of Design and Engineering,Bachelor of Arts (Industrial Design),4939,66.7,43.3,4239,4500,4270,4500,3500,4500,4270,4500,3500,4500
2022,National University of Singapore,College of Design and Engineering,Bachelor of Science (Project and Facilities Management),4940,98.4,92,3612,3500,3670,3555,3375,3855,3670,3555,3375,3855
2022,National University of Singapore,Yong Loo Lin School (Medicine),Bachelor of Medicine and Bachelor of Surgery # **,4941,na,na,na,na,na,na,na,na,na,na,na,na
2022,National University of Singapore,Yong Loo Lin School (Medicine),Bachelor of Science (Nursing),4942,94.8,91.3,3426,3350,3656,3600,3500,3825,3656,3600,3500,3825
2022,National University of Singapore,Yong Loo Lin School (Medicine),Bachelor of Science (Nursing) (Hons),4943,100,99,3575,3550,3834,3850,3650,4000,3834,3850,3650,4000
2022,National University of Singapore,YST Conservatory of Music,Bachelor of Music ^,4944,85.7,28.6,3661,3590,3661,3590,3350,3973,3661,3590,3350,3973
2022,National University of Singapore,Yale-NUS College,Bachelor of Arts with Honours,4945,87.3,80.5,5130,4500,5418,4600,3800,6000,5418,4600,3800,6000
2022,National University of Singapore,Yale-NUS College,Bachelor of Science with Honours,4946,96.3,88.9,6764,5875,6879,6038,4500,9000,6879,6038,4500,9000
2022,National University of Singapore,Multi-Disciplinary Programmes,Bachelor of Engineering (Computer Engineering),4947,94.5,92.7,6183,5900,6367,6000,5300,6800,6367,6000,5300,6800
2022,National University of Singapore,Multi-Disciplinary Programmes,Bachelor of Environmental Studies,4948,91.9,78.4,3999,3800,4000,3800,3500,4000,4000,3800,3500,4000
2022,Nanyang Technological University,College of Business (Nanyang Business School),Accountancy,4949,98.3,97.6,3965,3600,4031,3600,3600,4300,4031,3600,3600,4300
2022,Nanyang Technological University,College of Business (Nanyang Business School),Accountancy and Business,4950,98,96.9,5473,4833,5580,4942,4167,6230,5580,4942,4167,6230
2022,Nanyang Technological University,College of Business (Nanyang Business School),Business,4951,94.5,86.5,4407,4000,4503,4015,3600,4800,4503,4015,3600,4800
2022,Nanyang Technological University,College of Business (Nanyang Business School),Double Degree in Business and Computer Engineering/Computing,4952,100,100,6307,6000,6627,6500,6000,7500,6627,6500,6000,7500
2022,Nanyang Technological University,College of Engineering,Aerospace Engineering,4953,94,93,4752,4800,4899,5000,4160,5500,4899,5000,4160,5500
2022,Nanyang Technological University,College of Engineering,Bioengineering,4954,93.9,90.9,4160,4000,4419,4200,3600,5250,4419,4200,3600,5250
2022,Nanyang Technological University,College of Engineering,Chemical and Biomolecular Engineering,4955,96.6,93.3,4580,4500,4733,4800,4028,5100,4733,4800,4028,5100
2022,Nanyang Technological University,College of Engineering,Civil Engineering,4956,91.6,88.4,3699,3600,3788,3650,3500,3975,3788,3650,3500,3975
2022,Nanyang Technological University,College of Engineering,Computer Engineering,4957,87,85.2,5366,5285,5463,5295,4500,6215,5463,5295,4500,6215
2022,Nanyang Technological University,College of Engineering,Computer Science,4958,94,91.7,5515,5400,5699,5500,4900,6420,5699,5500,4900,6420
2022,Nanyang Technological University,College of Engineering,Data Science and Artificial Intelligence ^,4959,88.2,82.4,6647,5625,6749,5625,5000,7500,6749,5625,5000,7500
2022,Nanyang Technological University,College of Engineering,Double Degree in Engineering and Economics ^,4960,100,100,5150,5000,5344,5000,4700,5815,5344,5000,4700,5815
2022,Nanyang Technological University,College of Engineering,Electrical and Electronic Engineering,4961,92.4,90.2,4595,4500,4723,4558,4100,5000,4723,4558,4100,5000
2022,Nanyang Technological University,College of Engineering,Environmental Engineering,4962,93.5,90.3,3988,3800,4139,3900,3700,4500,4139,3900,3700,4500
2022,Nanyang Technological University,College of Engineering,Information Engineering and Media,4963,95.3,93.8,5080,4950,5187,4950,4500,5500,5187,4950,4500,5500
2022,Nanyang Technological University,College of Engineering,Maritime Studies,4964,96.7,95.1,3842,3740,3860,3740,3500,4060,3860,3740,3500,4060
2022,Nanyang Technological University,College of Engineering,Materials Engineering,4965,94.9,92.6,4300,4300,4522,4500,3800,5000,4522,4500,3800,5000
2022,Nanyang Technological University,College of Engineering,Mechanical Engineering,4966,95,91.3,4381,4200,4537,4500,3944,5000,4537,4500,3944,5000
2022,Nanyang Technological University,"College of Humanities, Arts & Social Sciences","Art, Design and Media",4967,89.5,63.2,3303,3200,3372,3200,3000,3600,3372,3200,3000,3600
2022,Nanyang Technological University,"College of Humanities, Arts & Social Sciences",Chinese,4968,91.8,70.5,3408,3300,3566,3600,3060,4015,3566,3600,3060,4015
2022,Nanyang Technological University,"College of Humanities, Arts & Social Sciences",Communication Studies,4969,94.2,79.7,3674,3500,3739,3500,3200,4200,3739,3500,3200,4200
2022,Nanyang Technological University,"College of Humanities, Arts & Social Sciences",Economics,4970,88.7,81.7,4187,4000,4270,4000,3600,4550,4270,4000,3600,4550
2022,Nanyang Technological University,"College of Humanities, Arts & Social Sciences",English,4971,94.9,77.2,3574,3500,3699,3748,3200,4200,3699,3748,3200,4200
2022,Nanyang Technological University,"College of Humanities, Arts & Social Sciences",History,4972,86.5,80.8,3819,3800,3966,4000,3500,4250,3966,4000,3500,4250
2022,Nanyang Technological University,"College of Humanities, Arts & Social Sciences",Inter-Disciplinary Double Major8,4973,87.9,66.7,4135,4200,4258,4271,3650,4750,4258,4271,3650,4750
2022,Nanyang Technological University,"College of Humanities, Arts & Social Sciences",Linguistics and Multilingual Studies,4974,94.1,72.5,3452,3400,3513,3500,3150,3810,3513,3500,3150,3810
2022,Nanyang Technological University,"College of Humanities, Arts & Social Sciences",Philosophy ^,4975,78.3,69.6,3476,3300,3515,3450,3000,3700,3515,3450,3000,3700
2022,Nanyang Technological University,"College of Humanities, Arts & Social Sciences",Psychology,4976,79.8,69.7,3688,3635,3743,3668,3300,4015,3743,3668,3300,4015
2022,Nanyang Technological University,"College of Humanities, Arts & Social Sciences",Public Policy and Global Affairs,4977,97.9,95.7,4122,4088,4167,4123,3650,4500,4167,4123,3650,4500
2022,Nanyang Technological University,"College of Humanities, Arts & Social Sciences",Sociology,4978,92.9,87.1,3816,3789,3904,3800,3450,4200,3904,3800,3450,4200
2022,Nanyang Technological University,College of Science,Biological and Biomedical Sciences,4979,93.9,83.2,3688,3600,3808,3600,3400,4100,3808,3600,3400,4100
2022,Nanyang Technological University,College of Science,Biological Sciences and Psychology ^,4980,71.4,50,4057,3800,4264,4050,3700,4300,4264,4050,3700,4300
2022,Nanyang Technological University,College of Science,Biomedical Sciences and Chinese Medicine # ^,4981,100,90,3300,3100,3415,3175,3080,3300,3415,3175,3080,3300
2022,Nanyang Technological University,College of Science,Chemistry and Biological Chemistry,4982,90.8,84,3759,3600,3863,3700,3400,4200,3863,3700,3400,4200
2022,Nanyang Technological University,College of Science,Environmental Earth Systems Sciences ^,4983,100,88,4406,4008,4545,4023,3600,4959,4545,4023,3600,4959
2022,Nanyang Technological University,College of Science,Mathematical Sciences / Mathematical Sciences and Economics,4984,86.5,79.4,4352,4250,4436,4300,3799,4800,4436,4300,3799,4800
2022,Nanyang Technological University,College of Science,Physics and Applied Physics,4985,91.5,84.7,3917,4000,4067,4000,3683,4575,4067,4000,3683,4575
2022,Nanyang Technological University,National Institute of Education (NIE),Arts (with Education),4986,100,100,3684,4000,4025,4129,3750,4300,4025,4129,3750,4300
2022,Nanyang Technological University,National Institute of Education (NIE),Science (with Education) ^,4987,100,100,4106,4275,4211,4300,4000,4470,4211,4300,4000,4470
2022,Nanyang Technological University,National Institute of Education (NIE),Sports Science and Management,4988,100,74.4,3657,3350,3762,3350,3200,4266,3762,3350,3200,4266
2022,Nanyang Technological University,Lee Kong Chian School of Medicine,Medicine #,4989,100,100,4779,4700,5532,5600,5199,6000,5532,5600,5199,6000
2022,Singapore Management University,School of Accountancy (4-year programme) *,Accountancy,4990,98.1,96.1,4432,3800,4497,3825,3600,4600,4497,3825,3600,4600
2022,Singapore Management University,School of Accountancy (4-year programme) *,Accountancy (Cum Laude and above),4991,100,98,5040,4000,5097,4025,3600,5500,5097,4025,3600,5500
2022,Singapore Management University,School of Business (4-year programme) *,Business Management,4992,94.3,86.5,4744,4208,4937,4400,3700,5200,4937,4400,3700,5200
2022,Singapore Management University,School of Business (4-year programme) *,Business Management (Cum Laude and above),4993,97.4,93.1,5409,4600,5630,4800,4050,6084,5630,4800,4050,6084
2022,Singapore Management University,School of Economics (4-year programme) *,Economics,4994,97.2,89.9,4665,4500,4824,4500,4000,5200,4824,4500,4000,5200
2022,Singapore Management University,School of Economics (4-year programme) *,Economics (Cum Laude and above),4995,100,98.6,5021,4500,5169,4500,4091,5700,5169,4500,4091,5700
2022,Singapore Management University,School of Information Systems (4-year programme) *,Information Systems,4996,95.1,93.4,5333,5235,5472,5400,4700,6166,5472,5400,4700,6166
2022,Singapore Management University,School of Information Systems (4-year programme) *,Information Systems (Cum Laude and above),4997,96,94.4,5702,5500,5799,5638,4900,6500,5799,5638,4900,6500
2022,Singapore Management University,School of Social Sciences (4-year programme) *,Social Sciences,4998,91.4,83.3,4076,3843,4265,4000,3500,4600,4265,4000,3500,4600
2022,Singapore Management University,School of Social Sciences (4-year programme) *,Social Sciences (Cum Laude and above),4999,94.3,88.6,4351,4008,4576,4316,3795,4900,4576,4316,3795,4900
2022,Singapore Management University,School of Law (4-year programme) *,Law #,5000,94.1,91.1,6063,6000,6221,6375,5500,6800,6221,6375,5500,6800
2022,Singapore Management University,School of Law (4-year programme) *,Law (Cum Laude and above) #,5001,92.4,92.4,6226,6338,6429,6400,6000,7000,6429,6400,6000,7000
2022,Singapore University of Technology and Design,na,Bachelor of Engineering (Computer Science and Design),5002,91.2,86.8,5539,5000,5725,5190,4600,6600,5725,5190,4600,6600
2022,Singapore University of Technology and Design,na,Bachelor of Engineering (Engineering Product Development),5003,94.9,92.3,4266,4150,4408,4200,3900,5000,4408,4200,3900,5000
2022,Singapore University of Technology and Design,na,Bachelor of Engineering (Engineering Systems and Design),5004,89.5,86,4929,4500,5046,4500,4000,5300,5046,4500,4000,5300
2022,Singapore University of Technology and Design,na,Bachelor of Science (Architecture and Sustainable Design) ###,5005,90.6,84.9,4281,4100,4335,4100,3900,4500,4335,4100,3900,4500
2022,Singapore University of Social Sciences,S R Nathan School of Human Development,Bachelor of Early Childhood Education,5006,88.1,79.7,3090,3100,3188,3200,3000,3338,3188,3200,3000,3338
2022,Singapore University of Social Sciences,S R Nathan School of Human Development,Bachelor of Human Resource Management,5007,93.8,75,3749,3525,3874,3588,3250,4000,3874,3588,3250,4000
2022,Singapore University of Social Sciences,S R Nathan School of Human Development,Bachelor of Social Work,5008,91.9,80.6,3529,3640,3536,3640,3500,3640,3536,3640,3500,3640
2022,Singapore University of Social Sciences,School of Business,Bachelor of Accountancy,5009,96.4,94.6,3576,3600,3635,3600,3500,3663,3635,3600,3500,3663
2022,Singapore University of Social Sciences,School of Business,Bachelor of Science in Business Analytics,5010,93,86,4432,4500,4540,4660,4000,5000,4540,4660,4000,5000
2022,Singapore University of Social Sciences,School of Business,Bachelor of Science in Finance,5011,97.2,86.1,4149,4000,4483,4000,3800,5250,4483,4000,3800,5250
2022,Singapore University of Social Sciences,School of Business,Bachelor of Science in Marketing,5012,87.2,75.6,3664,3500,3827,3600,3220,4100,3827,3600,3220,4100
2022,Singapore University of Social Sciences,School of Business,Bachelor of Science in Supply Chain Management,5013,98.4,90.6,3629,3500,3702,3500,3300,3900,3702,3500,3300,3900
2022,Singapore University of Social Sciences,School of Law,Bachelor of Law **,5014,na,na,na,na,na,na,na,na,na,na,na,na
2022,Singapore Institute of Technology,DigiPen Institute of Technology,Bachelor of Arts in Game Design ^,5015,67.9,60.7,3847.352941,3500,3883.823529,3600,3400,4250,3883.823529,3600,3400,4250
2022,Singapore Institute of Technology,DigiPen Institute of Technology,Bachelor of Fine Arts in Digital Art and Animation,5016,77.1,54.3,3605.789474,3500,3628.304211,3500,3000,3825,3628.304211,3500,3000,3825
2022,Singapore Institute of Technology,DigiPen Institute of Technology,Bachelor of Science in Computer Science and Game Design,5017,90.6,84.4,4592.846154,4375,4680.538462,4490,4250,5200,4680.538462,4490,4250,5200
2022,Singapore Institute of Technology,DigiPen Institute of Technology,Bachelor of Science in Computer Science in Real-Time Interactive Simulation,5018,100,95.6,5575.963095,5500,5678.963095,5500,4700,6656.25,5678.963095,5500,4700,6656.25
2022,Singapore Institute of Technology,Singapore Institute of Technology (SIT),Bachelor of Accountancy with Honours,5019,91.8,91.8,3811.572414,3600,3841.344483,3600,3600,4000,3841.344483,3600,3600,4000
2022,Singapore Institute of Technology,Singapore Institute of Technology (SIT),Bachelor of Engineering with Honours in Information & Communications Technology (Information Security),5020,98,96,4798.275,4800,4926.782083,4800,4215.5,5563.435,4926.782083,4800,4215.5,5563.435
2022,Singapore Institute of Technology,Singapore Institute of Technology (SIT),Bachelor of Engineering with Honours in Information & Communications Technology (Software Engineering),5021,98.1,98.1,5168.679804,5000,5313.326863,5200,4798,5900,5313.326863,5200,4798,5900
2022,Singapore Institute of Technology,Singapore Institute of Technology (SIT),Bachelor of Engineering with Honours in Aircraft Systems Engineering,5022,91.2,85.3,4102.172414,4400,4167.689655,4400,3000,4900,4167.689655,4400,3000,4900
2022,Singapore Institute of Technology,Singapore Institute of Technology (SIT),Bachelor of Engineering with Honours in Pharmaceutical Engineering,5023,96.6,91.5,3790.612115,3755,4084.869038,3955,3502.5,4300,4084.869038,3955,3502.5,4300
2022,Singapore Institute of Technology,Singapore Institute of Technology (SIT),Bachelor of Engineering with Honours in Sustainable Infrastructure Engineering (Building Services),5024,100,97.6,3819.25,3725,3879.45,3775,3585,4050,3879.45,3775,3585,4050
2022,Singapore Institute of Technology,Singapore Institute of Technology (SIT),Bachelor of Engineering with Honours in Sustainable Infrastructure Engineering (Land),5025,93.3,93.3,4114.998889,3700,4302.517407,4000,3700,4800,4302.517407,4000,3700,4800
2022,Singapore Institute of Technology,Singapore Institute of Technology (SIT),Bachelor of Engineering with Honours in Telematics (Intelligent Transportation Systems Engineering),5026,81.4,65.1,4340.776786,4500,4400.241071,4687.5,4032.5,4800,4400.241071,4687.5,4032.5,4800
2022,Singapore Institute of Technology,Singapore Institute of Technology (SIT),Bachelor of Hospitality Business with Honours,5027,95.5,90,3236.838384,3200,3468.686869,3300,3000,3740,3468.686869,3300,3000,3740
2022,Singapore Institute of Technology,Singapore Institute of Technology (SIT),Bachelor of Science (Air Transport Management),5028,90,80,3888.294194,3700,4159.150645,3980,3501,4365,4159.150645,3980,3501,4365
2022,Singapore Institute of Technology,Singapore Institute of Technology (SIT),Bachelor of Science (Diagnostic Radiography),5029,100,100,3558.162791,3500,3835.857674,3800,3650,3990,3835.857674,3800,3650,3990
2022,Singapore Institute of Technology,Singapore Institute of Technology (SIT),Bachelor of Science (Occupational Therapy),5030,97.1,95.7,3604.91791,3600,3630.268657,3668.5,3500,3800,3630.268657,3668.5,3500,3800
2022,Singapore Institute of Technology,Singapore Institute of Technology (SIT),Bachelor of Science (Radiation Therapy) ^,5031,90.9,90.9,3615.4,3600,3767.9,3775,3500,4060,3767.9,3775,3500,4060
2022,Singapore Institute of Technology,SIT- DigiPen Institute of Technology,Bachelor of Engineering with Honours in Systems Engineering (ElectroMechanical Systems),5032,92.7,92.7,4842.905405,4800,4912.635135,4800,4574,5500,4912.635135,4800,4574,5500
2022,Singapore Institute of Technology,SIT- Massey University,Bachelor of Food Technology with Honours,5033,93.2,81.8,3271.805556,3300,3380.138889,3300,3050,3600,3380.138889,3300,3050,3600
2022,Singapore Institute of Technology,SIT- Newcastle University,Bachelor of Engineering with Honours in Chemical Engineering,5034,79.7,70.3,3936.25,3900,4215.522727,4100,3785,4650,4215.522727,4100,3785,4650
2022,Singapore Institute of Technology,SIT- Newcastle University,Bachelor of Engineering with Honours in Electrical Power Engineering,5035,86.4,84.7,4103.58,4000,4179.98,4100,3700,4510,4179.98,4100,3700,4510
2022,Singapore Institute of Technology,SIT- Newcastle University,Bachelor of Engineering with Honours in Marine Engineering,5036,93.5,93.5,4069.310345,3800,4211.034483,3900,3750,4400,4211.034483,3900,3750,4400
2022,Singapore Institute of Technology,SIT- Newcastle University,Bachelor of Engineering with Honours in Mechanical Design and Manufacturing Engineering,5037,88.5,80.3,4084.244898,4000,4291.64898,4100,3710,4500,4291.64898,4100,3710,4500
2022,Singapore Institute of Technology,SIT- Newcastle University,Bachelor of Engineering with Honours in Naval Architecture ^,5038,100,100,4390,3900,4540,4000,3800,5650,4540,4000,3800,5650
2022,Singapore Institute of Technology,SIT- Newcastle University,Bachelor of Engineering with Honours in Offshore Engineering ^,5039,90.5,85.7,3555.555556,3500,3797.611111,3675,3500,3900,3797.611111,3675,3500,3900
2022,Singapore Institute of Technology,SIT-Trinity College Dublin,Bachelor in Science (Physiotherapy),5040,98.1,98.1,3638.99,3630,3697.075,3674.25,3500,3850,3697.075,3674.25,3500,3850
2022,Singapore Institute of Technology,SIT-University of Glasgow,Bachelor of Engineering with Honours in Aerospace Engineering,5041,74.3,62.9,4085.454545,3750,4371.636364,4200,3500,4400,4371.636364,4200,3500,4400
2022,Singapore Institute of Technology,SIT-University of Glasgow,Bachelor of Engineering with Honours in Civil Engineering,5042,90.1,87.3,3932.42623,3800,4005.885246,3800,3700,4300,4005.885246,3800,3700,4300
2022,Singapore Institute of Technology,SIT-University of Glasgow,Bachelor of Engineering with Honours in Mechanical Engineering,5043,82.9,77.6,4070.236842,3900,4236.473684,4000,3800,4500,4236.473684,4000,3800,4500
2022,Singapore Institute of Technology,SIT-University of Glasgow,Bachelor of Science with Honours in Computing Science,5044,91.2,86.8,4979.817069,5000,5113.31719,5000,4800,5500,5113.31719,5000,4800,5500
2022,Singapore Institute of Technology,SIT-University of Glasgow,Bachelor of Science with Honours in Nursing,5045,98.6,88.4,3511.114754,3458,3796.516393,3800,3500,4100,3796.516393,3800,3500,4100
2022,Singapore Institute of Technology,Technische Universität München,Bachelor of Science in Chemical Engineering,5046,94.1,85.3,3704.482759,3600,4002.482759,3950,3600,4300,4002.482759,3950,3600,4300
2022,Singapore Institute of Technology,Technische Universität München,Bachelor of Science in Electrical Engineering & Information Technology ^,5047,95,85,4522.2,4200,4605.533333,4280,4000,4800,4605.533333,4280,4000,4800
2022,Singapore Institute of Technology,The Culinary Institute of America,Bachelor of Business Administration in Food Business Management ^,5048,89.5,78.9,2609,2450,2969,3050,2300,3500,2969,3050,2300,3500
2022,Singapore Institute of Technology,University of Liverpool,Bachelor of Arts with Honours in Criminology and Security,5049,90.5,85.7,4277.888889,4050,4533.247222,4560.835,4000,5293,4533.247222,4560.835,4000,5293
2012,Nanyang Technological University,College of Business (Nanyang Business School),Accountancy and Business,5050,97.4,96.1,285,320,372.7,335,290,400,372.7,335,290,400
2012,Nanyang Technological University,College of Business (Nanyang Business School),Accountancy (3-yr direct Honours Programme),5051,97.1,95.7,285,270,293.8,270,270,290,293.8,270,270,290
2012,Nanyang Technological University,College of Business (Nanyang Business School),Business (3-yr direct Honours Programme),5052,90.9,85.7,305.3,300,321.4,300,270,350,321.4,300,270,350
2012,Nanyang Technological University,College of Business (Nanyang Business School),Business and Computing,5053,87.5,87.5,355.7,340,361.5,340,300,410,361.5,340,300,410
2012,Nanyang Technological University,College of Engineering,Aerospace Engineering,5054,95.3,95.3,349.4,350,353.6,350,310,381.6,353.6,350,310,381.6
2012,Nanyang Technological University,College of Engineering,Bioengineering,5055,81.3,68.8,295.2,290,316.6,312.5,289.3,336.5,316.6,312.5,289.3,336.5
2012,Nanyang Technological University,College of Engineering,Chemical and Biomolecular Engineering,5056,87.3,85.1,323.5,300,337.7,320,300,380,337.7,320,300,380
2012,Nanyang Technological University,College of Engineering,Computer Engineering,5057,90.3,88.2,332.6,310,337.4,317.5,300,360,337.4,317.5,300,360
2012,Nanyang Technological University,College of Engineering,Civil Engineering,5058,94.8,93.8,309.1,300,318.2,310,300,338,318.2,310,300,338
2012,Nanyang Technological University,College of Engineering,Computer Science,5059,92.1,88.5,324.9,300,330.6,312.5,300,360,330.6,312.5,300,360
2012,Nanyang Technological University,College of Engineering,Electrical and Electronic Engineering,5060,91,88.7,313.3,300,318.7,310,300,344,318.7,310,300,344
2012,Nanyang Technological University,College of Engineering,Environmental Engineering,5061,84,81.5,309.1,300,314,300,300,330,314,300,300,330
2012,Nanyang Technological University,College of Engineering,Information Engineering and Media,5062,85.7,79.6,316,315,320.3,320,295,340,320.3,320,295,340
2012,Nanyang Technological University,College of Engineering,Materials Engineering,5063,82.5,78.9,298.9,300,309.6,300,280,330,309.6,300,280,330
2012,Nanyang Technological University,College of Engineering,Mechanical Engineering,5064,91.6,89.5,312.5,300,322.6,310,300,350,322.6,310,300,350
2012,Nanyang Technological University,College of Engineering,Maritime Studies,5065,95.6,93.3,305,300,311.1,300,285,320,311.1,300,285,320
2012,Nanyang Technological University,"College of Humanities, Arts & Social Sciences","Art, Design & Media",5066,81.6,61.4,263.9,250,263.8,250,230,290,263.8,250,230,290
2012,Nanyang Technological University,"College of Humanities, Arts & Social Sciences",Chinese,5067,85.1,80.5,281.8,280,292.4,300,260,330,292.4,300,260,330
2012,Nanyang Technological University,"College of Humanities, Arts & Social Sciences",Communication Studies,5068,89.4,79.6,289.3,293,295.6,300,270,325,295.6,300,270,325
2012,Nanyang Technological University,"College of Humanities, Arts & Social Sciences",Economics,5069,89.9,83.5,308.5,300,314.8,300,280,354.5,314.8,300,280,354.5
2012,Nanyang Technological University,"College of Humanities, Arts & Social Sciences",English,5070,82.7,67.3,308.7,300,317.9,310,280,340,317.9,310,280,340
2012,Nanyang Technological University,"College of Humanities, Arts & Social Sciences",Linguistics and Multilingual Studies,5071,90.6,81.3,269.1,260,272.5,262.5,247.5,301.8,272.5,262.5,247.5,301.8
2012,Nanyang Technological University,"College of Humanities, Arts & Social Sciences",Psychology,5072,82.4,71.8,300.7,300,306.1,300,275,325.5,306.1,300,275,325.5
2012,Nanyang Technological University,"College of Humanities, Arts & Social Sciences",Sociology,5073,74.4,55.8,298,300,308.2,310,280,331,308.2,310,280,331
2012,Nanyang Technological University,College of Sciences,Biomedical Sciences **,5074,na,na,na,na,na,na,na,na,na,na,na,na
2012,Nanyang Technological University,College of Sciences,Biomedical Sciences (Traditional Chinese Medicine) #,5075,90.7,88.4,284,280,288.3,280.7,270,300,288.3,280.7,270,300
2012,Nanyang Technological University,College of Sciences,Biological Sciences,5076,78.6,68.1,288.1,290,300.2,300,270,325,300.2,300,270,325
2012,Nanyang Technological University,College of Sciences,Chemistry & Biological Chemistry,5077,79.8,68.9,299.3,300,308.3,310,280,340,308.3,310,280,340
2012,Nanyang Technological University,College of Sciences,Mathematics & Economics **,5078,na,na,na,na,na,na,na,na,na,na,na,na
2012,Nanyang Technological University,College of Sciences,Mathematical Science,5079,86,83.7,316.9,300,326.2,300,275,350,326.2,300,275,350
2012,Nanyang Technological University,College of Sciences,Physics / Applied Physics,5080,80.8,69.2,316.4,300,320.8,330,290,340,320.8,330,290,340
2012,Nanyang Technological University,College of Sciences,Sports Science and Management,5081,68.2,59.1,296.8,300,298.5,300,270,340,298.5,300,270,340
2012,Nanyang Technological University,National Institute of Education (NIE),Science (with Education),5082,100,100,337.7,340,347.8,349.8,330,380,347.8,349.8,330,380
2012,Nanyang Technological University,National Institute of Education (NIE),Arts (with Education),5083,100,100,341.3,342.6,350.6,349.8,340,357.5,350.6,349.8,340,357.5
2012,National University of Singapore,Faculty of Arts & Social Sciences,Bachelor of Arts,5084,84.8,70.1,274.1,273,288.8,280,250,308,288.8,280,250,308
2012,National University of Singapore,Faculty of Arts & Social Sciences,Bachelor of Arts (Hons),5085,86.6,74.6,305.7,320,315.4,320,280,350,315.4,320,280,350
2012,National University of Singapore,Faculty of Arts & Social Sciences,Bachelor of Social Sciences,5086,88.1,76.8,309.8,310,321,320,280,350,321,320,280,350
2012,National University of Singapore,NUS Business School,Bachelor of Business Administration,5087,88.7,81.7,296,286.8,306.2,300,270,337,306.2,300,270,337
2012,National University of Singapore,NUS Business School,Bachelor of Business Administration (Hons),5088,94.6,90.3,340.4,305,351.2,320,280,380,351.2,320,280,380
2012,National University of Singapore,NUS Business School,Bachelor of Business Administration (Accountancy),5089,93.3,88.9,274,270,292.2,270,270,301.8,292.2,270,270,301.8
2012,National University of Singapore,NUS Business School,Bachelor of Business Administration (Accountancy) (Hons),5090,97.2,94.4,306.5,280,314.3,280,270,320,314.3,280,270,320
2012,National University of Singapore,School of Computing,Bachelor of Computing (Communications and Media),5091,88.9,77.8,335,300,337.7,305,282.5,342.5,337.7,305,282.5,342.5
2012,National University of Singapore,School of Computing,Bachelor of Computing (Computational Biology) **,5092,na,na,na,na,na,na,na,na,na,na,na,na
2012,National University of Singapore,School of Computing,Bachelor of Computing (Computer Engineering) **,5093,na,na,na,na,na,na,na,na,na,na,na,na
2012,National University of Singapore,School of Computing,Bachelor of Computing (Computer Science),5094,92.4,83.3,393.3,340,395.3,342.5,300,400,395.3,342.5,300,400
2012,National University of Singapore,School of Computing,Bachelor of Computing (Electronic Commerce),5095,88.9,83.3,327.7,305,332,308,280,355.3,332,308,280,355.3
2012,Nanyang Technological University,College of Engineering,Aerospace Engineering,5096,84.6,82.7,371.5,370,391.1,377,330,407,391.1,377,330,407
2012,National University of Singapore,School of Computing,Bachelor of Computing (Information Systems),5097,89.2,83.9,326.6,300,332.2,300.5,300,380,332.2,300.5,300,380
2012,National University of Singapore,Faculty of Dentistry,Bachelor of Dental Surgery,5098,100,100,410.6,400,410.6,400,400,440,410.6,400,400,440
2012,National University of Singapore,School of Design & Environment,Bachelor of Arts (Architecture) ** #,5099,na,na,na,na,na,na,na,na,na,na,na,na
2012,National University of Singapore,School of Design & Environment,Bachelor of Arts (Industrial Design),5100,82.1,53.6,300.7,265,302.3,265,240,300,302.3,265,240,300
2012,National University of Singapore,School of Design & Environment,Bachelor of Science (Project and Facilities Management),5101,96.8,96.8,296.1,298,302.5,300,280,320,302.5,300,280,320
2012,National University of Singapore,School of Design & Environment,Bachelor of Science (Real Estate),5102,89.2,89.2,283.9,280,298.8,290,260,317.9,298.8,290,260,317.9
2012,National University of Singapore,Faculty of Engineering,Bachelor of Engineering (Bioengineering),5103,74,60,282.3,300,306.8,300,272,325,306.8,300,272,325
2012,National University of Singapore,Faculty of Engineering,Bachelor of Engineering (Chemical Engineering),5104,93.2,90,324.5,300,335.9,317.5,300,364.4,335.9,317.5,300,364.4
2012,National University of Singapore,Faculty of Engineering,Bachelor of Engineering (Civil Engineering),5105,96.1,94.1,314,300,315.4,305,300,330,315.4,305,300,330
2012,National University of Singapore,Faculty of Engineering,Bachelor of Engineering (Computer Engineering),5106,88.9,85.6,359.2,320,365.3,320,300,397,365.3,320,300,397
2012,National University of Singapore,Faculty of Engineering,Bachelor of Engineering (Electrical Engineering),5107,88.5,88,328.6,310,333.4,320,300,360,333.4,320,300,360
2012,National University of Singapore,Faculty of Engineering,Bachelor of Engineering (Engineering Science),5108,86.2,75.9,294,300,296,300,280,315,296,300,280,315
2012,National University of Singapore,Faculty of Engineering,Bachelor of Engineering (Environmental Engineering),5109,93.8,87.5,315.3,310,320.8,311,300,350,320.8,311,300,350
2012,National University of Singapore,Faculty of Engineering,Bachelor of Engineering (Industrial and Systems Engineering),5110,93.9,92.4,333,320,339.7,320,300,380,339.7,320,300,380
2012,National University of Singapore,Faculty of Engineering,Bachelor of Engineering (Materials Science and Engineering),5111,90.9,87.9,303.6,300,316.9,300,300,326,316.9,300,300,326
2012,National University of Singapore,Faculty of Engineering,Bachelor of Engineering (Mechanical Engineering),5112,89.1,87.2,315.5,300,331.9,322.5,300,350,331.9,322.5,300,350
2012,National University of Singapore,Faculty of Law,Bachelor of Laws (LLB) (Hons) #,5113,98.8,98.2,492.2,480,509.9,500,450,580,509.9,500,450,580
2012,National University of Singapore,YLL School of Medicine,Bachelor of Medicine and Bachelor of Surgery (MBBS) #,5114,100,100,440.6,450,474.1,450,450,520,474.1,450,450,520
2012,National University of Singapore,YLL School of Medicine,Bachelor of Science (Nursing),5115,97.5,97.5,268.7,275,288.6,295,270,305,288.6,295,270,305
2012,National University of Singapore,YLL School of Medicine,Bachelor of Science (Nursing) (Hons),5116,100,100,289.6,300,304.2,302.5,300,320,304.2,302.5,300,320
2012,National University of Singapore,Yong Siew Toh Conservatory of Music,Bachelor of Music **,5117,na,na,na,na,na,na,na,na,na,na,na,na
2012,National University of Singapore,Faculty of Science,Bachelor of Applied Science **,5118,na,na,na,na,na,na,na,na,na,na,na,na
2012,National University of Singapore,Faculty of Science,Bachelor of Applied Science (Hons),5119,97.3,97.3,285,275,292.5,290,260,325.5,292.5,290,260,325.5
2012,National University of Singapore,Faculty of Science,Bachelor of Science,5120,80.9,65.1,272.6,270,280.4,280,260,300,280.4,280,260,300
2012,National University of Singapore,Faculty of Science,Bachelor of Science (Hons),5121,83.6,74,310.1,300,321.7,310,286.8,350,321.7,310,286.8,350
2012,National University of Singapore,Faculty of Science,Bachelor of Science (Computational Biology) **,5122,na,na,na,na,na,na,na,na,na,na,na,na
2012,National University of Singapore,Faculty of Science,Bachelor of Science (Pharmacy) (Hons) #,5123,96.4,96.4,347.3,350,354,350,335,375,354,350,335,375
2012,Singapore Management University,School of Accountancy (4-year programme) *,Accountancy (4-years programme),5124,94.2,93.2,323.1,280,334.2,282.5,270,343,334.2,282.5,270,343
2012,Singapore Management University,School of Accountancy (4-year programme) *,Accountancy (4-years programme) Cum Laude and above,5125,95.2,95.2,358,290,363.4,300,270,375,363.4,300,270,375
2012,Singapore Management University,School of Business (4-year programme) *,Business Management (4-years programme),5126,93.2,87.3,334.4,300,352,320,280,375,352,320,280,375
2012,Singapore Management University,School of Business (4-year programme) *,Business Management (4-years programme) Cum Laude and above,5127,95.9,93.8,382.5,350,397.5,358,300,410,397.5,358,300,410
2012,Singapore Management University,School of Economics (4-year programme) *,Economics (4-years programme),5128,90.6,88.6,338.9,320,351.3,333.9,300,380,351.3,333.9,300,380
2012,Singapore Management University,School of Economics (4-year programme) *,Economics (4-years programme) Cum Laude and above,5129,94,94,373.1,350,382,360,325,400,382,360,325,400
2012,Singapore Management University,School of Information Systems (4-year programme) *,Information Systems Management (4-years programme),5130,93.6,89.5,338.9,330,346.8,330,300,380,346.8,330,300,380
2012,Singapore Management University,School of Information Systems (4-year programme) *,Information Systems Management (4-years programme) Cum Laude and above,5131,100,90.9,378.6,372.5,386.2,380,350,400,386.2,380,350,400
2012,Singapore Management University,School of Social Sciences (4-year programme) *,Social Sciences (4-years programme),5132,86.5,79.8,312.2,300,315,300,260,332,315,300,260,332
2012,Singapore Management University,School of Social Sciences (4-year programme) *,Social Sciences (4-years programme) Cum Laude and above,5133,87.5,83.3,325.1,320,326.7,320,280,378.1,326.7,320,280,378.1
2012,Singapore Management University,School of Law (4-year programme) *,Law (4-years programme) #,5134,100,100,502.3,480,524.6,500,450,600,524.6,500,450,600
2012,Singapore Management University,School of Law (4-year programme) *,Law (4-years programme) Cum Laude and above #,5135,100,100,532.9,500,561.7,554.7,475,640,561.7,554.7,475,640
